[2025-11-08T05:17:18.185Z] [INFO] Starting SPD Milestones REST Microservice | {"port":4000,"environment":"production","mongoUri":"mongodb://mongo:27017/spd","monitoringInterval":"60 minutes","graphqlPath":"/graphql","mode":"REST Microservice"}
[2025-11-08T05:17:19.856Z] [INFO] MongoDB connected successfully | {"uri":"mongodb://mongo:27017/spd"}
[2025-11-08T05:17:20.021Z] [INFO] 🚀 SPD REST Microservice started | {"port":4000,"environment":"production","apiUrl":"http://localhost:4000","mode":"REST Only"}
[2025-11-08T05:17:20.023Z] [INFO] Starting project monitoring | {"intervalMinutes":60}
[2025-11-08T05:17:20.073Z] [INFO] Project monitoring scheduler started | {"checkInterval":"60 minutes"}
[2025-11-08T05:17:21.534Z] [WARN] Critical project detected | {"projectId":"690e0e63f9b30a3fa0885833","projectName":"Website Redesign","status":"critical","issues":["Project is 132 days overdue"],"overdueMilestones":0,"totalMilestones":0,"completionRate":0,"daysOverdue":132}
[2025-11-08T05:17:21.599Z] [WARN] Critical project detected | {"projectId":"690e0e63f9b30a3fa0885834","projectName":"Mobile App Development","status":"critical","issues":["Project is 86 days overdue"],"overdueMilestones":0,"totalMilestones":0,"completionRate":0,"daysOverdue":86}
[2025-11-08T05:17:21.663Z] [WARN] Critical project detected | {"projectId":"690e0e63f9b30a3fa0885835","projectName":"Database Migration","status":"critical","issues":["Project is 162 days overdue"],"overdueMilestones":0,"totalMilestones":0,"completionRate":0,"daysOverdue":162}
[2025-11-08T05:17:21.664Z] [INFO] Monitoring report generated | {"totalProjects":4,"critical":3,"warning":0,"healthy":1}
[2025-11-08T05:17:21.667Z] [ERROR] Critical projects detected! | {"count":3,"projects":[{"name":"Website Redesign","issues":["Project is 132 days overdue"]},{"name":"Mobile App Development","issues":["Project is 86 days overdue"]},{"name":"Database Migration","issues":["Project is 162 days overdue"]}]}
[2025-11-08T05:17:29.562Z] [INFO] HTTP GET /health | {"method":"GET","url":"/health"}
[2025-11-08T05:17:29.661Z] [INFO] HTTP GET /health | {"method":"GET","url":"/health","statusCode":200,"duration":"112ms"}
[2025-11-08T05:18:03.122Z] [INFO] HTTP GET /health | {"method":"GET","url":"/health"}
[2025-11-08T05:18:03.137Z] [INFO] HTTP GET /health | {"method":"GET","url":"/health","statusCode":200,"duration":"16ms"}
[2025-11-08T05:18:34.153Z] [INFO] HTTP GET /health | {"method":"GET","url":"/health"}
[2025-11-08T05:18:34.168Z] [INFO] HTTP GET /health | {"method":"GET","url":"/health","statusCode":200,"duration":"16ms"}
[2025-11-08T05:19:07.922Z] [INFO] HTTP GET /health | {"method":"GET","url":"/health"}
[2025-11-08T05:19:07.940Z] [INFO] HTTP GET /health | {"method":"GET","url":"/health","statusCode":200,"duration":"64ms"}
[2025-11-08T05:19:42.024Z] [INFO] HTTP GET /health | {"method":"GET","url":"/health"}
[2025-11-08T05:19:42.027Z] [INFO] HTTP GET /health | {"method":"GET","url":"/health","statusCode":200,"duration":"14ms"}
[2025-11-08T05:20:14.465Z] [INFO] HTTP GET /health | {"method":"GET","url":"/health"}
[2025-11-08T05:20:14.514Z] [INFO] HTTP GET /health | {"method":"GET","url":"/health","statusCode":200,"duration":"38ms"}
[2025-11-08T05:20:34.492Z] [INFO] HTTP GET /health | {"method":"GET","url":"/health"}
[2025-11-08T05:20:34.542Z] [INFO] HTTP GET /health | {"method":"GET","url":"/health","statusCode":200,"duration":"63ms"}
[2025-11-08T05:20:47.072Z] [INFO] HTTP GET /health | {"method":"GET","url":"/health"}
[2025-11-08T05:20:47.075Z] [INFO] HTTP GET /health | {"method":"GET","url":"/health","statusCode":200,"duration":"7ms"}
[2025-11-08T05:21:09.955Z] [INFO] HTTP GET /health | {"method":"GET","url":"/health"}
[2025-11-08T05:21:09.984Z] [INFO] HTTP GET /health | {"method":"GET","url":"/health","statusCode":200,"duration":"31ms"}
[2025-11-08T05:21:19.055Z] [INFO] HTTP GET /health | {"method":"GET","url":"/health"}
[2025-11-08T05:21:19.071Z] [INFO] HTTP GET /health | {"method":"GET","url":"/health","statusCode":200,"duration":"17ms"}
[2025-11-08T05:21:41.681Z] [INFO] HTTP GET /health | {"method":"GET","url":"/health"}
[2025-11-08T05:21:41.785Z] [INFO] HTTP GET /health | {"method":"GET","url":"/health","statusCode":200,"duration":"83ms"}
[2025-11-08T05:21:55.044Z] [INFO] HTTP GET /health | {"method":"GET","url":"/health"}
[2025-11-08T05:21:55.059Z] [INFO] HTTP GET /health | {"method":"GET","url":"/health","statusCode":200,"duration":"17ms"}
[2025-11-08T05:22:13.209Z] [INFO] HTTP GET /health | {"method":"GET","url":"/health"}
[2025-11-08T05:22:13.226Z] [INFO] HTTP GET /health | {"method":"GET","url":"/health","statusCode":200,"duration":"16ms"}
[2025-11-08T05:22:27.219Z] [INFO] HTTP GET /health | {"method":"GET","url":"/health"}
[2025-11-08T05:22:27.234Z] [INFO] HTTP GET /health | {"method":"GET","url":"/health","statusCode":200,"duration":"15ms"}
[2025-11-08T05:22:44.931Z] [INFO] HTTP GET /health | {"method":"GET","url":"/health"}
[2025-11-08T05:22:44.934Z] [INFO] HTTP GET /health | {"method":"GET","url":"/health","statusCode":200,"duration":"14ms"}
[2025-11-08T05:22:59.124Z] [INFO] HTTP GET /health | {"method":"GET","url":"/health"}
[2025-11-08T05:22:59.126Z] [INFO] HTTP GET /health | {"method":"GET","url":"/health","statusCode":200,"duration":"2ms"}
[2025-11-08T05:23:16.372Z] [INFO] HTTP GET /health | {"method":"GET","url":"/health"}
[2025-11-08T05:23:16.375Z] [INFO] HTTP GET /health | {"method":"GET","url":"/health","statusCode":200,"duration":"3ms"}
[2025-11-08T05:23:36.372Z] [INFO] HTTP GET /health | {"method":"GET","url":"/health"}
[2025-11-08T05:23:36.404Z] [INFO] HTTP GET /health | {"method":"GET","url":"/health","statusCode":200,"duration":"32ms"}
[2025-11-08T05:23:49.251Z] [INFO] HTTP GET /health | {"method":"GET","url":"/health"}
[2025-11-08T05:23:49.265Z] [INFO] HTTP GET /health | {"method":"GET","url":"/health","statusCode":200,"duration":"14ms"}
[2025-11-08T05:24:12.824Z] [INFO] HTTP GET /health | {"method":"GET","url":"/health"}
[2025-11-08T05:24:12.838Z] [INFO] HTTP GET /health | {"method":"GET","url":"/health","statusCode":200,"duration":"15ms"}
[2025-11-08T05:24:20.881Z] [INFO] HTTP GET /health | {"method":"GET","url":"/health"}
[2025-11-08T05:24:20.895Z] [INFO] HTTP GET /health | {"method":"GET","url":"/health","statusCode":200,"duration":"15ms"}
[2025-11-08T05:24:45.107Z] [INFO] HTTP GET /health | {"method":"GET","url":"/health"}
[2025-11-08T05:24:45.118Z] [INFO] HTTP GET /health | {"method":"GET","url":"/health","statusCode":200,"duration":"12ms"}
[2025-11-08T05:24:52.493Z] [INFO] HTTP GET /health | {"method":"GET","url":"/health"}
[2025-11-08T05:24:52.495Z] [INFO] HTTP GET /health | {"method":"GET","url":"/health","statusCode":200,"duration":"15ms"}
[2025-11-08T05:25:17.362Z] [INFO] HTTP GET /health | {"method":"GET","url":"/health"}
[2025-11-08T05:25:17.365Z] [INFO] HTTP GET /health | {"method":"GET","url":"/health","statusCode":200,"duration":"4ms"}
[2025-11-08T05:25:24.536Z] [INFO] HTTP GET /health | {"method":"GET","url":"/health"}
[2025-11-08T05:25:24.546Z] [INFO] HTTP GET /health | {"method":"GET","url":"/health","statusCode":200,"duration":"10ms"}
[2025-11-08T05:25:48.506Z] [INFO] HTTP GET /health | {"method":"GET","url":"/health"}
[2025-11-08T05:25:48.519Z] [INFO] HTTP GET /health | {"method":"GET","url":"/health","statusCode":200,"duration":"15ms"}
[2025-11-08T05:25:57.196Z] [INFO] HTTP GET /health | {"method":"GET","url":"/health"}
[2025-11-08T05:25:57.210Z] [INFO] HTTP GET /health | {"method":"GET","url":"/health","statusCode":200,"duration":"14ms"}
[2025-11-08T05:26:20.246Z] [INFO] HTTP GET /health | {"method":"GET","url":"/health"}
[2025-11-08T05:26:20.248Z] [INFO] HTTP GET /health | {"method":"GET","url":"/health","statusCode":200,"duration":"3ms"}
[2025-11-08T05:26:32.689Z] [INFO] HTTP GET /health | {"method":"GET","url":"/health"}
[2025-11-08T05:26:32.691Z] [INFO] HTTP GET /health | {"method":"GET","url":"/health","statusCode":200,"duration":"3ms"}
[2025-11-08T05:26:55.933Z] [INFO] HTTP GET /health | {"method":"GET","url":"/health"}
[2025-11-08T05:26:55.936Z] [INFO] HTTP GET /health | {"method":"GET","url":"/health","statusCode":200,"duration":"16ms"}
[2025-11-08T05:27:08.409Z] [INFO] HTTP GET /health | {"method":"GET","url":"/health"}
[2025-11-08T05:27:08.423Z] [INFO] HTTP GET /health | {"method":"GET","url":"/health","statusCode":200,"duration":"14ms"}
[2025-11-08T05:27:30.410Z] [INFO] HTTP GET /health | {"method":"GET","url":"/health"}
[2025-11-08T05:27:30.412Z] [INFO] HTTP GET /health | {"method":"GET","url":"/health","statusCode":200,"duration":"14ms"}
[2025-11-08T05:27:50.938Z] [INFO] HTTP GET /health | {"method":"GET","url":"/health"}
[2025-11-08T05:27:51.069Z] [INFO] HTTP GET /health | {"method":"GET","url":"/health","statusCode":200,"duration":"145ms"}
[2025-11-08T05:28:03.868Z] [INFO] HTTP GET /health | {"method":"GET","url":"/health"}
[2025-11-08T05:28:03.881Z] [INFO] HTTP GET /health | {"method":"GET","url":"/health","statusCode":200,"duration":"13ms"}
[2025-11-08T05:28:53.683Z] [INFO] HTTP GET /health | {"method":"GET","url":"/health"}
[2025-11-08T05:28:53.714Z] [INFO] HTTP GET /health | {"method":"GET","url":"/health","statusCode":200,"duration":"30ms"}
[2025-11-08T05:28:56.611Z] [INFO] HTTP GET /health | {"method":"GET","url":"/health"}
[2025-11-08T05:28:56.625Z] [INFO] HTTP GET /health | {"method":"GET","url":"/health","statusCode":200,"duration":"2ms"}
[2025-11-08T05:29:36.745Z] [INFO] HTTP GET /health | {"method":"GET","url":"/health"}
[2025-11-08T05:29:38.976Z] [INFO] HTTP GET /health | {"method":"GET","url":"/health","statusCode":200,"duration":"17ms"}
[2025-11-08T05:29:47.372Z] [INFO] HTTP GET /health | {"method":"GET","url":"/health"}
[2025-11-08T05:29:47.377Z] [INFO] HTTP GET /health | {"method":"GET","url":"/health","statusCode":200,"duration":"5ms"}
[2025-11-08T05:31:07.386Z] [INFO] HTTP GET /health | {"method":"GET","url":"/health"}
[2025-11-08T05:31:07.466Z] [INFO] HTTP GET /health | {"method":"GET","url":"/health","statusCode":200,"duration":"127ms"}
[2025-11-08T05:31:23.731Z] [INFO] HTTP GET /health | {"method":"GET","url":"/health"}
[2025-11-08T05:31:23.747Z] [INFO] HTTP GET /health | {"method":"GET","url":"/health","statusCode":200,"duration":"110ms"}
[2025-11-08T05:31:24.252Z] [INFO] HTTP GET /health | {"method":"GET","url":"/health"}
[2025-11-08T05:31:24.253Z] [INFO] HTTP GET /health | {"method":"GET","url":"/health","statusCode":200,"duration":"14ms"}
[2025-11-08T05:31:59.766Z] [INFO] HTTP GET /health | {"method":"GET","url":"/health"}
[2025-11-08T05:31:59.804Z] [INFO] HTTP GET /health | {"method":"GET","url":"/health","statusCode":200,"duration":"33ms"}
[2025-11-08T05:32:01.111Z] [INFO] HTTP GET /health | {"method":"GET","url":"/health"}
[2025-11-08T05:32:01.126Z] [INFO] HTTP GET /health | {"method":"GET","url":"/health","statusCode":200,"duration":"4ms"}
[2025-11-08T05:32:36.907Z] [INFO] HTTP GET /health | {"method":"GET","url":"/health"}
[2025-11-08T05:32:36.922Z] [INFO] HTTP GET /health | {"method":"GET","url":"/health","statusCode":200,"duration":"3ms"}
[2025-11-08T05:32:38.954Z] [INFO] HTTP GET /health | {"method":"GET","url":"/health"}
[2025-11-08T05:32:38.983Z] [INFO] HTTP GET /health | {"method":"GET","url":"/health","statusCode":200,"duration":"18ms"}
[2025-11-08T05:33:20.343Z] [INFO] HTTP GET /health | {"method":"GET","url":"/health"}
[2025-11-08T05:33:20.359Z] [INFO] HTTP GET /health | {"method":"GET","url":"/health","statusCode":200,"duration":"28ms"}
[2025-11-08T05:33:20.759Z] [INFO] HTTP GET /health | {"method":"GET","url":"/health"}
[2025-11-08T05:33:20.803Z] [INFO] HTTP GET /health | {"method":"GET","url":"/health","statusCode":200,"duration":"38ms"}
[2025-11-08T05:33:54.411Z] [INFO] HTTP GET /health | {"method":"GET","url":"/health"}
[2025-11-08T05:33:54.416Z] [INFO] HTTP GET /health | {"method":"GET","url":"/health","statusCode":200,"duration":"16ms"}
[2025-11-08T05:33:56.167Z] [INFO] HTTP GET /health | {"method":"GET","url":"/health"}
[2025-11-08T05:33:56.182Z] [INFO] HTTP GET /health | {"method":"GET","url":"/health","statusCode":200,"duration":"16ms"}
[2025-11-08T05:34:29.096Z] [INFO] HTTP GET /health | {"method":"GET","url":"/health"}
[2025-11-08T05:34:29.141Z] [INFO] HTTP GET /health | {"method":"GET","url":"/health","statusCode":200,"duration":"44ms"}
[2025-11-08T05:34:30.176Z] [INFO] HTTP GET /health | {"method":"GET","url":"/health"}
[2025-11-08T05:34:30.207Z] [INFO] HTTP GET /health | {"method":"GET","url":"/health","statusCode":200,"duration":"191ms"}
[2025-11-08T05:35:01.980Z] [INFO] HTTP GET /health | {"method":"GET","url":"/health"}
[2025-11-08T05:35:01.984Z] [INFO] HTTP GET /health | {"method":"GET","url":"/health","statusCode":200,"duration":"28ms"}
[2025-11-08T05:35:03.297Z] [INFO] HTTP GET /health | {"method":"GET","url":"/health"}
[2025-11-08T05:35:03.300Z] [INFO] HTTP GET /health | {"method":"GET","url":"/health","statusCode":200,"duration":"32ms"}
[2025-11-08T05:35:42.296Z] [INFO] HTTP GET /health | {"method":"GET","url":"/health"}
[2025-11-08T05:35:42.542Z] [INFO] HTTP GET /health | {"method":"GET","url":"/health","statusCode":200,"duration":"117ms"}
[2025-11-08T05:35:42.983Z] [INFO] HTTP GET /health | {"method":"GET","url":"/health"}
[2025-11-08T05:35:43.029Z] [INFO] HTTP GET /health | {"method":"GET","url":"/health","statusCode":200,"duration":"46ms"}
[2025-11-08T05:36:14.075Z] [INFO] HTTP GET /health | {"method":"GET","url":"/health"}
[2025-11-08T05:36:14.154Z] [INFO] HTTP GET /health | {"method":"GET","url":"/health","statusCode":200,"duration":"36ms"}
[2025-11-08T05:36:14.769Z] [INFO] HTTP GET /health | {"method":"GET","url":"/health"}
[2025-11-08T05:36:14.772Z] [INFO] HTTP GET /health | {"method":"GET","url":"/health","statusCode":200,"duration":"18ms"}
[2025-11-08T05:36:57.437Z] [INFO] HTTP GET /health | {"method":"GET","url":"/health"}
[2025-11-08T05:36:57.440Z] [INFO] HTTP GET /health | {"method":"GET","url":"/health","statusCode":200,"duration":"2ms"}
[2025-11-08T05:37:30.057Z] [INFO] HTTP GET /health | {"method":"GET","url":"/health"}
[2025-11-08T05:37:30.073Z] [INFO] HTTP GET /health | {"method":"GET","url":"/health","statusCode":200,"duration":"16ms"}
[2025-11-08T05:37:30.569Z] [INFO] HTTP GET /health | {"method":"GET","url":"/health"}
[2025-11-08T05:37:30.614Z] [INFO] HTTP GET /health | {"method":"GET","url":"/health","statusCode":200,"duration":"2ms"}
[2025-11-08T05:38:00.473Z] [INFO] HTTP GET /health | {"method":"GET","url":"/health"}
[2025-11-08T05:38:00.475Z] [INFO] HTTP GET /health | {"method":"GET","url":"/health","statusCode":200,"duration":"1ms"}
[2025-11-08T05:38:00.895Z] [INFO] HTTP GET /health | {"method":"GET","url":"/health"}
[2025-11-08T05:38:00.896Z] [INFO] HTTP GET /health | {"method":"GET","url":"/health","statusCode":200,"duration":"1ms"}
[2025-11-08T05:38:30.612Z] [INFO] HTTP GET /health | {"method":"GET","url":"/health"}
[2025-11-08T05:38:30.613Z] [INFO] HTTP GET /health | {"method":"GET","url":"/health","statusCode":200,"duration":"1ms"}
[2025-11-08T05:38:31.042Z] [INFO] HTTP GET /health | {"method":"GET","url":"/health"}
[2025-11-08T05:38:31.043Z] [INFO] HTTP GET /health | {"method":"GET","url":"/health","statusCode":200,"duration":"1ms"}
[2025-11-08T05:39:00.770Z] [INFO] HTTP GET /health | {"method":"GET","url":"/health"}
[2025-11-08T05:39:00.771Z] [INFO] HTTP GET /health | {"method":"GET","url":"/health","statusCode":200,"duration":"1ms"}
[2025-11-08T05:39:01.174Z] [INFO] HTTP GET /health | {"method":"GET","url":"/health"}
[2025-11-08T05:39:01.175Z] [INFO] HTTP GET /health | {"method":"GET","url":"/health","statusCode":200,"duration":"2ms"}
[2025-11-08T05:39:33.809Z] [INFO] HTTP GET /health | {"method":"GET","url":"/health"}
[2025-11-08T05:39:33.813Z] [INFO] HTTP GET /health | {"method":"GET","url":"/health","statusCode":200,"duration":"4ms"}
[2025-11-08T05:39:37.310Z] [INFO] HTTP GET /health | {"method":"GET","url":"/health"}
[2025-11-08T05:39:37.313Z] [INFO] HTTP GET /health | {"method":"GET","url":"/health","statusCode":200,"duration":"4ms"}
[2025-11-08T05:40:05.703Z] [INFO] HTTP GET /health | {"method":"GET","url":"/health"}
[2025-11-08T05:40:05.719Z] [INFO] HTTP GET /health | {"method":"GET","url":"/health","statusCode":200,"duration":"71ms"}
[2025-11-08T05:40:10.839Z] [INFO] HTTP GET /health | {"method":"GET","url":"/health"}
[2025-11-08T05:40:10.852Z] [INFO] HTTP GET /health | {"method":"GET","url":"/health","statusCode":200,"duration":"12ms"}
[2025-11-08T05:40:38.907Z] [INFO] HTTP GET /health | {"method":"GET","url":"/health"}
[2025-11-08T05:40:38.909Z] [INFO] HTTP GET /health | {"method":"GET","url":"/health","statusCode":200,"duration":"3ms"}
[2025-11-08T05:40:42.817Z] [INFO] HTTP GET /health | {"method":"GET","url":"/health"}
[2025-11-08T05:40:42.819Z] [INFO] HTTP GET /health | {"method":"GET","url":"/health","statusCode":200,"duration":"2ms"}
[2025-11-08T05:41:10.686Z] [INFO] HTTP GET /health | {"method":"GET","url":"/health"}
[2025-11-08T05:41:10.700Z] [INFO] HTTP GET /health | {"method":"GET","url":"/health","statusCode":200,"duration":"14ms"}
[2025-11-08T05:41:18.847Z] [INFO] HTTP GET /health | {"method":"GET","url":"/health"}
[2025-11-08T05:41:18.850Z] [INFO] HTTP GET /health | {"method":"GET","url":"/health","statusCode":200,"duration":"313ms"}
[2025-11-08T05:41:41.686Z] [INFO] HTTP GET /health | {"method":"GET","url":"/health"}
[2025-11-08T05:41:41.691Z] [INFO] HTTP GET /health | {"method":"GET","url":"/health","statusCode":200,"duration":"6ms"}
[2025-11-08T05:41:53.574Z] [INFO] HTTP GET /health | {"method":"GET","url":"/health"}
[2025-11-08T05:41:53.575Z] [INFO] HTTP GET /health | {"method":"GET","url":"/health","statusCode":200,"duration":"2ms"}
[2025-11-08T05:42:11.907Z] [INFO] HTTP GET /health | {"method":"GET","url":"/health"}
[2025-11-08T05:42:11.908Z] [INFO] HTTP GET /health | {"method":"GET","url":"/health","statusCode":200,"duration":"3ms"}
[2025-11-08T05:42:23.791Z] [INFO] HTTP GET /health | {"method":"GET","url":"/health"}
[2025-11-08T05:42:23.791Z] [INFO] HTTP GET /health | {"method":"GET","url":"/health","statusCode":200,"duration":"1ms"}
[2025-11-08T05:42:42.057Z] [INFO] HTTP GET /health | {"method":"GET","url":"/health"}
[2025-11-08T05:42:42.058Z] [INFO] HTTP GET /health | {"method":"GET","url":"/health","statusCode":200,"duration":"2ms"}
[2025-11-08T05:42:53.950Z] [INFO] HTTP GET /health | {"method":"GET","url":"/health"}
[2025-11-08T05:42:53.951Z] [INFO] HTTP GET /health | {"method":"GET","url":"/health","statusCode":200,"duration":"1ms"}
[2025-11-08T05:43:12.240Z] [INFO] HTTP GET /health | {"method":"GET","url":"/health"}
[2025-11-08T05:43:12.241Z] [INFO] HTTP GET /health | {"method":"GET","url":"/health","statusCode":200,"duration":"2ms"}
[2025-11-08T05:43:24.492Z] [INFO] HTTP GET /health | {"method":"GET","url":"/health"}
[2025-11-08T05:43:24.494Z] [INFO] HTTP GET /health | {"method":"GET","url":"/health","statusCode":200,"duration":"14ms"}
[2025-11-08T05:43:42.374Z] [INFO] HTTP GET /health | {"method":"GET","url":"/health"}
[2025-11-08T05:43:42.375Z] [INFO] HTTP GET /health | {"method":"GET","url":"/health","statusCode":200,"duration":"2ms"}
[2025-11-08T05:43:54.654Z] [INFO] HTTP GET /health | {"method":"GET","url":"/health"}
[2025-11-08T05:43:54.655Z] [INFO] HTTP GET /health | {"method":"GET","url":"/health","statusCode":200,"duration":"1ms"}
[2025-11-08T05:44:12.539Z] [INFO] HTTP GET /health | {"method":"GET","url":"/health"}
[2025-11-08T05:44:12.540Z] [INFO] HTTP GET /health | {"method":"GET","url":"/health","statusCode":200,"duration":"2ms"}
[2025-11-08T05:44:24.793Z] [INFO] HTTP GET /health | {"method":"GET","url":"/health"}
[2025-11-08T05:44:24.793Z] [INFO] HTTP GET /health | {"method":"GET","url":"/health","statusCode":200,"duration":"1ms"}
[2025-11-08T05:44:42.681Z] [INFO] HTTP GET /health | {"method":"GET","url":"/health"}
[2025-11-08T05:44:42.683Z] [INFO] HTTP GET /health | {"method":"GET","url":"/health","statusCode":200,"duration":"2ms"}
[2025-11-08T05:44:54.963Z] [INFO] HTTP GET /health | {"method":"GET","url":"/health"}
[2025-11-08T05:44:54.966Z] [INFO] HTTP GET /health | {"method":"GET","url":"/health","statusCode":200,"duration":"3ms"}
[2025-11-08T05:45:12.828Z] [INFO] HTTP GET /health | {"method":"GET","url":"/health"}
[2025-11-08T05:45:12.829Z] [INFO] HTTP GET /health | {"method":"GET","url":"/health","statusCode":200,"duration":"1ms"}
[2025-11-08T05:45:25.088Z] [INFO] HTTP GET /health | {"method":"GET","url":"/health"}
[2025-11-08T05:45:25.089Z] [INFO] HTTP GET /health | {"method":"GET","url":"/health","statusCode":200,"duration":"1ms"}
[2025-11-08T05:45:42.949Z] [INFO] HTTP GET /health | {"method":"GET","url":"/health"}
[2025-11-08T05:45:42.949Z] [INFO] HTTP GET /health | {"method":"GET","url":"/health","statusCode":200,"duration":"1ms"}
[2025-11-08T05:45:55.206Z] [INFO] HTTP GET /health | {"method":"GET","url":"/health"}
[2025-11-08T05:45:55.206Z] [INFO] HTTP GET /health | {"method":"GET","url":"/health","statusCode":200,"duration":"1ms"}
[2025-11-08T05:46:13.062Z] [INFO] HTTP GET /health | {"method":"GET","url":"/health"}
[2025-11-08T05:46:13.063Z] [INFO] HTTP GET /health | {"method":"GET","url":"/health","statusCode":200,"duration":"1ms"}
[2025-11-08T05:46:25.337Z] [INFO] HTTP GET /health | {"method":"GET","url":"/health"}
[2025-11-08T05:46:25.337Z] [INFO] HTTP GET /health | {"method":"GET","url":"/health","statusCode":200,"duration":"1ms"}
[2025-11-08T05:46:43.177Z] [INFO] HTTP GET /health | {"method":"GET","url":"/health"}
[2025-11-08T05:46:43.177Z] [INFO] HTTP GET /health | {"method":"GET","url":"/health","statusCode":200}
[2025-11-08T05:46:55.593Z] [INFO] HTTP GET /health | {"method":"GET","url":"/health"}
[2025-11-08T05:46:55.595Z] [INFO] HTTP GET /health | {"method":"GET","url":"/health","statusCode":200,"duration":"2ms"}
[2025-11-08T05:47:13.302Z] [INFO] HTTP GET /health | {"method":"GET","url":"/health"}
[2025-11-08T05:47:13.302Z] [INFO] HTTP GET /health | {"method":"GET","url":"/health","statusCode":200,"duration":"1ms"}
[2025-11-08T05:47:25.716Z] [INFO] HTTP GET /health | {"method":"GET","url":"/health"}
[2025-11-08T05:47:25.716Z] [INFO] HTTP GET /health | {"method":"GET","url":"/health","statusCode":200,"duration":"1ms"}
[2025-11-08T05:47:43.421Z] [INFO] HTTP GET /health | {"method":"GET","url":"/health"}
[2025-11-08T05:47:43.421Z] [INFO] HTTP GET /health | {"method":"GET","url":"/health","statusCode":200,"duration":"1ms"}
[2025-11-08T05:47:55.849Z] [INFO] HTTP GET /health | {"method":"GET","url":"/health"}
[2025-11-08T05:47:55.850Z] [INFO] HTTP GET /health | {"method":"GET","url":"/health","statusCode":200,"duration":"1ms"}
[2025-11-08T05:48:13.559Z] [INFO] HTTP GET /health | {"method":"GET","url":"/health"}
[2025-11-08T05:48:13.559Z] [INFO] HTTP GET /health | {"method":"GET","url":"/health","statusCode":200}
[2025-11-08T05:48:25.948Z] [INFO] HTTP GET /health | {"method":"GET","url":"/health"}
[2025-11-08T05:48:25.948Z] [INFO] HTTP GET /health | {"method":"GET","url":"/health","statusCode":200,"duration":"1ms"}
[2025-11-08T05:48:43.693Z] [INFO] HTTP GET /health | {"method":"GET","url":"/health"}
[2025-11-08T05:48:43.693Z] [INFO] HTTP GET /health | {"method":"GET","url":"/health","statusCode":200,"duration":"1ms"}
[2025-11-08T05:48:56.085Z] [INFO] HTTP GET /health | {"method":"GET","url":"/health"}
[2025-11-08T05:48:56.086Z] [INFO] HTTP GET /health | {"method":"GET","url":"/health","statusCode":200,"duration":"1ms"}
[2025-11-08T05:49:13.809Z] [INFO] HTTP GET /health | {"method":"GET","url":"/health"}
[2025-11-08T05:49:13.810Z] [INFO] HTTP GET /health | {"method":"GET","url":"/health","statusCode":200,"duration":"1ms"}
[2025-11-08T05:49:26.204Z] [INFO] HTTP GET /health | {"method":"GET","url":"/health"}
[2025-11-08T05:49:26.205Z] [INFO] HTTP GET /health | {"method":"GET","url":"/health","statusCode":200,"duration":"1ms"}
[2025-11-08T05:49:43.960Z] [INFO] HTTP GET /health | {"method":"GET","url":"/health"}
[2025-11-08T05:49:43.960Z] [INFO] HTTP GET /health | {"method":"GET","url":"/health","statusCode":200}
[2025-11-08T05:49:56.321Z] [INFO] HTTP GET /health | {"method":"GET","url":"/health"}
[2025-11-08T05:49:56.321Z] [INFO] HTTP GET /health | {"method":"GET","url":"/health","statusCode":200,"duration":"1ms"}
[2025-11-08T05:50:14.085Z] [INFO] HTTP GET /health | {"method":"GET","url":"/health"}
[2025-11-08T05:50:14.086Z] [INFO] HTTP GET /health | {"method":"GET","url":"/health","statusCode":200,"duration":"2ms"}
[2025-11-08T05:50:26.436Z] [INFO] HTTP GET /health | {"method":"GET","url":"/health"}
[2025-11-08T05:50:26.437Z] [INFO] HTTP GET /health | {"method":"GET","url":"/health","statusCode":200,"duration":"1ms"}
[2025-11-08T05:50:44.516Z] [INFO] HTTP GET /health | {"method":"GET","url":"/health"}
[2025-11-08T05:50:44.517Z] [INFO] HTTP GET /health | {"method":"GET","url":"/health","statusCode":200,"duration":"1ms"}
[2025-11-08T05:50:56.557Z] [INFO] HTTP GET /health | {"method":"GET","url":"/health"}
[2025-11-08T05:50:56.558Z] [INFO] HTTP GET /health | {"method":"GET","url":"/health","statusCode":200}
[2025-11-08T05:51:14.675Z] [INFO] HTTP GET /health | {"method":"GET","url":"/health"}
[2025-11-08T05:51:14.675Z] [INFO] HTTP GET /health | {"method":"GET","url":"/health","statusCode":200}
[2025-11-08T05:51:26.675Z] [INFO] HTTP GET /health | {"method":"GET","url":"/health"}
[2025-11-08T05:51:26.676Z] [INFO] HTTP GET /health | {"method":"GET","url":"/health","statusCode":200,"duration":"1ms"}
[2025-11-08T05:51:44.808Z] [INFO] HTTP GET /health | {"method":"GET","url":"/health"}
[2025-11-08T05:51:44.808Z] [INFO] HTTP GET /health | {"method":"GET","url":"/health","statusCode":200}
[2025-11-08T05:51:56.803Z] [INFO] HTTP GET /health | {"method":"GET","url":"/health"}
[2025-11-08T05:51:56.804Z] [INFO] HTTP GET /health | {"method":"GET","url":"/health","statusCode":200,"duration":"1ms"}
[2025-11-08T05:52:14.930Z] [INFO] HTTP GET /health | {"method":"GET","url":"/health"}
[2025-11-08T05:52:14.931Z] [INFO] HTTP GET /health | {"method":"GET","url":"/health","statusCode":200,"duration":"1ms"}
[2025-11-08T05:52:26.919Z] [INFO] HTTP GET /health | {"method":"GET","url":"/health"}
[2025-11-08T05:52:26.920Z] [INFO] HTTP GET /health | {"method":"GET","url":"/health","statusCode":200,"duration":"1ms"}
[2025-11-08T05:52:45.056Z] [INFO] HTTP GET /health | {"method":"GET","url":"/health"}
[2025-11-08T05:52:45.057Z] [INFO] HTTP GET /health | {"method":"GET","url":"/health","statusCode":200,"duration":"1ms"}
[2025-11-08T05:52:57.059Z] [INFO] HTTP GET /health | {"method":"GET","url":"/health"}
[2025-11-08T05:52:57.060Z] [INFO] HTTP GET /health | {"method":"GET","url":"/health","statusCode":200}
[2025-11-08T05:53:15.185Z] [INFO] HTTP GET /health | {"method":"GET","url":"/health"}
[2025-11-08T05:53:15.185Z] [INFO] HTTP GET /health | {"method":"GET","url":"/health","statusCode":200}
[2025-11-08T05:53:27.181Z] [INFO] HTTP GET /health | {"method":"GET","url":"/health"}
[2025-11-08T05:53:27.182Z] [INFO] HTTP GET /health | {"method":"GET","url":"/health","statusCode":200,"duration":"1ms"}
[2025-11-08T05:53:45.312Z] [INFO] HTTP GET /health | {"method":"GET","url":"/health"}
[2025-11-08T05:53:45.313Z] [INFO] HTTP GET /health | {"method":"GET","url":"/health","statusCode":200,"duration":"1ms"}
[2025-11-08T05:53:57.312Z] [INFO] HTTP GET /health | {"method":"GET","url":"/health"}
[2025-11-08T05:53:57.313Z] [INFO] HTTP GET /health | {"method":"GET","url":"/health","statusCode":200,"duration":"1ms"}
[2025-11-08T05:54:15.431Z] [INFO] HTTP GET /health | {"method":"GET","url":"/health"}
[2025-11-08T05:54:15.432Z] [INFO] HTTP GET /health | {"method":"GET","url":"/health","statusCode":200,"duration":"1ms"}
[2025-11-08T05:54:27.478Z] [INFO] HTTP GET /health | {"method":"GET","url":"/health"}
[2025-11-08T05:54:27.478Z] [INFO] HTTP GET /health | {"method":"GET","url":"/health","statusCode":200,"duration":"1ms"}
[2025-11-08T05:54:45.546Z] [INFO] HTTP GET /health | {"method":"GET","url":"/health"}
[2025-11-08T05:54:45.546Z] [INFO] HTTP GET /health | {"method":"GET","url":"/health","statusCode":200}
[2025-11-08T05:54:57.612Z] [INFO] HTTP GET /health | {"method":"GET","url":"/health"}
[2025-11-08T05:54:57.613Z] [INFO] HTTP GET /health | {"method":"GET","url":"/health","statusCode":200,"duration":"1ms"}
[2025-11-08T05:55:15.685Z] [INFO] HTTP GET /health | {"method":"GET","url":"/health"}
[2025-11-08T05:55:15.686Z] [INFO] HTTP GET /health | {"method":"GET","url":"/health","statusCode":200}
[2025-11-08T05:55:27.744Z] [INFO] HTTP GET /health | {"method":"GET","url":"/health"}
[2025-11-08T05:55:27.745Z] [INFO] HTTP GET /health | {"method":"GET","url":"/health","statusCode":200,"duration":"1ms"}
[2025-11-08T05:55:45.821Z] [INFO] HTTP GET /health | {"method":"GET","url":"/health"}
[2025-11-08T05:55:45.822Z] [INFO] HTTP GET /health | {"method":"GET","url":"/health","statusCode":200}
[2025-11-08T05:55:57.863Z] [INFO] HTTP GET /health | {"method":"GET","url":"/health"}
[2025-11-08T05:55:57.864Z] [INFO] HTTP GET /health | {"method":"GET","url":"/health","statusCode":200,"duration":"1ms"}
[2025-11-08T05:56:15.928Z] [INFO] HTTP GET /health | {"method":"GET","url":"/health"}
[2025-11-08T05:56:15.929Z] [INFO] HTTP GET /health | {"method":"GET","url":"/health","statusCode":200,"duration":"1ms"}
[2025-11-08T05:56:27.974Z] [INFO] HTTP GET /health | {"method":"GET","url":"/health"}
[2025-11-08T05:56:27.974Z] [INFO] HTTP GET /health | {"method":"GET","url":"/health","statusCode":200}
[2025-11-08T05:56:46.045Z] [INFO] HTTP GET /health | {"method":"GET","url":"/health"}
[2025-11-08T05:56:46.046Z] [INFO] HTTP GET /health | {"method":"GET","url":"/health","statusCode":200}
[2025-11-08T05:56:58.095Z] [INFO] HTTP GET /health | {"method":"GET","url":"/health"}
[2025-11-08T05:56:58.096Z] [INFO] HTTP GET /health | {"method":"GET","url":"/health","statusCode":200,"duration":"1ms"}
[2025-11-08T05:57:16.160Z] [INFO] HTTP GET /health | {"method":"GET","url":"/health"}
[2025-11-08T05:57:16.160Z] [INFO] HTTP GET /health | {"method":"GET","url":"/health","statusCode":200,"duration":"1ms"}
[2025-11-08T05:57:28.213Z] [INFO] HTTP GET /health | {"method":"GET","url":"/health"}
[2025-11-08T05:57:28.214Z] [INFO] HTTP GET /health | {"method":"GET","url":"/health","statusCode":200}
[2025-11-08T05:57:46.289Z] [INFO] HTTP GET /health | {"method":"GET","url":"/health"}
[2025-11-08T05:57:46.290Z] [INFO] HTTP GET /health | {"method":"GET","url":"/health","statusCode":200}
[2025-11-08T05:57:58.332Z] [INFO] HTTP GET /health | {"method":"GET","url":"/health"}
[2025-11-08T05:57:58.332Z] [INFO] HTTP GET /health | {"method":"GET","url":"/health","statusCode":200,"duration":"1ms"}
[2025-11-08T05:58:16.396Z] [INFO] HTTP GET /health | {"method":"GET","url":"/health"}
[2025-11-08T05:58:16.397Z] [INFO] HTTP GET /health | {"method":"GET","url":"/health","statusCode":200}
[2025-11-08T05:58:28.469Z] [INFO] HTTP GET /health | {"method":"GET","url":"/health"}
[2025-11-08T05:58:28.470Z] [INFO] HTTP GET /health | {"method":"GET","url":"/health","statusCode":200,"duration":"2ms"}
[2025-11-08T05:58:46.513Z] [INFO] HTTP GET /health | {"method":"GET","url":"/health"}
[2025-11-08T05:58:46.514Z] [INFO] HTTP GET /health | {"method":"GET","url":"/health","statusCode":200,"duration":"1ms"}
[2025-11-08T05:58:58.601Z] [INFO] HTTP GET /health | {"method":"GET","url":"/health"}
[2025-11-08T05:58:58.601Z] [INFO] HTTP GET /health | {"method":"GET","url":"/health","statusCode":200}
[2025-11-08T05:59:16.633Z] [INFO] HTTP GET /health | {"method":"GET","url":"/health"}
[2025-11-08T05:59:16.634Z] [INFO] HTTP GET /health | {"method":"GET","url":"/health","statusCode":200,"duration":"1ms"}
[2025-11-08T05:59:28.711Z] [INFO] HTTP GET /health | {"method":"GET","url":"/health"}
[2025-11-08T05:59:28.712Z] [INFO] HTTP GET /health | {"method":"GET","url":"/health","statusCode":200,"duration":"1ms"}
[2025-11-08T05:59:46.749Z] [INFO] HTTP GET /health | {"method":"GET","url":"/health"}
[2025-11-08T05:59:46.750Z] [INFO] HTTP GET /health | {"method":"GET","url":"/health","statusCode":200,"duration":"1ms"}
[2025-11-08T05:59:58.843Z] [INFO] HTTP GET /health | {"method":"GET","url":"/health"}
[2025-11-08T05:59:58.844Z] [INFO] HTTP GET /health | {"method":"GET","url":"/health","statusCode":200,"duration":"1ms"}
[2025-11-08T06:00:16.868Z] [INFO] HTTP GET /health | {"method":"GET","url":"/health"}
[2025-11-08T06:00:16.869Z] [INFO] HTTP GET /health | {"method":"GET","url":"/health","statusCode":200,"duration":"1ms"}
[2025-11-08T06:00:28.961Z] [INFO] HTTP GET /health | {"method":"GET","url":"/health"}
[2025-11-08T06:00:28.962Z] [INFO] HTTP GET /health | {"method":"GET","url":"/health","statusCode":200,"duration":"1ms"}
[2025-11-08T06:00:46.984Z] [INFO] HTTP GET /health | {"method":"GET","url":"/health"}
[2025-11-08T06:00:46.985Z] [INFO] HTTP GET /health | {"method":"GET","url":"/health","statusCode":200}
[2025-11-08T06:00:59.110Z] [INFO] HTTP GET /health | {"method":"GET","url":"/health"}
[2025-11-08T06:00:59.111Z] [INFO] HTTP GET /health | {"method":"GET","url":"/health","statusCode":200,"duration":"1ms"}
[2025-11-08T06:01:17.127Z] [INFO] HTTP GET /health | {"method":"GET","url":"/health"}
[2025-11-08T06:01:17.128Z] [INFO] HTTP GET /health | {"method":"GET","url":"/health","statusCode":200}
[2025-11-08T06:01:29.245Z] [INFO] HTTP GET /health | {"method":"GET","url":"/health"}
[2025-11-08T06:01:29.246Z] [INFO] HTTP GET /health | {"method":"GET","url":"/health","statusCode":200,"duration":"1ms"}
[2025-11-08T06:01:47.264Z] [INFO] HTTP GET /health | {"method":"GET","url":"/health"}
[2025-11-08T06:01:47.264Z] [INFO] HTTP GET /health | {"method":"GET","url":"/health","statusCode":200,"duration":"1ms"}
[2025-11-08T06:01:59.361Z] [INFO] HTTP GET /health | {"method":"GET","url":"/health"}
[2025-11-08T06:01:59.361Z] [INFO] HTTP GET /health | {"method":"GET","url":"/health","statusCode":200}
[2025-11-08T06:02:17.399Z] [INFO] HTTP GET /health | {"method":"GET","url":"/health"}
[2025-11-08T06:02:17.399Z] [INFO] HTTP GET /health | {"method":"GET","url":"/health","statusCode":200}
[2025-11-08T06:02:29.470Z] [INFO] HTTP GET /health | {"method":"GET","url":"/health"}
[2025-11-08T06:02:29.470Z] [INFO] HTTP GET /health | {"method":"GET","url":"/health","statusCode":200}
[2025-11-08T06:02:47.511Z] [INFO] HTTP GET /health | {"method":"GET","url":"/health"}
[2025-11-08T06:02:47.512Z] [INFO] HTTP GET /health | {"method":"GET","url":"/health","statusCode":200,"duration":"1ms"}
[2025-11-08T06:02:59.598Z] [INFO] HTTP GET /health | {"method":"GET","url":"/health"}
[2025-11-08T06:02:59.599Z] [INFO] HTTP GET /health | {"method":"GET","url":"/health","statusCode":200}
[2025-11-08T06:03:17.636Z] [INFO] HTTP GET /health | {"method":"GET","url":"/health"}
[2025-11-08T06:03:17.637Z] [INFO] HTTP GET /health | {"method":"GET","url":"/health","statusCode":200}
[2025-11-08T06:03:29.710Z] [INFO] HTTP GET /health | {"method":"GET","url":"/health"}
[2025-11-08T06:03:29.711Z] [INFO] HTTP GET /health | {"method":"GET","url":"/health","statusCode":200,"duration":"1ms"}
[2025-11-08T06:03:47.748Z] [INFO] HTTP GET /health | {"method":"GET","url":"/health"}
[2025-11-08T06:03:47.749Z] [INFO] HTTP GET /health | {"method":"GET","url":"/health","statusCode":200,"duration":"1ms"}
[2025-11-08T06:03:59.869Z] [INFO] HTTP GET /health | {"method":"GET","url":"/health"}
[2025-11-08T06:03:59.870Z] [INFO] HTTP GET /health | {"method":"GET","url":"/health","statusCode":200,"duration":"1ms"}
[2025-11-08T06:04:17.876Z] [INFO] HTTP GET /health | {"method":"GET","url":"/health"}
[2025-11-08T06:04:17.877Z] [INFO] HTTP GET /health | {"method":"GET","url":"/health","statusCode":200,"duration":"1ms"}
[2025-11-08T06:04:29.984Z] [INFO] HTTP GET /health | {"method":"GET","url":"/health"}
[2025-11-08T06:04:29.985Z] [INFO] HTTP GET /health | {"method":"GET","url":"/health","statusCode":200,"duration":"1ms"}
[2025-11-08T06:04:47.998Z] [INFO] HTTP GET /health | {"method":"GET","url":"/health"}
[2025-11-08T06:04:47.999Z] [INFO] HTTP GET /health | {"method":"GET","url":"/health","statusCode":200,"duration":"1ms"}
[2025-11-08T06:05:00.138Z] [INFO] HTTP GET /health | {"method":"GET","url":"/health"}
[2025-11-08T06:05:00.139Z] [INFO] HTTP GET /health | {"method":"GET","url":"/health","statusCode":200,"duration":"1ms"}
[2025-11-08T06:05:18.105Z] [INFO] HTTP GET /health | {"method":"GET","url":"/health"}
[2025-11-08T06:05:18.106Z] [INFO] HTTP GET /health | {"method":"GET","url":"/health","statusCode":200,"duration":"1ms"}
[2025-11-08T06:05:30.251Z] [INFO] HTTP GET /health | {"method":"GET","url":"/health"}
[2025-11-08T06:05:30.252Z] [INFO] HTTP GET /health | {"method":"GET","url":"/health","statusCode":200,"duration":"1ms"}
[2025-11-08T06:05:48.247Z] [INFO] HTTP GET /health | {"method":"GET","url":"/health"}
[2025-11-08T06:05:48.248Z] [INFO] HTTP GET /health | {"method":"GET","url":"/health","statusCode":200}
[2025-11-08T06:06:00.373Z] [INFO] HTTP GET /health | {"method":"GET","url":"/health"}
[2025-11-08T06:06:00.373Z] [INFO] HTTP GET /health | {"method":"GET","url":"/health","statusCode":200}
[2025-11-08T06:06:18.359Z] [INFO] HTTP GET /health | {"method":"GET","url":"/health"}
[2025-11-08T06:06:18.360Z] [INFO] HTTP GET /health | {"method":"GET","url":"/health","statusCode":200,"duration":"1ms"}
[2025-11-08T06:06:30.482Z] [INFO] HTTP GET /health | {"method":"GET","url":"/health"}
[2025-11-08T06:06:30.482Z] [INFO] HTTP GET /health | {"method":"GET","url":"/health","statusCode":200}
[2025-11-08T06:06:48.507Z] [INFO] HTTP GET /health | {"method":"GET","url":"/health"}
[2025-11-08T06:06:48.507Z] [INFO] HTTP GET /health | {"method":"GET","url":"/health","statusCode":200,"duration":"1ms"}
[2025-11-08T06:07:00.596Z] [INFO] HTTP GET /health | {"method":"GET","url":"/health"}
[2025-11-08T06:07:00.596Z] [INFO] HTTP GET /health | {"method":"GET","url":"/health","statusCode":200}
[2025-11-08T06:07:18.627Z] [INFO] HTTP GET /health | {"method":"GET","url":"/health"}
[2025-11-08T06:07:18.627Z] [INFO] HTTP GET /health | {"method":"GET","url":"/health","statusCode":200,"duration":"1ms"}
[2025-11-08T06:07:30.725Z] [INFO] HTTP GET /health | {"method":"GET","url":"/health"}
[2025-11-08T06:07:30.725Z] [INFO] HTTP GET /health | {"method":"GET","url":"/health","statusCode":200}
[2025-11-08T06:07:48.741Z] [INFO] HTTP GET /health | {"method":"GET","url":"/health"}
[2025-11-08T06:07:48.742Z] [INFO] HTTP GET /health | {"method":"GET","url":"/health","statusCode":200,"duration":"1ms"}
[2025-11-08T06:08:00.842Z] [INFO] HTTP GET /health | {"method":"GET","url":"/health"}
[2025-11-08T06:08:00.843Z] [INFO] HTTP GET /health | {"method":"GET","url":"/health","statusCode":200,"duration":"1ms"}
[2025-11-08T06:08:18.854Z] [INFO] HTTP GET /health | {"method":"GET","url":"/health"}
[2025-11-08T06:08:18.854Z] [INFO] HTTP GET /health | {"method":"GET","url":"/health","statusCode":200,"duration":"1ms"}
[2025-11-08T06:08:30.966Z] [INFO] HTTP GET /health | {"method":"GET","url":"/health"}
[2025-11-08T06:08:30.967Z] [INFO] HTTP GET /health | {"method":"GET","url":"/health","statusCode":200,"duration":"1ms"}
[2025-11-08T06:08:48.959Z] [INFO] HTTP GET /health | {"method":"GET","url":"/health"}
[2025-11-08T06:08:48.959Z] [INFO] HTTP GET /health | {"method":"GET","url":"/health","statusCode":200}
[2025-11-08T06:09:01.088Z] [INFO] HTTP GET /health | {"method":"GET","url":"/health"}
[2025-11-08T06:09:01.088Z] [INFO] HTTP GET /health | {"method":"GET","url":"/health","statusCode":200,"duration":"1ms"}
[2025-11-08T06:09:19.070Z] [INFO] HTTP GET /health | {"method":"GET","url":"/health"}
[2025-11-08T06:09:19.070Z] [INFO] HTTP GET /health | {"method":"GET","url":"/health","statusCode":200,"duration":"1ms"}
[2025-11-08T06:09:31.229Z] [INFO] HTTP GET /health | {"method":"GET","url":"/health"}
[2025-11-08T06:09:31.229Z] [INFO] HTTP GET /health | {"method":"GET","url":"/health","statusCode":200,"duration":"1ms"}
[2025-11-08T06:09:49.194Z] [INFO] HTTP GET /health | {"method":"GET","url":"/health"}
[2025-11-08T06:09:49.195Z] [INFO] HTTP GET /health | {"method":"GET","url":"/health","statusCode":200,"duration":"1ms"}
[2025-11-08T06:10:01.342Z] [INFO] HTTP GET /health | {"method":"GET","url":"/health"}
[2025-11-08T06:10:01.343Z] [INFO] HTTP GET /health | {"method":"GET","url":"/health","statusCode":200,"duration":"1ms"}
[2025-11-08T06:10:19.327Z] [INFO] HTTP GET /health | {"method":"GET","url":"/health"}
[2025-11-08T06:10:19.327Z] [INFO] HTTP GET /health | {"method":"GET","url":"/health","statusCode":200}
[2025-11-08T06:10:31.439Z] [INFO] HTTP GET /health | {"method":"GET","url":"/health"}
[2025-11-08T06:10:31.440Z] [INFO] HTTP GET /health | {"method":"GET","url":"/health","statusCode":200}
[2025-11-08T06:10:49.451Z] [INFO] HTTP GET /health | {"method":"GET","url":"/health"}
[2025-11-08T06:10:49.452Z] [INFO] HTTP GET /health | {"method":"GET","url":"/health","statusCode":200}
[2025-11-08T06:11:01.586Z] [INFO] HTTP GET /health | {"method":"GET","url":"/health"}
[2025-11-08T06:11:01.588Z] [INFO] HTTP GET /health | {"method":"GET","url":"/health","statusCode":200,"duration":"1ms"}
[2025-11-08T06:11:19.588Z] [INFO] HTTP GET /health | {"method":"GET","url":"/health"}
[2025-11-08T06:11:19.589Z] [INFO] HTTP GET /health | {"method":"GET","url":"/health","statusCode":200,"duration":"1ms"}
[2025-11-08T06:11:31.690Z] [INFO] HTTP GET /health | {"method":"GET","url":"/health"}
[2025-11-08T06:11:31.691Z] [INFO] HTTP GET /health | {"method":"GET","url":"/health","statusCode":200}
[2025-11-08T06:11:49.718Z] [INFO] HTTP GET /health | {"method":"GET","url":"/health"}
[2025-11-08T06:11:49.719Z] [INFO] HTTP GET /health | {"method":"GET","url":"/health","statusCode":200,"duration":"1ms"}
[2025-11-08T06:12:01.799Z] [INFO] HTTP GET /health | {"method":"GET","url":"/health"}
[2025-11-08T06:12:01.799Z] [INFO] HTTP GET /health | {"method":"GET","url":"/health","statusCode":200}
[2025-11-08T06:12:19.832Z] [INFO] HTTP GET /health | {"method":"GET","url":"/health"}
[2025-11-08T06:12:19.833Z] [INFO] HTTP GET /health | {"method":"GET","url":"/health","statusCode":200,"duration":"1ms"}
[2025-11-08T06:12:31.916Z] [INFO] HTTP GET /health | {"method":"GET","url":"/health"}
[2025-11-08T06:12:31.916Z] [INFO] HTTP GET /health | {"method":"GET","url":"/health","statusCode":200,"duration":"1ms"}
[2025-11-08T06:12:49.957Z] [INFO] HTTP GET /health | {"method":"GET","url":"/health"}
[2025-11-08T06:12:49.957Z] [INFO] HTTP GET /health | {"method":"GET","url":"/health","statusCode":200,"duration":"1ms"}
[2025-11-08T06:13:02.069Z] [INFO] HTTP GET /health | {"method":"GET","url":"/health"}
[2025-11-08T06:13:02.069Z] [INFO] HTTP GET /health | {"method":"GET","url":"/health","statusCode":200,"duration":"1ms"}
[2025-11-08T06:13:20.075Z] [INFO] HTTP GET /health | {"method":"GET","url":"/health"}
[2025-11-08T06:13:20.075Z] [INFO] HTTP GET /health | {"method":"GET","url":"/health","statusCode":200,"duration":"1ms"}
[2025-11-08T06:13:32.178Z] [INFO] HTTP GET /health | {"method":"GET","url":"/health"}
[2025-11-08T06:13:32.178Z] [INFO] HTTP GET /health | {"method":"GET","url":"/health","statusCode":200}
[2025-11-08T06:13:50.242Z] [INFO] HTTP GET /health | {"method":"GET","url":"/health"}
[2025-11-08T06:13:50.243Z] [INFO] HTTP GET /health | {"method":"GET","url":"/health","statusCode":200,"duration":"1ms"}
[2025-11-08T06:14:02.283Z] [INFO] HTTP GET /health | {"method":"GET","url":"/health"}
[2025-11-08T06:14:02.284Z] [INFO] HTTP GET /health | {"method":"GET","url":"/health","statusCode":200,"duration":"1ms"}
[2025-11-08T06:14:20.378Z] [INFO] HTTP GET /health | {"method":"GET","url":"/health"}
[2025-11-08T06:14:20.379Z] [INFO] HTTP GET /health | {"method":"GET","url":"/health","statusCode":200}
[2025-11-08T06:14:32.398Z] [INFO] HTTP GET /health | {"method":"GET","url":"/health"}
[2025-11-08T06:14:32.398Z] [INFO] HTTP GET /health | {"method":"GET","url":"/health","statusCode":200}
[2025-11-08T06:14:50.508Z] [INFO] HTTP GET /health | {"method":"GET","url":"/health"}
[2025-11-08T06:14:50.508Z] [INFO] HTTP GET /health | {"method":"GET","url":"/health","statusCode":200,"duration":"1ms"}
[2025-11-08T06:15:02.534Z] [INFO] HTTP GET /health | {"method":"GET","url":"/health"}
[2025-11-08T06:15:02.535Z] [INFO] HTTP GET /health | {"method":"GET","url":"/health","statusCode":200,"duration":"1ms"}
[2025-11-08T06:15:20.640Z] [INFO] HTTP GET /health | {"method":"GET","url":"/health"}
[2025-11-08T06:15:20.640Z] [INFO] HTTP GET /health | {"method":"GET","url":"/health","statusCode":200}
[2025-11-08T06:15:32.643Z] [INFO] HTTP GET /health | {"method":"GET","url":"/health"}
[2025-11-08T06:15:32.644Z] [INFO] HTTP GET /health | {"method":"GET","url":"/health","statusCode":200,"duration":"1ms"}
[2025-11-08T06:15:50.751Z] [INFO] HTTP GET /health | {"method":"GET","url":"/health"}
[2025-11-08T06:15:50.752Z] [INFO] HTTP GET /health | {"method":"GET","url":"/health","statusCode":200,"duration":"1ms"}
[2025-11-08T06:16:02.753Z] [INFO] HTTP GET /health | {"method":"GET","url":"/health"}
[2025-11-08T06:16:02.754Z] [INFO] HTTP GET /health | {"method":"GET","url":"/health","statusCode":200,"duration":"1ms"}
[2025-11-08T06:16:20.860Z] [INFO] HTTP GET /health | {"method":"GET","url":"/health"}
[2025-11-08T06:16:20.861Z] [INFO] HTTP GET /health | {"method":"GET","url":"/health","statusCode":200,"duration":"1ms"}
[2025-11-08T06:16:32.863Z] [INFO] HTTP GET /health | {"method":"GET","url":"/health"}
[2025-11-08T06:16:32.864Z] [INFO] HTTP GET /health | {"method":"GET","url":"/health","statusCode":200}
[2025-11-08T06:16:50.971Z] [INFO] HTTP GET /health | {"method":"GET","url":"/health"}
[2025-11-08T06:16:50.971Z] [INFO] HTTP GET /health | {"method":"GET","url":"/health","statusCode":200}
[2025-11-08T06:17:02.985Z] [INFO] HTTP GET /health | {"method":"GET","url":"/health"}
[2025-11-08T06:17:02.985Z] [INFO] HTTP GET /health | {"method":"GET","url":"/health","statusCode":200,"duration":"1ms"}
[2025-11-08T06:17:17.936Z] [WARN] Critical project detected | {"projectId":"690e0e63f9b30a3fa0885833","projectName":"Website Redesign","status":"critical","issues":["Project is 132 days overdue"],"overdueMilestones":0,"totalMilestones":0,"completionRate":0,"daysOverdue":132}
[2025-11-08T06:17:17.943Z] [WARN] Critical project detected | {"projectId":"690e0e63f9b30a3fa0885834","projectName":"Mobile App Development","status":"critical","issues":["Project is 86 days overdue"],"overdueMilestones":0,"totalMilestones":0,"completionRate":0,"daysOverdue":86}
[2025-11-08T06:17:17.950Z] [WARN] Critical project detected | {"projectId":"690e0e63f9b30a3fa0885835","projectName":"Database Migration","status":"critical","issues":["Project is 162 days overdue"],"overdueMilestones":0,"totalMilestones":0,"completionRate":0,"daysOverdue":162}
[2025-11-08T06:17:17.951Z] [INFO] Monitoring report generated | {"totalProjects":4,"critical":3,"warning":0,"healthy":1}
[2025-11-08T06:17:17.951Z] [ERROR] Critical projects detected! | {"count":3,"projects":[{"name":"Website Redesign","issues":["Project is 132 days overdue"]},{"name":"Mobile App Development","issues":["Project is 86 days overdue"]},{"name":"Database Migration","issues":["Project is 162 days overdue"]}]}
[2025-11-08T06:17:21.088Z] [INFO] HTTP GET /health | {"method":"GET","url":"/health"}
[2025-11-08T06:17:21.089Z] [INFO] HTTP GET /health | {"method":"GET","url":"/health","statusCode":200,"duration":"1ms"}
[2025-11-08T06:17:33.109Z] [INFO] HTTP GET /health | {"method":"GET","url":"/health"}
[2025-11-08T06:17:33.110Z] [INFO] HTTP GET /health | {"method":"GET","url":"/health","statusCode":200,"duration":"1ms"}
[2025-11-08T06:17:51.201Z] [INFO] HTTP GET /health | {"method":"GET","url":"/health"}
[2025-11-08T06:17:51.203Z] [INFO] HTTP GET /health | {"method":"GET","url":"/health","statusCode":200,"duration":"2ms"}
[2025-11-08T06:18:03.210Z] [INFO] HTTP GET /health | {"method":"GET","url":"/health"}
[2025-11-08T06:18:03.211Z] [INFO] HTTP GET /health | {"method":"GET","url":"/health","statusCode":200}
[2025-11-08T06:18:21.329Z] [INFO] HTTP GET /health | {"method":"GET","url":"/health"}
[2025-11-08T06:18:21.329Z] [INFO] HTTP GET /health | {"method":"GET","url":"/health","statusCode":200}
[2025-11-08T06:18:33.326Z] [INFO] HTTP GET /health | {"method":"GET","url":"/health"}
[2025-11-08T06:18:33.327Z] [INFO] HTTP GET /health | {"method":"GET","url":"/health","statusCode":200,"duration":"1ms"}
[2025-11-08T06:18:51.439Z] [INFO] HTTP GET /health | {"method":"GET","url":"/health"}
[2025-11-08T06:18:51.440Z] [INFO] HTTP GET /health | {"method":"GET","url":"/health","statusCode":200}
[2025-11-08T06:19:03.424Z] [INFO] HTTP GET /health | {"method":"GET","url":"/health"}
[2025-11-08T06:19:03.424Z] [INFO] HTTP GET /health | {"method":"GET","url":"/health","statusCode":200,"duration":"1ms"}
[2025-11-08T06:19:21.558Z] [INFO] HTTP GET /health | {"method":"GET","url":"/health"}
[2025-11-08T06:19:21.559Z] [INFO] HTTP GET /health | {"method":"GET","url":"/health","statusCode":200,"duration":"1ms"}
[2025-11-08T06:19:33.548Z] [INFO] HTTP GET /health | {"method":"GET","url":"/health"}
[2025-11-08T06:19:33.549Z] [INFO] HTTP GET /health | {"method":"GET","url":"/health","statusCode":200,"duration":"1ms"}
[2025-11-08T06:19:51.673Z] [INFO] HTTP GET /health | {"method":"GET","url":"/health"}
[2025-11-08T06:19:51.674Z] [INFO] HTTP GET /health | {"method":"GET","url":"/health","statusCode":200,"duration":"1ms"}
[2025-11-08T06:20:03.662Z] [INFO] HTTP GET /health | {"method":"GET","url":"/health"}
[2025-11-08T06:20:03.663Z] [INFO] HTTP GET /health | {"method":"GET","url":"/health","statusCode":200}
[2025-11-08T06:20:21.791Z] [INFO] HTTP GET /health | {"method":"GET","url":"/health"}
[2025-11-08T06:20:21.792Z] [INFO] HTTP GET /health | {"method":"GET","url":"/health","statusCode":200,"duration":"1ms"}
[2025-11-08T06:20:33.793Z] [INFO] HTTP GET /health | {"method":"GET","url":"/health"}
[2025-11-08T06:20:33.794Z] [INFO] HTTP GET /health | {"method":"GET","url":"/health","statusCode":200,"duration":"1ms"}
[2025-11-08T06:20:51.895Z] [INFO] HTTP GET /health | {"method":"GET","url":"/health"}
[2025-11-08T06:20:51.896Z] [INFO] HTTP GET /health | {"method":"GET","url":"/health","statusCode":200,"duration":"1ms"}
[2025-11-08T06:21:03.905Z] [INFO] HTTP GET /health | {"method":"GET","url":"/health"}
[2025-11-08T06:21:03.906Z] [INFO] HTTP GET /health | {"method":"GET","url":"/health","statusCode":200}
[2025-11-08T06:21:22.029Z] [INFO] HTTP GET /health | {"method":"GET","url":"/health"}
[2025-11-08T06:21:22.029Z] [INFO] HTTP GET /health | {"method":"GET","url":"/health","statusCode":200}
[2025-11-08T06:21:34.022Z] [INFO] HTTP GET /health | {"method":"GET","url":"/health"}
[2025-11-08T06:21:34.023Z] [INFO] HTTP GET /health | {"method":"GET","url":"/health","statusCode":200}
[2025-11-08T06:21:52.150Z] [INFO] HTTP GET /health | {"method":"GET","url":"/health"}
[2025-11-08T06:21:52.151Z] [INFO] HTTP GET /health | {"method":"GET","url":"/health","statusCode":200,"duration":"1ms"}
[2025-11-08T06:22:04.146Z] [INFO] HTTP GET /health | {"method":"GET","url":"/health"}
[2025-11-08T06:22:04.146Z] [INFO] HTTP GET /health | {"method":"GET","url":"/health","statusCode":200,"duration":"1ms"}
[2025-11-08T06:22:22.268Z] [INFO] HTTP GET /health | {"method":"GET","url":"/health"}
[2025-11-08T06:22:22.269Z] [INFO] HTTP GET /health | {"method":"GET","url":"/health","statusCode":200,"duration":"1ms"}
[2025-11-08T06:22:34.265Z] [INFO] HTTP GET /health | {"method":"GET","url":"/health"}
[2025-11-08T06:22:34.265Z] [INFO] HTTP GET /health | {"method":"GET","url":"/health","statusCode":200}
[2025-11-08T06:22:52.395Z] [INFO] HTTP GET /health | {"method":"GET","url":"/health"}
[2025-11-08T06:22:52.395Z] [INFO] HTTP GET /health | {"method":"GET","url":"/health","statusCode":200,"duration":"1ms"}
[2025-11-08T06:23:04.398Z] [INFO] HTTP GET /health | {"method":"GET","url":"/health"}
[2025-11-08T06:23:04.399Z] [INFO] HTTP GET /health | {"method":"GET","url":"/health","statusCode":200,"duration":"1ms"}
[2025-11-08T06:23:22.504Z] [INFO] HTTP GET /health | {"method":"GET","url":"/health"}
[2025-11-08T06:23:22.505Z] [INFO] HTTP GET /health | {"method":"GET","url":"/health","statusCode":200,"duration":"1ms"}
[2025-11-08T06:23:34.542Z] [INFO] HTTP GET /health | {"method":"GET","url":"/health"}
[2025-11-08T06:23:34.542Z] [INFO] HTTP GET /health | {"method":"GET","url":"/health","statusCode":200}
[2025-11-08T06:23:52.643Z] [INFO] HTTP GET /health | {"method":"GET","url":"/health"}
[2025-11-08T06:23:52.644Z] [INFO] HTTP GET /health | {"method":"GET","url":"/health","statusCode":200,"duration":"1ms"}
[2025-11-08T06:24:04.656Z] [INFO] HTTP GET /health | {"method":"GET","url":"/health"}
[2025-11-08T06:24:04.657Z] [INFO] HTTP GET /health | {"method":"GET","url":"/health","statusCode":200,"duration":"1ms"}
[2025-11-08T06:24:22.770Z] [INFO] HTTP GET /health | {"method":"GET","url":"/health"}
[2025-11-08T06:24:22.770Z] [INFO] HTTP GET /health | {"method":"GET","url":"/health","statusCode":200}
[2025-11-08T06:24:34.783Z] [INFO] HTTP GET /health | {"method":"GET","url":"/health"}
[2025-11-08T06:24:34.783Z] [INFO] HTTP GET /health | {"method":"GET","url":"/health","statusCode":200}
[2025-11-08T06:24:52.888Z] [INFO] HTTP GET /health | {"method":"GET","url":"/health"}
[2025-11-08T06:24:52.888Z] [INFO] HTTP GET /health | {"method":"GET","url":"/health","statusCode":200,"duration":"1ms"}
[2025-11-08T06:25:04.898Z] [INFO] HTTP GET /health | {"method":"GET","url":"/health"}
[2025-11-08T06:25:04.899Z] [INFO] HTTP GET /health | {"method":"GET","url":"/health","statusCode":200,"duration":"1ms"}
[2025-11-08T06:25:23.016Z] [INFO] HTTP GET /health | {"method":"GET","url":"/health"}
[2025-11-08T06:25:23.016Z] [INFO] HTTP GET /health | {"method":"GET","url":"/health","statusCode":200}
[2025-11-08T06:25:35.044Z] [INFO] HTTP GET /health | {"method":"GET","url":"/health"}
[2025-11-08T06:25:35.045Z] [INFO] HTTP GET /health | {"method":"GET","url":"/health","statusCode":200,"duration":"1ms"}
[2025-11-08T06:25:53.146Z] [INFO] HTTP GET /health | {"method":"GET","url":"/health"}
[2025-11-08T06:25:53.147Z] [INFO] HTTP GET /health | {"method":"GET","url":"/health","statusCode":200,"duration":"1ms"}
[2025-11-08T06:26:05.174Z] [INFO] HTTP GET /health | {"method":"GET","url":"/health"}
[2025-11-08T06:26:05.175Z] [INFO] HTTP GET /health | {"method":"GET","url":"/health","statusCode":200}
[2025-11-08T06:26:23.277Z] [INFO] HTTP GET /health | {"method":"GET","url":"/health"}
[2025-11-08T06:26:23.278Z] [INFO] HTTP GET /health | {"method":"GET","url":"/health","statusCode":200}
[2025-11-08T06:26:35.292Z] [INFO] HTTP GET /health | {"method":"GET","url":"/health"}
[2025-11-08T06:26:35.292Z] [INFO] HTTP GET /health | {"method":"GET","url":"/health","statusCode":200,"duration":"1ms"}
[2025-11-08T06:26:53.393Z] [INFO] HTTP GET /health | {"method":"GET","url":"/health"}
[2025-11-08T06:26:53.393Z] [INFO] HTTP GET /health | {"method":"GET","url":"/health","statusCode":200}
[2025-11-08T06:27:05.427Z] [INFO] HTTP GET /health | {"method":"GET","url":"/health"}
[2025-11-08T06:27:05.427Z] [INFO] HTTP GET /health | {"method":"GET","url":"/health","statusCode":200,"duration":"1ms"}
[2025-11-08T06:27:23.498Z] [INFO] HTTP GET /health | {"method":"GET","url":"/health"}
[2025-11-08T06:27:23.498Z] [INFO] HTTP GET /health | {"method":"GET","url":"/health","statusCode":200}
[2025-11-08T06:27:35.571Z] [INFO] HTTP GET /health | {"method":"GET","url":"/health"}
[2025-11-08T06:27:35.572Z] [INFO] HTTP GET /health | {"method":"GET","url":"/health","statusCode":200,"duration":"1ms"}
[2025-11-08T06:27:53.605Z] [INFO] HTTP GET /health | {"method":"GET","url":"/health"}
[2025-11-08T06:27:53.606Z] [INFO] HTTP GET /health | {"method":"GET","url":"/health","statusCode":200}
[2025-11-08T06:28:05.691Z] [INFO] HTTP GET /health | {"method":"GET","url":"/health"}
[2025-11-08T06:28:05.691Z] [INFO] HTTP GET /health | {"method":"GET","url":"/health","statusCode":200,"duration":"1ms"}
[2025-11-08T06:28:23.743Z] [INFO] HTTP GET /health | {"method":"GET","url":"/health"}
[2025-11-08T06:28:23.744Z] [INFO] HTTP GET /health | {"method":"GET","url":"/health","statusCode":200,"duration":"1ms"}
[2025-11-08T06:28:35.815Z] [INFO] HTTP GET /health | {"method":"GET","url":"/health"}
[2025-11-08T06:28:35.815Z] [INFO] HTTP GET /health | {"method":"GET","url":"/health","statusCode":200}
[2025-11-08T06:28:53.865Z] [INFO] HTTP GET /health | {"method":"GET","url":"/health"}
[2025-11-08T06:28:53.866Z] [INFO] HTTP GET /health | {"method":"GET","url":"/health","statusCode":200,"duration":"1ms"}
[2025-11-08T06:29:05.901Z] [INFO] HTTP GET /health | {"method":"GET","url":"/health"}
[2025-11-08T06:29:05.901Z] [INFO] HTTP GET /health | {"method":"GET","url":"/health","statusCode":200,"duration":"1ms"}
[2025-11-08T06:29:23.967Z] [INFO] HTTP GET /health | {"method":"GET","url":"/health"}
[2025-11-08T06:29:23.968Z] [INFO] HTTP GET /health | {"method":"GET","url":"/health","statusCode":200,"duration":"1ms"}
[2025-11-08T06:29:36.018Z] [INFO] HTTP GET /health | {"method":"GET","url":"/health"}
[2025-11-08T06:29:36.019Z] [INFO] HTTP GET /health | {"method":"GET","url":"/health","statusCode":200,"duration":"1ms"}
[2025-11-08T06:29:54.083Z] [INFO] HTTP GET /health | {"method":"GET","url":"/health"}
[2025-11-08T06:29:54.084Z] [INFO] HTTP GET /health | {"method":"GET","url":"/health","statusCode":200,"duration":"1ms"}
[2025-11-08T06:30:06.137Z] [INFO] HTTP GET /health | {"method":"GET","url":"/health"}
[2025-11-08T06:30:06.137Z] [INFO] HTTP GET /health | {"method":"GET","url":"/health","statusCode":200,"duration":"1ms"}
[2025-11-08T06:30:24.205Z] [INFO] HTTP GET /health | {"method":"GET","url":"/health"}
[2025-11-08T06:30:24.206Z] [INFO] HTTP GET /health | {"method":"GET","url":"/health","statusCode":200,"duration":"1ms"}
[2025-11-08T06:30:36.230Z] [INFO] HTTP GET /health | {"method":"GET","url":"/health"}
[2025-11-08T06:30:36.230Z] [INFO] HTTP GET /health | {"method":"GET","url":"/health","statusCode":200}
[2025-11-08T06:30:54.322Z] [INFO] HTTP GET /health | {"method":"GET","url":"/health"}
[2025-11-08T06:30:54.323Z] [INFO] HTTP GET /health | {"method":"GET","url":"/health","statusCode":200,"duration":"1ms"}
[2025-11-08T06:31:06.356Z] [INFO] HTTP GET /health | {"method":"GET","url":"/health"}
[2025-11-08T06:31:06.357Z] [INFO] HTTP GET /health | {"method":"GET","url":"/health","statusCode":200,"duration":"1ms"}
[2025-11-08T06:31:24.420Z] [INFO] HTTP GET /health | {"method":"GET","url":"/health"}
[2025-11-08T06:31:24.421Z] [INFO] HTTP GET /health | {"method":"GET","url":"/health","statusCode":200,"duration":"1ms"}
[2025-11-08T06:31:36.474Z] [INFO] HTTP GET /health | {"method":"GET","url":"/health"}
[2025-11-08T06:31:36.474Z] [INFO] HTTP GET /health | {"method":"GET","url":"/health","statusCode":200,"duration":"1ms"}
[2025-11-08T06:31:54.529Z] [INFO] HTTP GET /health | {"method":"GET","url":"/health"}
[2025-11-08T06:31:54.530Z] [INFO] HTTP GET /health | {"method":"GET","url":"/health","statusCode":200}
[2025-11-08T06:32:06.586Z] [INFO] HTTP GET /health | {"method":"GET","url":"/health"}
[2025-11-08T06:32:06.587Z] [INFO] HTTP GET /health | {"method":"GET","url":"/health","statusCode":200}
[2025-11-08T06:32:24.623Z] [INFO] HTTP GET /health | {"method":"GET","url":"/health"}
[2025-11-08T06:32:24.624Z] [INFO] HTTP GET /health | {"method":"GET","url":"/health","statusCode":200,"duration":"1ms"}
[2025-11-08T06:32:36.686Z] [INFO] HTTP GET /health | {"method":"GET","url":"/health"}
[2025-11-08T06:32:36.686Z] [INFO] HTTP GET /health | {"method":"GET","url":"/health","statusCode":200,"duration":"1ms"}
[2025-11-08T06:32:54.751Z] [INFO] HTTP GET /health | {"method":"GET","url":"/health"}
[2025-11-08T06:32:54.751Z] [INFO] HTTP GET /health | {"method":"GET","url":"/health","statusCode":200}
[2025-11-08T06:33:06.814Z] [INFO] HTTP GET /health | {"method":"GET","url":"/health"}
[2025-11-08T06:33:06.814Z] [INFO] HTTP GET /health | {"method":"GET","url":"/health","statusCode":200,"duration":"1ms"}
[2025-11-08T06:33:24.888Z] [INFO] HTTP GET /health | {"method":"GET","url":"/health"}
[2025-11-08T06:33:24.889Z] [INFO] HTTP GET /health | {"method":"GET","url":"/health","statusCode":200}
[2025-11-08T06:33:36.932Z] [INFO] HTTP GET /health | {"method":"GET","url":"/health"}
[2025-11-08T06:33:36.933Z] [INFO] HTTP GET /health | {"method":"GET","url":"/health","statusCode":200,"duration":"1ms"}
[2025-11-08T06:33:54.991Z] [INFO] HTTP GET /health | {"method":"GET","url":"/health"}
[2025-11-08T06:33:54.992Z] [INFO] HTTP GET /health | {"method":"GET","url":"/health","statusCode":200,"duration":"1ms"}
[2025-11-08T06:34:07.027Z] [INFO] HTTP GET /health | {"method":"GET","url":"/health"}
[2025-11-08T06:34:07.027Z] [INFO] HTTP GET /health | {"method":"GET","url":"/health","statusCode":200}
[2025-11-08T06:34:25.114Z] [INFO] HTTP GET /health | {"method":"GET","url":"/health"}
[2025-11-08T06:34:25.114Z] [INFO] HTTP GET /health | {"method":"GET","url":"/health","statusCode":200}
[2025-11-08T06:34:37.152Z] [INFO] HTTP GET /health | {"method":"GET","url":"/health"}
[2025-11-08T06:34:37.152Z] [INFO] HTTP GET /health | {"method":"GET","url":"/health","statusCode":200}
[2025-11-08T06:34:55.230Z] [INFO] HTTP GET /health | {"method":"GET","url":"/health"}
[2025-11-08T06:34:55.231Z] [INFO] HTTP GET /health | {"method":"GET","url":"/health","statusCode":200,"duration":"1ms"}
[2025-11-08T06:35:07.247Z] [INFO] HTTP GET /health | {"method":"GET","url":"/health"}
[2025-11-08T06:35:07.248Z] [INFO] HTTP GET /health | {"method":"GET","url":"/health","statusCode":200,"duration":"1ms"}
[2025-11-08T06:35:25.342Z] [INFO] HTTP GET /health | {"method":"GET","url":"/health"}
[2025-11-08T06:35:25.342Z] [INFO] HTTP GET /health | {"method":"GET","url":"/health","statusCode":200,"duration":"1ms"}
[2025-11-08T06:35:37.356Z] [INFO] HTTP GET /health | {"method":"GET","url":"/health"}
[2025-11-08T06:35:37.357Z] [INFO] HTTP GET /health | {"method":"GET","url":"/health","statusCode":200,"duration":"1ms"}
[2025-11-08T06:35:55.461Z] [INFO] HTTP GET /health | {"method":"GET","url":"/health"}
[2025-11-08T06:35:55.461Z] [INFO] HTTP GET /health | {"method":"GET","url":"/health","statusCode":200,"duration":"1ms"}
[2025-11-08T06:36:07.472Z] [INFO] HTTP GET /health | {"method":"GET","url":"/health"}
[2025-11-08T06:36:07.473Z] [INFO] HTTP GET /health | {"method":"GET","url":"/health","statusCode":200}
[2025-11-08T06:36:25.569Z] [INFO] HTTP GET /health | {"method":"GET","url":"/health"}
[2025-11-08T06:36:25.569Z] [INFO] HTTP GET /health | {"method":"GET","url":"/health","statusCode":200}
[2025-11-08T06:36:37.593Z] [INFO] HTTP GET /health | {"method":"GET","url":"/health"}
[2025-11-08T06:36:37.594Z] [INFO] HTTP GET /health | {"method":"GET","url":"/health","statusCode":200,"duration":"1ms"}
[2025-11-08T06:36:55.685Z] [INFO] HTTP GET /health | {"method":"GET","url":"/health"}
[2025-11-08T06:36:55.685Z] [INFO] HTTP GET /health | {"method":"GET","url":"/health","statusCode":200}
[2025-11-08T06:37:07.716Z] [INFO] HTTP GET /health | {"method":"GET","url":"/health"}
[2025-11-08T06:37:07.716Z] [INFO] HTTP GET /health | {"method":"GET","url":"/health","statusCode":200,"duration":"1ms"}
[2025-11-08T06:37:25.792Z] [INFO] HTTP GET /health | {"method":"GET","url":"/health"}
[2025-11-08T06:37:25.793Z] [INFO] HTTP GET /health | {"method":"GET","url":"/health","statusCode":200}
[2025-11-08T06:37:37.847Z] [INFO] HTTP GET /health | {"method":"GET","url":"/health"}
[2025-11-08T06:37:37.847Z] [INFO] HTTP GET /health | {"method":"GET","url":"/health","statusCode":200,"duration":"1ms"}
[2025-11-08T06:37:55.908Z] [INFO] HTTP GET /health | {"method":"GET","url":"/health"}
[2025-11-08T06:37:55.909Z] [INFO] HTTP GET /health | {"method":"GET","url":"/health","statusCode":200}
[2025-11-08T06:38:07.987Z] [INFO] HTTP GET /health | {"method":"GET","url":"/health"}
[2025-11-08T06:38:07.988Z] [INFO] HTTP GET /health | {"method":"GET","url":"/health","statusCode":200,"duration":"1ms"}
[2025-11-08T06:38:26.040Z] [INFO] HTTP GET /health | {"method":"GET","url":"/health"}
[2025-11-08T06:38:26.040Z] [INFO] HTTP GET /health | {"method":"GET","url":"/health","statusCode":200,"duration":"1ms"}
[2025-11-08T06:38:38.109Z] [INFO] HTTP GET /health | {"method":"GET","url":"/health"}
[2025-11-08T06:38:38.110Z] [INFO] HTTP GET /health | {"method":"GET","url":"/health","statusCode":200,"duration":"1ms"}
[2025-11-08T06:38:56.182Z] [INFO] HTTP GET /health | {"method":"GET","url":"/health"}
[2025-11-08T06:38:56.183Z] [INFO] HTTP GET /health | {"method":"GET","url":"/health","statusCode":200}
[2025-11-08T06:39:08.221Z] [INFO] HTTP GET /health | {"method":"GET","url":"/health"}
[2025-11-08T06:39:08.222Z] [INFO] HTTP GET /health | {"method":"GET","url":"/health","statusCode":200,"duration":"1ms"}
[2025-11-08T06:39:26.315Z] [INFO] HTTP GET /health | {"method":"GET","url":"/health"}
[2025-11-08T06:39:26.315Z] [INFO] HTTP GET /health | {"method":"GET","url":"/health","statusCode":200}
[2025-11-08T06:39:38.333Z] [INFO] HTTP GET /health | {"method":"GET","url":"/health"}
[2025-11-08T06:39:38.334Z] [INFO] HTTP GET /health | {"method":"GET","url":"/health","statusCode":200,"duration":"1ms"}
[2025-11-08T06:39:56.439Z] [INFO] HTTP GET /health | {"method":"GET","url":"/health"}
[2025-11-08T06:39:56.439Z] [INFO] HTTP GET /health | {"method":"GET","url":"/health","statusCode":200,"duration":"1ms"}
[2025-11-08T06:40:08.449Z] [INFO] HTTP GET /health | {"method":"GET","url":"/health"}
[2025-11-08T06:40:08.450Z] [INFO] HTTP GET /health | {"method":"GET","url":"/health","statusCode":200,"duration":"1ms"}
[2025-11-08T06:40:26.556Z] [INFO] HTTP GET /health | {"method":"GET","url":"/health"}
[2025-11-08T06:40:26.556Z] [INFO] HTTP GET /health | {"method":"GET","url":"/health","statusCode":200}
[2025-11-08T06:40:38.556Z] [INFO] HTTP GET /health | {"method":"GET","url":"/health"}
[2025-11-08T06:40:38.556Z] [INFO] HTTP GET /health | {"method":"GET","url":"/health","statusCode":200}
[2025-11-08T06:40:56.681Z] [INFO] HTTP GET /health | {"method":"GET","url":"/health"}
[2025-11-08T06:40:56.682Z] [INFO] HTTP GET /health | {"method":"GET","url":"/health","statusCode":200,"duration":"1ms"}
[2025-11-08T06:41:08.676Z] [INFO] HTTP GET /health | {"method":"GET","url":"/health"}
[2025-11-08T06:41:08.676Z] [INFO] HTTP GET /health | {"method":"GET","url":"/health","statusCode":200}
[2025-11-08T06:41:26.793Z] [INFO] HTTP GET /health | {"method":"GET","url":"/health"}
[2025-11-08T06:41:26.793Z] [INFO] HTTP GET /health | {"method":"GET","url":"/health","statusCode":200}
[2025-11-08T06:41:38.777Z] [INFO] HTTP GET /health | {"method":"GET","url":"/health"}
[2025-11-08T06:41:38.777Z] [INFO] HTTP GET /health | {"method":"GET","url":"/health","statusCode":200}
[2025-11-08T06:41:56.908Z] [INFO] HTTP GET /health | {"method":"GET","url":"/health"}
[2025-11-08T06:41:56.909Z] [INFO] HTTP GET /health | {"method":"GET","url":"/health","statusCode":200}
[2025-11-08T06:42:08.895Z] [INFO] HTTP GET /health | {"method":"GET","url":"/health"}
[2025-11-08T06:42:08.896Z] [INFO] HTTP GET /health | {"method":"GET","url":"/health","statusCode":200,"duration":"1ms"}
[2025-11-08T06:42:27.036Z] [INFO] HTTP GET /health | {"method":"GET","url":"/health"}
[2025-11-08T06:42:27.037Z] [INFO] HTTP GET /health | {"method":"GET","url":"/health","statusCode":200,"duration":"1ms"}
[2025-11-08T06:42:39.026Z] [INFO] HTTP GET /health | {"method":"GET","url":"/health"}
[2025-11-08T06:42:39.026Z] [INFO] HTTP GET /health | {"method":"GET","url":"/health","statusCode":200}
[2025-11-08T06:42:57.153Z] [INFO] HTTP GET /health | {"method":"GET","url":"/health"}
[2025-11-08T06:42:57.154Z] [INFO] HTTP GET /health | {"method":"GET","url":"/health","statusCode":200,"duration":"1ms"}
[2025-11-08T06:43:09.146Z] [INFO] HTTP GET /health | {"method":"GET","url":"/health"}
[2025-11-08T06:43:09.146Z] [INFO] HTTP GET /health | {"method":"GET","url":"/health","statusCode":200}
[2025-11-08T06:43:27.287Z] [INFO] HTTP GET /health | {"method":"GET","url":"/health"}
[2025-11-08T06:43:27.288Z] [INFO] HTTP GET /health | {"method":"GET","url":"/health","statusCode":200}
[2025-11-08T06:43:39.265Z] [INFO] HTTP GET /health | {"method":"GET","url":"/health"}
[2025-11-08T06:43:39.265Z] [INFO] HTTP GET /health | {"method":"GET","url":"/health","statusCode":200}
[2025-11-08T06:43:57.421Z] [INFO] HTTP GET /health | {"method":"GET","url":"/health"}
[2025-11-08T06:43:57.422Z] [INFO] HTTP GET /health | {"method":"GET","url":"/health","statusCode":200}
[2025-11-08T06:44:09.364Z] [INFO] HTTP GET /health | {"method":"GET","url":"/health"}
[2025-11-08T06:44:09.364Z] [INFO] HTTP GET /health | {"method":"GET","url":"/health","statusCode":200}
[2025-11-08T06:44:27.550Z] [INFO] HTTP GET /health | {"method":"GET","url":"/health"}
[2025-11-08T06:44:27.550Z] [INFO] HTTP GET /health | {"method":"GET","url":"/health","statusCode":200}
[2025-11-08T06:44:39.510Z] [INFO] HTTP GET /health | {"method":"GET","url":"/health"}
[2025-11-08T06:44:39.510Z] [INFO] HTTP GET /health | {"method":"GET","url":"/health","statusCode":200,"duration":"1ms"}
[2025-11-08T06:44:57.657Z] [INFO] HTTP GET /health | {"method":"GET","url":"/health"}
[2025-11-08T06:44:57.658Z] [INFO] HTTP GET /health | {"method":"GET","url":"/health","statusCode":200,"duration":"1ms"}
[2025-11-08T06:45:09.616Z] [INFO] HTTP GET /health | {"method":"GET","url":"/health"}
[2025-11-08T06:45:09.616Z] [INFO] HTTP GET /health | {"method":"GET","url":"/health","statusCode":200}
[2025-11-08T06:45:27.890Z] [INFO] HTTP GET /health | {"method":"GET","url":"/health"}
[2025-11-08T06:45:27.891Z] [INFO] HTTP GET /health | {"method":"GET","url":"/health","statusCode":200}
[2025-11-08T06:45:39.719Z] [INFO] HTTP GET /health | {"method":"GET","url":"/health"}
[2025-11-08T06:45:39.720Z] [INFO] HTTP GET /health | {"method":"GET","url":"/health","statusCode":200,"duration":"1ms"}
[2025-11-08T06:45:58.023Z] [INFO] HTTP GET /health | {"method":"GET","url":"/health"}
[2025-11-08T06:45:58.023Z] [INFO] HTTP GET /health | {"method":"GET","url":"/health","statusCode":200}
[2025-11-08T06:46:09.823Z] [INFO] HTTP GET /health | {"method":"GET","url":"/health"}
[2025-11-08T06:46:09.824Z] [INFO] HTTP GET /health | {"method":"GET","url":"/health","statusCode":200,"duration":"1ms"}
[2025-11-08T06:46:28.166Z] [INFO] HTTP GET /health | {"method":"GET","url":"/health"}
[2025-11-08T06:46:28.167Z] [INFO] HTTP GET /health | {"method":"GET","url":"/health","statusCode":200}
[2025-11-08T06:46:39.955Z] [INFO] HTTP GET /health | {"method":"GET","url":"/health"}
[2025-11-08T06:46:39.955Z] [INFO] HTTP GET /health | {"method":"GET","url":"/health","statusCode":200,"duration":"1ms"}
[2025-11-08T06:46:58.296Z] [INFO] HTTP GET /health | {"method":"GET","url":"/health"}
[2025-11-08T06:46:58.296Z] [INFO] HTTP GET /health | {"method":"GET","url":"/health","statusCode":200,"duration":"1ms"}
[2025-11-08T06:47:10.068Z] [INFO] HTTP GET /health | {"method":"GET","url":"/health"}
[2025-11-08T06:47:10.069Z] [INFO] HTTP GET /health | {"method":"GET","url":"/health","statusCode":200,"duration":"1ms"}
[2025-11-08T06:47:28.397Z] [INFO] HTTP GET /health | {"method":"GET","url":"/health"}
[2025-11-08T06:47:28.397Z] [INFO] HTTP GET /health | {"method":"GET","url":"/health","statusCode":200}
[2025-11-08T06:47:40.333Z] [INFO] HTTP GET /health | {"method":"GET","url":"/health"}
[2025-11-08T06:47:40.333Z] [INFO] HTTP GET /health | {"method":"GET","url":"/health","statusCode":200,"duration":"1ms"}
[2025-11-08T06:47:58.502Z] [INFO] HTTP GET /health | {"method":"GET","url":"/health"}
[2025-11-08T06:47:58.503Z] [INFO] HTTP GET /health | {"method":"GET","url":"/health","statusCode":200,"duration":"1ms"}
[2025-11-08T06:48:10.447Z] [INFO] HTTP GET /health | {"method":"GET","url":"/health"}
[2025-11-08T06:48:10.448Z] [INFO] HTTP GET /health | {"method":"GET","url":"/health","statusCode":200,"duration":"1ms"}
[2025-11-08T06:48:28.623Z] [INFO] HTTP GET /health | {"method":"GET","url":"/health"}
[2025-11-08T06:48:28.624Z] [INFO] HTTP GET /health | {"method":"GET","url":"/health","statusCode":200}
[2025-11-08T06:48:40.576Z] [INFO] HTTP GET /health | {"method":"GET","url":"/health"}
[2025-11-08T06:48:40.576Z] [INFO] HTTP GET /health | {"method":"GET","url":"/health","statusCode":200}
[2025-11-08T06:48:58.741Z] [INFO] HTTP GET /health | {"method":"GET","url":"/health"}
[2025-11-08T06:48:58.742Z] [INFO] HTTP GET /health | {"method":"GET","url":"/health","statusCode":200}
[2025-11-08T06:49:10.699Z] [INFO] HTTP GET /health | {"method":"GET","url":"/health"}
[2025-11-08T06:49:10.700Z] [INFO] HTTP GET /health | {"method":"GET","url":"/health","statusCode":200,"duration":"1ms"}
[2025-11-08T06:49:28.863Z] [INFO] HTTP GET /health | {"method":"GET","url":"/health"}
[2025-11-08T06:49:28.864Z] [INFO] HTTP GET /health | {"method":"GET","url":"/health","statusCode":200}
[2025-11-08T06:49:40.808Z] [INFO] HTTP GET /health | {"method":"GET","url":"/health"}
[2025-11-08T06:49:40.809Z] [INFO] HTTP GET /health | {"method":"GET","url":"/health","statusCode":200,"duration":"1ms"}
[2025-11-08T06:49:58.949Z] [INFO] HTTP GET /health | {"method":"GET","url":"/health"}
[2025-11-08T06:49:58.949Z] [INFO] HTTP GET /health | {"method":"GET","url":"/health","statusCode":200,"duration":"1ms"}
[2025-11-08T06:50:10.910Z] [INFO] HTTP GET /health | {"method":"GET","url":"/health"}
[2025-11-08T06:50:10.911Z] [INFO] HTTP GET /health | {"method":"GET","url":"/health","statusCode":200,"duration":"1ms"}
[2025-11-08T06:50:29.063Z] [INFO] HTTP GET /health | {"method":"GET","url":"/health"}
[2025-11-08T06:50:29.063Z] [INFO] HTTP GET /health | {"method":"GET","url":"/health","statusCode":200,"duration":"1ms"}
[2025-11-08T06:50:41.029Z] [INFO] HTTP GET /health | {"method":"GET","url":"/health"}
[2025-11-08T06:50:41.029Z] [INFO] HTTP GET /health | {"method":"GET","url":"/health","statusCode":200}
[2025-11-08T06:50:59.163Z] [INFO] HTTP GET /health | {"method":"GET","url":"/health"}
[2025-11-08T06:50:59.164Z] [INFO] HTTP GET /health | {"method":"GET","url":"/health","statusCode":200}
[2025-11-08T06:51:11.159Z] [INFO] HTTP GET /health | {"method":"GET","url":"/health"}
[2025-11-08T06:51:11.160Z] [INFO] HTTP GET /health | {"method":"GET","url":"/health","statusCode":200}
[2025-11-08T06:51:29.282Z] [INFO] HTTP GET /health | {"method":"GET","url":"/health"}
[2025-11-08T06:51:29.282Z] [INFO] HTTP GET /health | {"method":"GET","url":"/health","statusCode":200,"duration":"1ms"}
[2025-11-08T06:51:41.293Z] [INFO] HTTP GET /health | {"method":"GET","url":"/health"}
[2025-11-08T06:51:41.294Z] [INFO] HTTP GET /health | {"method":"GET","url":"/health","statusCode":200}
[2025-11-08T06:51:59.424Z] [INFO] HTTP GET /health | {"method":"GET","url":"/health"}
[2025-11-08T06:51:59.425Z] [INFO] HTTP GET /health | {"method":"GET","url":"/health","statusCode":200,"duration":"1ms"}
[2025-11-08T06:52:11.389Z] [INFO] HTTP GET /health | {"method":"GET","url":"/health"}
[2025-11-08T06:52:11.389Z] [INFO] HTTP GET /health | {"method":"GET","url":"/health","statusCode":200,"duration":"1ms"}
[2025-11-08T06:52:29.537Z] [INFO] HTTP GET /health | {"method":"GET","url":"/health"}
[2025-11-08T06:52:29.538Z] [INFO] HTTP GET /health | {"method":"GET","url":"/health","statusCode":200,"duration":"1ms"}
[2025-11-08T06:52:41.495Z] [INFO] HTTP GET /health | {"method":"GET","url":"/health"}
[2025-11-08T06:52:41.496Z] [INFO] HTTP GET /health | {"method":"GET","url":"/health","statusCode":200,"duration":"1ms"}
[2025-11-08T06:52:59.637Z] [INFO] HTTP GET /health | {"method":"GET","url":"/health"}
[2025-11-08T06:52:59.638Z] [INFO] HTTP GET /health | {"method":"GET","url":"/health","statusCode":200,"duration":"1ms"}
[2025-11-08T06:53:11.599Z] [INFO] HTTP GET /health | {"method":"GET","url":"/health"}
[2025-11-08T06:53:11.600Z] [INFO] HTTP GET /health | {"method":"GET","url":"/health","statusCode":200,"duration":"1ms"}
[2025-11-08T06:53:29.744Z] [INFO] HTTP GET /health | {"method":"GET","url":"/health"}
[2025-11-08T06:53:29.745Z] [INFO] HTTP GET /health | {"method":"GET","url":"/health","statusCode":200}
[2025-11-08T06:53:41.701Z] [INFO] HTTP GET /health | {"method":"GET","url":"/health"}
[2025-11-08T06:53:41.702Z] [INFO] HTTP GET /health | {"method":"GET","url":"/health","statusCode":200,"duration":"1ms"}
[2025-11-08T06:53:59.855Z] [INFO] HTTP GET /health | {"method":"GET","url":"/health"}
[2025-11-08T06:53:59.856Z] [INFO] HTTP GET /health | {"method":"GET","url":"/health","statusCode":200,"duration":"1ms"}
[2025-11-08T06:54:11.809Z] [INFO] HTTP GET /health | {"method":"GET","url":"/health"}
[2025-11-08T06:54:11.810Z] [INFO] HTTP GET /health | {"method":"GET","url":"/health","statusCode":200,"duration":"1ms"}
[2025-11-08T06:54:29.978Z] [INFO] HTTP GET /health | {"method":"GET","url":"/health"}
[2025-11-08T06:54:29.979Z] [INFO] HTTP GET /health | {"method":"GET","url":"/health","statusCode":200,"duration":"1ms"}
[2025-11-08T06:54:41.919Z] [INFO] HTTP GET /health | {"method":"GET","url":"/health"}
[2025-11-08T06:54:41.920Z] [INFO] HTTP GET /health | {"method":"GET","url":"/health","statusCode":200,"duration":"1ms"}
[2025-11-08T06:55:00.111Z] [INFO] HTTP GET /health | {"method":"GET","url":"/health"}
[2025-11-08T06:55:00.112Z] [INFO] HTTP GET /health | {"method":"GET","url":"/health","statusCode":200,"duration":"1ms"}
[2025-11-08T06:55:12.030Z] [INFO] HTTP GET /health | {"method":"GET","url":"/health"}
[2025-11-08T06:55:12.031Z] [INFO] HTTP GET /health | {"method":"GET","url":"/health","statusCode":200}
[2025-11-08T06:55:30.232Z] [INFO] HTTP GET /health | {"method":"GET","url":"/health"}
[2025-11-08T06:55:30.233Z] [INFO] HTTP GET /health | {"method":"GET","url":"/health","statusCode":200}
[2025-11-08T06:55:42.149Z] [INFO] HTTP GET /health | {"method":"GET","url":"/health"}
[2025-11-08T06:55:42.150Z] [INFO] HTTP GET /health | {"method":"GET","url":"/health","statusCode":200,"duration":"1ms"}
[2025-11-08T06:56:00.358Z] [INFO] HTTP GET /health | {"method":"GET","url":"/health"}
[2025-11-08T06:56:00.359Z] [INFO] HTTP GET /health | {"method":"GET","url":"/health","statusCode":200,"duration":"1ms"}
[2025-11-08T06:56:12.295Z] [INFO] HTTP GET /health | {"method":"GET","url":"/health"}
[2025-11-08T06:56:12.295Z] [INFO] HTTP GET /health | {"method":"GET","url":"/health","statusCode":200}
[2025-11-08T06:56:30.468Z] [INFO] HTTP GET /health | {"method":"GET","url":"/health"}
[2025-11-08T06:56:30.469Z] [INFO] HTTP GET /health | {"method":"GET","url":"/health","statusCode":200,"duration":"1ms"}
[2025-11-08T06:56:42.421Z] [INFO] HTTP GET /health | {"method":"GET","url":"/health"}
[2025-11-08T06:56:42.422Z] [INFO] HTTP GET /health | {"method":"GET","url":"/health","statusCode":200,"duration":"1ms"}
[2025-11-08T06:57:00.602Z] [INFO] HTTP GET /health | {"method":"GET","url":"/health"}
[2025-11-08T06:57:00.603Z] [INFO] HTTP GET /health | {"method":"GET","url":"/health","statusCode":200}
[2025-11-08T06:57:12.542Z] [INFO] HTTP GET /health | {"method":"GET","url":"/health"}
[2025-11-08T06:57:12.543Z] [INFO] HTTP GET /health | {"method":"GET","url":"/health","statusCode":200}
[2025-11-08T06:57:30.736Z] [INFO] HTTP GET /health | {"method":"GET","url":"/health"}
[2025-11-08T06:57:30.737Z] [INFO] HTTP GET /health | {"method":"GET","url":"/health","statusCode":200}
[2025-11-08T06:57:42.673Z] [INFO] HTTP GET /health | {"method":"GET","url":"/health"}
[2025-11-08T06:57:42.674Z] [INFO] HTTP GET /health | {"method":"GET","url":"/health","statusCode":200,"duration":"1ms"}
[2025-11-08T06:58:00.850Z] [INFO] HTTP GET /health | {"method":"GET","url":"/health"}
[2025-11-08T06:58:00.851Z] [INFO] HTTP GET /health | {"method":"GET","url":"/health","statusCode":200}
[2025-11-08T06:58:12.790Z] [INFO] HTTP GET /health | {"method":"GET","url":"/health"}
[2025-11-08T06:58:12.791Z] [INFO] HTTP GET /health | {"method":"GET","url":"/health","statusCode":200,"duration":"1ms"}
[2025-11-08T06:58:30.970Z] [INFO] HTTP GET /health | {"method":"GET","url":"/health"}
[2025-11-08T06:58:30.971Z] [INFO] HTTP GET /health | {"method":"GET","url":"/health","statusCode":200,"duration":"1ms"}
[2025-11-08T06:58:42.903Z] [INFO] HTTP GET /health | {"method":"GET","url":"/health"}
[2025-11-08T06:58:42.903Z] [INFO] HTTP GET /health | {"method":"GET","url":"/health","statusCode":200}
[2025-11-08T06:59:01.138Z] [INFO] HTTP GET /health | {"method":"GET","url":"/health"}
[2025-11-08T06:59:01.139Z] [INFO] HTTP GET /health | {"method":"GET","url":"/health","statusCode":200,"duration":"1ms"}
[2025-11-08T06:59:13.028Z] [INFO] HTTP GET /health | {"method":"GET","url":"/health"}
[2025-11-08T06:59:13.029Z] [INFO] HTTP GET /health | {"method":"GET","url":"/health","statusCode":200,"duration":"1ms"}
[2025-11-08T06:59:31.281Z] [INFO] HTTP GET /health | {"method":"GET","url":"/health"}
[2025-11-08T06:59:31.281Z] [INFO] HTTP GET /health | {"method":"GET","url":"/health","statusCode":200}
[2025-11-08T06:59:43.124Z] [INFO] HTTP GET /health | {"method":"GET","url":"/health"}
[2025-11-08T06:59:43.125Z] [INFO] HTTP GET /health | {"method":"GET","url":"/health","statusCode":200,"duration":"1ms"}
[2025-11-08T07:00:01.419Z] [INFO] HTTP GET /health | {"method":"GET","url":"/health"}
[2025-11-08T07:00:01.419Z] [INFO] HTTP GET /health | {"method":"GET","url":"/health","statusCode":200,"duration":"1ms"}
[2025-11-08T07:00:13.228Z] [INFO] HTTP GET /health | {"method":"GET","url":"/health"}
[2025-11-08T07:00:13.229Z] [INFO] HTTP GET /health | {"method":"GET","url":"/health","statusCode":200,"duration":"1ms"}
[2025-11-08T07:00:31.542Z] [INFO] HTTP GET /health | {"method":"GET","url":"/health"}
[2025-11-08T07:00:31.543Z] [INFO] HTTP GET /health | {"method":"GET","url":"/health","statusCode":200,"duration":"1ms"}
[2025-11-08T07:00:43.338Z] [INFO] HTTP GET /health | {"method":"GET","url":"/health"}
[2025-11-08T07:00:43.338Z] [INFO] HTTP GET /health | {"method":"GET","url":"/health","statusCode":200}
[2025-11-08T07:01:01.681Z] [INFO] HTTP GET /health | {"method":"GET","url":"/health"}
[2025-11-08T07:01:01.681Z] [INFO] HTTP GET /health | {"method":"GET","url":"/health","statusCode":200}
[2025-11-08T07:01:13.456Z] [INFO] HTTP GET /health | {"method":"GET","url":"/health"}
[2025-11-08T07:01:13.457Z] [INFO] HTTP GET /health | {"method":"GET","url":"/health","statusCode":200,"duration":"1ms"}
[2025-11-08T07:01:31.819Z] [INFO] HTTP GET /health | {"method":"GET","url":"/health"}
[2025-11-08T07:01:31.819Z] [INFO] HTTP GET /health | {"method":"GET","url":"/health","statusCode":200}
[2025-11-08T07:01:43.568Z] [INFO] HTTP GET /health | {"method":"GET","url":"/health"}
[2025-11-08T07:01:43.569Z] [INFO] HTTP GET /health | {"method":"GET","url":"/health","statusCode":200,"duration":"1ms"}
[2025-11-08T07:02:01.941Z] [INFO] HTTP GET /health | {"method":"GET","url":"/health"}
[2025-11-08T07:02:01.942Z] [INFO] HTTP GET /health | {"method":"GET","url":"/health","statusCode":200,"duration":"1ms"}
[2025-11-08T07:02:13.676Z] [INFO] HTTP GET /health | {"method":"GET","url":"/health"}
[2025-11-08T07:02:13.676Z] [INFO] HTTP GET /health | {"method":"GET","url":"/health","statusCode":200,"duration":"1ms"}
[2025-11-08T07:02:32.083Z] [INFO] HTTP GET /health | {"method":"GET","url":"/health"}
[2025-11-08T07:02:32.083Z] [INFO] HTTP GET /health | {"method":"GET","url":"/health","statusCode":200,"duration":"1ms"}
[2025-11-08T07:02:43.807Z] [INFO] HTTP GET /health | {"method":"GET","url":"/health"}
[2025-11-08T07:02:43.807Z] [INFO] HTTP GET /health | {"method":"GET","url":"/health","statusCode":200,"duration":"1ms"}
[2025-11-08T07:03:02.252Z] [INFO] HTTP GET /health | {"method":"GET","url":"/health"}
[2025-11-08T07:03:02.253Z] [INFO] HTTP GET /health | {"method":"GET","url":"/health","statusCode":200,"duration":"1ms"}
[2025-11-08T07:03:13.918Z] [INFO] HTTP GET /health | {"method":"GET","url":"/health"}
[2025-11-08T07:03:13.918Z] [INFO] HTTP GET /health | {"method":"GET","url":"/health","statusCode":200,"duration":"1ms"}
[2025-11-08T07:03:32.366Z] [INFO] HTTP GET /health | {"method":"GET","url":"/health"}
[2025-11-08T07:03:32.367Z] [INFO] HTTP GET /health | {"method":"GET","url":"/health","statusCode":200}
[2025-11-08T07:03:44.056Z] [INFO] HTTP GET /health | {"method":"GET","url":"/health"}
[2025-11-08T07:03:44.056Z] [INFO] HTTP GET /health | {"method":"GET","url":"/health","statusCode":200,"duration":"1ms"}
[2025-11-08T07:04:02.493Z] [INFO] HTTP GET /health | {"method":"GET","url":"/health"}
[2025-11-08T07:04:02.493Z] [INFO] HTTP GET /health | {"method":"GET","url":"/health","statusCode":200,"duration":"1ms"}
[2025-11-08T07:04:14.171Z] [INFO] HTTP GET /health | {"method":"GET","url":"/health"}
[2025-11-08T07:04:14.171Z] [INFO] HTTP GET /health | {"method":"GET","url":"/health","statusCode":200,"duration":"1ms"}
[2025-11-08T07:04:32.613Z] [INFO] HTTP GET /health | {"method":"GET","url":"/health"}
[2025-11-08T07:04:32.613Z] [INFO] HTTP GET /health | {"method":"GET","url":"/health","statusCode":200}
[2025-11-08T07:04:44.286Z] [INFO] HTTP GET /health | {"method":"GET","url":"/health"}
[2025-11-08T07:04:44.287Z] [INFO] HTTP GET /health | {"method":"GET","url":"/health","statusCode":200}
[2025-11-08T07:05:02.788Z] [INFO] HTTP GET /health | {"method":"GET","url":"/health"}
[2025-11-08T07:05:02.789Z] [INFO] HTTP GET /health | {"method":"GET","url":"/health","statusCode":200,"duration":"1ms"}
[2025-11-08T07:05:14.409Z] [INFO] HTTP GET /health | {"method":"GET","url":"/health"}
[2025-11-08T07:05:14.410Z] [INFO] HTTP GET /health | {"method":"GET","url":"/health","statusCode":200}
[2025-11-08T07:05:32.899Z] [INFO] HTTP GET /health | {"method":"GET","url":"/health"}
[2025-11-08T07:05:32.900Z] [INFO] HTTP GET /health | {"method":"GET","url":"/health","statusCode":200,"duration":"1ms"}
[2025-11-08T07:05:44.514Z] [INFO] HTTP GET /health | {"method":"GET","url":"/health"}
[2025-11-08T07:05:44.515Z] [INFO] HTTP GET /health | {"method":"GET","url":"/health","statusCode":200}
[2025-11-08T07:06:03.016Z] [INFO] HTTP GET /health | {"method":"GET","url":"/health"}
[2025-11-08T07:06:03.017Z] [INFO] HTTP GET /health | {"method":"GET","url":"/health","statusCode":200,"duration":"1ms"}
[2025-11-08T07:06:14.624Z] [INFO] HTTP GET /health | {"method":"GET","url":"/health"}
[2025-11-08T07:06:14.625Z] [INFO] HTTP GET /health | {"method":"GET","url":"/health","statusCode":200,"duration":"1ms"}
[2025-11-08T07:06:33.129Z] [INFO] HTTP GET /health | {"method":"GET","url":"/health"}
[2025-11-08T07:06:33.129Z] [INFO] HTTP GET /health | {"method":"GET","url":"/health","statusCode":200}
[2025-11-08T07:06:44.760Z] [INFO] HTTP GET /health | {"method":"GET","url":"/health"}
[2025-11-08T07:06:44.761Z] [INFO] HTTP GET /health | {"method":"GET","url":"/health","statusCode":200}
[2025-11-08T07:07:03.241Z] [INFO] HTTP GET /health | {"method":"GET","url":"/health"}
[2025-11-08T07:07:03.241Z] [INFO] HTTP GET /health | {"method":"GET","url":"/health","statusCode":200,"duration":"1ms"}
[2025-11-08T07:07:14.867Z] [INFO] HTTP GET /health | {"method":"GET","url":"/health"}
[2025-11-08T07:07:14.867Z] [INFO] HTTP GET /health | {"method":"GET","url":"/health","statusCode":200}
[2025-11-08T07:07:33.353Z] [INFO] HTTP GET /health | {"method":"GET","url":"/health"}
[2025-11-08T07:07:33.353Z] [INFO] HTTP GET /health | {"method":"GET","url":"/health","statusCode":200,"duration":"1ms"}
[2025-11-08T07:07:44.975Z] [INFO] HTTP GET /health | {"method":"GET","url":"/health"}
[2025-11-08T07:07:44.975Z] [INFO] HTTP GET /health | {"method":"GET","url":"/health","statusCode":200,"duration":"1ms"}
[2025-11-08T07:08:03.470Z] [INFO] HTTP GET /health | {"method":"GET","url":"/health"}
[2025-11-08T07:08:03.471Z] [INFO] HTTP GET /health | {"method":"GET","url":"/health","statusCode":200,"duration":"1ms"}
[2025-11-08T07:08:15.081Z] [INFO] HTTP GET /health | {"method":"GET","url":"/health"}
[2025-11-08T07:08:15.081Z] [INFO] HTTP GET /health | {"method":"GET","url":"/health","statusCode":200}
[2025-11-08T07:08:33.577Z] [INFO] HTTP GET /health | {"method":"GET","url":"/health"}
[2025-11-08T07:08:33.577Z] [INFO] HTTP GET /health | {"method":"GET","url":"/health","statusCode":200,"duration":"1ms"}
[2025-11-08T07:08:45.190Z] [INFO] HTTP GET /health | {"method":"GET","url":"/health"}
[2025-11-08T07:08:45.190Z] [INFO] HTTP GET /health | {"method":"GET","url":"/health","statusCode":200,"duration":"1ms"}
[2025-11-08T07:09:03.695Z] [INFO] HTTP GET /health | {"method":"GET","url":"/health"}
[2025-11-08T07:09:03.695Z] [INFO] HTTP GET /health | {"method":"GET","url":"/health","statusCode":200}
[2025-11-08T07:09:15.295Z] [INFO] HTTP GET /health | {"method":"GET","url":"/health"}
[2025-11-08T07:09:15.296Z] [INFO] HTTP GET /health | {"method":"GET","url":"/health","statusCode":200,"duration":"1ms"}
[2025-11-08T07:09:33.821Z] [INFO] HTTP GET /health | {"method":"GET","url":"/health"}
[2025-11-08T07:09:33.821Z] [INFO] HTTP GET /health | {"method":"GET","url":"/health","statusCode":200,"duration":"1ms"}
[2025-11-08T07:09:45.419Z] [INFO] HTTP GET /health | {"method":"GET","url":"/health"}
[2025-11-08T07:09:45.420Z] [INFO] HTTP GET /health | {"method":"GET","url":"/health","statusCode":200,"duration":"1ms"}
[2025-11-08T07:10:03.936Z] [INFO] HTTP GET /health | {"method":"GET","url":"/health"}
[2025-11-08T07:10:03.936Z] [INFO] HTTP GET /health | {"method":"GET","url":"/health","statusCode":200,"duration":"1ms"}
[2025-11-08T07:10:15.546Z] [INFO] HTTP GET /health | {"method":"GET","url":"/health"}
[2025-11-08T07:10:15.547Z] [INFO] HTTP GET /health | {"method":"GET","url":"/health","statusCode":200,"duration":"1ms"}
[2025-11-08T07:10:34.044Z] [INFO] HTTP GET /health | {"method":"GET","url":"/health"}
[2025-11-08T07:10:34.045Z] [INFO] HTTP GET /health | {"method":"GET","url":"/health","statusCode":200,"duration":"1ms"}
[2025-11-08T07:10:45.671Z] [INFO] HTTP GET /health | {"method":"GET","url":"/health"}
[2025-11-08T07:10:45.672Z] [INFO] HTTP GET /health | {"method":"GET","url":"/health","statusCode":200,"duration":"1ms"}
[2025-11-08T07:11:04.167Z] [INFO] HTTP GET /health | {"method":"GET","url":"/health"}
[2025-11-08T07:11:04.168Z] [INFO] HTTP GET /health | {"method":"GET","url":"/health","statusCode":200,"duration":"1ms"}
[2025-11-08T07:11:15.801Z] [INFO] HTTP GET /health | {"method":"GET","url":"/health"}
[2025-11-08T07:11:15.802Z] [INFO] HTTP GET /health | {"method":"GET","url":"/health","statusCode":200,"duration":"1ms"}
[2025-11-08T07:11:34.304Z] [INFO] HTTP GET /health | {"method":"GET","url":"/health"}
[2025-11-08T07:11:34.305Z] [INFO] HTTP GET /health | {"method":"GET","url":"/health","statusCode":200,"duration":"1ms"}
[2025-11-08T07:11:45.956Z] [INFO] HTTP GET /health | {"method":"GET","url":"/health"}
[2025-11-08T07:11:45.956Z] [INFO] HTTP GET /health | {"method":"GET","url":"/health","statusCode":200,"duration":"1ms"}
[2025-11-08T07:12:04.411Z] [INFO] HTTP GET /health | {"method":"GET","url":"/health"}
[2025-11-08T07:12:04.412Z] [INFO] HTTP GET /health | {"method":"GET","url":"/health","statusCode":200}
[2025-11-08T07:12:16.061Z] [INFO] HTTP GET /health | {"method":"GET","url":"/health"}
[2025-11-08T07:12:16.062Z] [INFO] HTTP GET /health | {"method":"GET","url":"/health","statusCode":200}
[2025-11-08T07:12:34.531Z] [INFO] HTTP GET /health | {"method":"GET","url":"/health"}
[2025-11-08T07:12:34.532Z] [INFO] HTTP GET /health | {"method":"GET","url":"/health","statusCode":200}
[2025-11-08T07:12:46.348Z] [INFO] HTTP GET /health | {"method":"GET","url":"/health"}
[2025-11-08T07:12:46.348Z] [INFO] HTTP GET /health | {"method":"GET","url":"/health","statusCode":200,"duration":"1ms"}
[2025-11-08T07:13:04.662Z] [INFO] HTTP GET /health | {"method":"GET","url":"/health"}
[2025-11-08T07:13:04.663Z] [INFO] HTTP GET /health | {"method":"GET","url":"/health","statusCode":200}
[2025-11-08T07:13:16.451Z] [INFO] HTTP GET /health | {"method":"GET","url":"/health"}
[2025-11-08T07:13:16.452Z] [INFO] HTTP GET /health | {"method":"GET","url":"/health","statusCode":200,"duration":"1ms"}
[2025-11-08T07:13:34.774Z] [INFO] HTTP GET /health | {"method":"GET","url":"/health"}
[2025-11-08T07:13:34.775Z] [INFO] HTTP GET /health | {"method":"GET","url":"/health","statusCode":200,"duration":"1ms"}
[2025-11-08T07:13:46.656Z] [INFO] HTTP GET /health | {"method":"GET","url":"/health"}
[2025-11-08T07:13:46.657Z] [INFO] HTTP GET /health | {"method":"GET","url":"/health","statusCode":200,"duration":"1ms"}
[2025-11-08T07:14:04.893Z] [INFO] HTTP GET /health | {"method":"GET","url":"/health"}
[2025-11-08T07:14:04.894Z] [INFO] HTTP GET /health | {"method":"GET","url":"/health","statusCode":200,"duration":"1ms"}
[2025-11-08T07:14:16.782Z] [INFO] HTTP GET /health | {"method":"GET","url":"/health"}
[2025-11-08T07:14:16.783Z] [INFO] HTTP GET /health | {"method":"GET","url":"/health","statusCode":200}
[2025-11-08T07:14:35.066Z] [INFO] HTTP GET /health | {"method":"GET","url":"/health"}
[2025-11-08T07:14:35.067Z] [INFO] HTTP GET /health | {"method":"GET","url":"/health","statusCode":200,"duration":"1ms"}
[2025-11-08T07:14:46.888Z] [INFO] HTTP GET /health | {"method":"GET","url":"/health"}
[2025-11-08T07:14:46.888Z] [INFO] HTTP GET /health | {"method":"GET","url":"/health","statusCode":200,"duration":"1ms"}
[2025-11-08T07:15:05.183Z] [INFO] HTTP GET /health | {"method":"GET","url":"/health"}
[2025-11-08T07:15:05.183Z] [INFO] HTTP GET /health | {"method":"GET","url":"/health","statusCode":200,"duration":"1ms"}
[2025-11-08T07:15:17.008Z] [INFO] HTTP GET /health | {"method":"GET","url":"/health"}
[2025-11-08T07:15:17.008Z] [INFO] HTTP GET /health | {"method":"GET","url":"/health","statusCode":200,"duration":"1ms"}
[2025-11-08T07:15:35.288Z] [INFO] HTTP GET /health | {"method":"GET","url":"/health"}
[2025-11-08T07:15:35.288Z] [INFO] HTTP GET /health | {"method":"GET","url":"/health","statusCode":200,"duration":"1ms"}
[2025-11-08T07:15:47.128Z] [INFO] HTTP GET /health | {"method":"GET","url":"/health"}
[2025-11-08T07:15:47.129Z] [INFO] HTTP GET /health | {"method":"GET","url":"/health","statusCode":200,"duration":"1ms"}
[2025-11-08T07:16:05.406Z] [INFO] HTTP GET /health | {"method":"GET","url":"/health"}
[2025-11-08T07:16:05.407Z] [INFO] HTTP GET /health | {"method":"GET","url":"/health","statusCode":200,"duration":"1ms"}
[2025-11-08T07:16:17.245Z] [INFO] HTTP GET /health | {"method":"GET","url":"/health"}
[2025-11-08T07:16:17.245Z] [INFO] HTTP GET /health | {"method":"GET","url":"/health","statusCode":200,"duration":"1ms"}
[2025-11-08T07:16:35.492Z] [INFO] HTTP GET /health | {"method":"GET","url":"/health"}
[2025-11-08T07:16:35.492Z] [INFO] HTTP GET /health | {"method":"GET","url":"/health","statusCode":200,"duration":"1ms"}
[2025-11-08T07:16:47.364Z] [INFO] HTTP GET /health | {"method":"GET","url":"/health"}
[2025-11-08T07:16:47.365Z] [INFO] HTTP GET /health | {"method":"GET","url":"/health","statusCode":200,"duration":"1ms"}
[2025-11-08T07:17:05.608Z] [INFO] HTTP GET /health | {"method":"GET","url":"/health"}
[2025-11-08T07:17:05.609Z] [INFO] HTTP GET /health | {"method":"GET","url":"/health","statusCode":200,"duration":"1ms"}
[2025-11-08T07:17:17.149Z] [WARN] Critical project detected | {"projectId":"690e0e63f9b30a3fa0885833","projectName":"Website Redesign","status":"critical","issues":["Project is 132 days overdue"],"overdueMilestones":0,"totalMilestones":0,"completionRate":0,"daysOverdue":132}
[2025-11-08T07:17:17.164Z] [WARN] Critical project detected | {"projectId":"690e0e63f9b30a3fa0885834","projectName":"Mobile App Development","status":"critical","issues":["Project is 86 days overdue"],"overdueMilestones":0,"totalMilestones":0,"completionRate":0,"daysOverdue":86}
[2025-11-08T07:17:17.172Z] [WARN] Critical project detected | {"projectId":"690e0e63f9b30a3fa0885835","projectName":"Database Migration","status":"critical","issues":["Project is 162 days overdue"],"overdueMilestones":0,"totalMilestones":0,"completionRate":0,"daysOverdue":162}
[2025-11-08T07:17:17.172Z] [INFO] Monitoring report generated | {"totalProjects":4,"critical":3,"warning":0,"healthy":1}
[2025-11-08T07:17:17.173Z] [ERROR] Critical projects detected! | {"count":3,"projects":[{"name":"Website Redesign","issues":["Project is 132 days overdue"]},{"name":"Mobile App Development","issues":["Project is 86 days overdue"]},{"name":"Database Migration","issues":["Project is 162 days overdue"]}]}
[2025-11-08T07:17:17.471Z] [INFO] HTTP GET /health | {"method":"GET","url":"/health"}
[2025-11-08T07:17:17.472Z] [INFO] HTTP GET /health | {"method":"GET","url":"/health","statusCode":200,"duration":"1ms"}
[2025-11-08T07:17:35.696Z] [INFO] HTTP GET /health | {"method":"GET","url":"/health"}
[2025-11-08T07:17:35.696Z] [INFO] HTTP GET /health | {"method":"GET","url":"/health","statusCode":200}
[2025-11-08T07:17:47.577Z] [INFO] HTTP GET /health | {"method":"GET","url":"/health"}
[2025-11-08T07:17:47.578Z] [INFO] HTTP GET /health | {"method":"GET","url":"/health","statusCode":200}
[2025-11-08T07:18:05.798Z] [INFO] HTTP GET /health | {"method":"GET","url":"/health"}
[2025-11-08T07:18:05.799Z] [INFO] HTTP GET /health | {"method":"GET","url":"/health","statusCode":200}
[2025-11-08T07:18:17.684Z] [INFO] HTTP GET /health | {"method":"GET","url":"/health"}
[2025-11-08T07:18:17.685Z] [INFO] HTTP GET /health | {"method":"GET","url":"/health","statusCode":200,"duration":"1ms"}
[2025-11-08T07:18:35.927Z] [INFO] HTTP GET /health | {"method":"GET","url":"/health"}
[2025-11-08T07:18:35.928Z] [INFO] HTTP GET /health | {"method":"GET","url":"/health","statusCode":200,"duration":"1ms"}
[2025-11-08T07:18:47.788Z] [INFO] HTTP GET /health | {"method":"GET","url":"/health"}
[2025-11-08T07:18:47.790Z] [INFO] HTTP GET /health | {"method":"GET","url":"/health","statusCode":200,"duration":"1ms"}
[2025-11-08T07:19:06.047Z] [INFO] HTTP GET /health | {"method":"GET","url":"/health"}
[2025-11-08T07:19:06.048Z] [INFO] HTTP GET /health | {"method":"GET","url":"/health","statusCode":200,"duration":"1ms"}
[2025-11-08T07:19:17.914Z] [INFO] HTTP GET /health | {"method":"GET","url":"/health"}
[2025-11-08T07:19:17.914Z] [INFO] HTTP GET /health | {"method":"GET","url":"/health","statusCode":200,"duration":"1ms"}
[2025-11-08T07:19:36.152Z] [INFO] HTTP GET /health | {"method":"GET","url":"/health"}
[2025-11-08T07:19:36.152Z] [INFO] HTTP GET /health | {"method":"GET","url":"/health","statusCode":200}
[2025-11-08T07:19:48.033Z] [INFO] HTTP GET /health | {"method":"GET","url":"/health"}
[2025-11-08T07:19:48.034Z] [INFO] HTTP GET /health | {"method":"GET","url":"/health","statusCode":200,"duration":"1ms"}
[2025-11-08T07:20:06.264Z] [INFO] HTTP GET /health | {"method":"GET","url":"/health"}
[2025-11-08T07:20:06.265Z] [INFO] HTTP GET /health | {"method":"GET","url":"/health","statusCode":200,"duration":"1ms"}
[2025-11-08T07:20:18.139Z] [INFO] HTTP GET /health | {"method":"GET","url":"/health"}
[2025-11-08T07:20:18.139Z] [INFO] HTTP GET /health | {"method":"GET","url":"/health","statusCode":200}
[2025-11-08T07:20:36.410Z] [INFO] HTTP GET /health | {"method":"GET","url":"/health"}
[2025-11-08T07:20:36.410Z] [INFO] HTTP GET /health | {"method":"GET","url":"/health","statusCode":200}
[2025-11-08T07:20:48.255Z] [INFO] HTTP GET /health | {"method":"GET","url":"/health"}
[2025-11-08T07:20:48.255Z] [INFO] HTTP GET /health | {"method":"GET","url":"/health","statusCode":200,"duration":"1ms"}
[2025-11-08T07:21:06.531Z] [INFO] HTTP GET /health | {"method":"GET","url":"/health"}
[2025-11-08T07:21:06.532Z] [INFO] HTTP GET /health | {"method":"GET","url":"/health","statusCode":200}
[2025-11-08T07:21:18.392Z] [INFO] HTTP GET /health | {"method":"GET","url":"/health"}
[2025-11-08T07:21:18.392Z] [INFO] HTTP GET /health | {"method":"GET","url":"/health","statusCode":200,"duration":"1ms"}
[2025-11-08T07:21:36.639Z] [INFO] HTTP GET /health | {"method":"GET","url":"/health"}
[2025-11-08T07:21:36.639Z] [INFO] HTTP GET /health | {"method":"GET","url":"/health","statusCode":200,"duration":"1ms"}
[2025-11-08T07:21:48.519Z] [INFO] HTTP GET /health | {"method":"GET","url":"/health"}
[2025-11-08T07:21:48.520Z] [INFO] HTTP GET /health | {"method":"GET","url":"/health","statusCode":200,"duration":"1ms"}
[2025-11-08T07:22:06.751Z] [INFO] HTTP GET /health | {"method":"GET","url":"/health"}
[2025-11-08T07:22:06.751Z] [INFO] HTTP GET /health | {"method":"GET","url":"/health","statusCode":200}
[2025-11-08T07:22:18.621Z] [INFO] HTTP GET /health | {"method":"GET","url":"/health"}
[2025-11-08T07:22:18.622Z] [INFO] HTTP GET /health | {"method":"GET","url":"/health","statusCode":200,"duration":"1ms"}
[2025-11-08T07:22:36.878Z] [INFO] HTTP GET /health | {"method":"GET","url":"/health"}
[2025-11-08T07:22:36.879Z] [INFO] HTTP GET /health | {"method":"GET","url":"/health","statusCode":200,"duration":"1ms"}
[2025-11-08T07:22:48.732Z] [INFO] HTTP GET /health | {"method":"GET","url":"/health"}
[2025-11-08T07:22:48.733Z] [INFO] HTTP GET /health | {"method":"GET","url":"/health","statusCode":200,"duration":"1ms"}
[2025-11-08T07:23:07.017Z] [INFO] HTTP GET /health | {"method":"GET","url":"/health"}
[2025-11-08T07:23:07.018Z] [INFO] HTTP GET /health | {"method":"GET","url":"/health","statusCode":200,"duration":"2ms"}
[2025-11-08T07:23:18.851Z] [INFO] HTTP GET /health | {"method":"GET","url":"/health"}
[2025-11-08T07:23:18.852Z] [INFO] HTTP GET /health | {"method":"GET","url":"/health","statusCode":200}
[2025-11-08T07:23:37.123Z] [INFO] HTTP GET /health | {"method":"GET","url":"/health"}
[2025-11-08T07:23:37.124Z] [INFO] HTTP GET /health | {"method":"GET","url":"/health","statusCode":200,"duration":"1ms"}
[2025-11-08T07:23:48.966Z] [INFO] HTTP GET /health | {"method":"GET","url":"/health"}
[2025-11-08T07:23:48.967Z] [INFO] HTTP GET /health | {"method":"GET","url":"/health","statusCode":200,"duration":"1ms"}
[2025-11-08T07:24:07.233Z] [INFO] HTTP GET /health | {"method":"GET","url":"/health"}
[2025-11-08T07:24:07.234Z] [INFO] HTTP GET /health | {"method":"GET","url":"/health","statusCode":200,"duration":"1ms"}
[2025-11-08T07:24:19.111Z] [INFO] HTTP GET /health | {"method":"GET","url":"/health"}
[2025-11-08T07:24:19.112Z] [INFO] HTTP GET /health | {"method":"GET","url":"/health","statusCode":200,"duration":"1ms"}
[2025-11-08T07:24:37.381Z] [INFO] HTTP GET /health | {"method":"GET","url":"/health"}
[2025-11-08T07:24:37.382Z] [INFO] HTTP GET /health | {"method":"GET","url":"/health","statusCode":200,"duration":"1ms"}
[2025-11-08T07:24:49.239Z] [INFO] HTTP GET /health | {"method":"GET","url":"/health"}
[2025-11-08T07:24:49.240Z] [INFO] HTTP GET /health | {"method":"GET","url":"/health","statusCode":200,"duration":"1ms"}
[2025-11-08T07:25:07.502Z] [INFO] HTTP GET /health | {"method":"GET","url":"/health"}
[2025-11-08T07:25:07.503Z] [INFO] HTTP GET /health | {"method":"GET","url":"/health","statusCode":200}
[2025-11-08T07:25:19.366Z] [INFO] HTTP GET /health | {"method":"GET","url":"/health"}
[2025-11-08T07:25:19.367Z] [INFO] HTTP GET /health | {"method":"GET","url":"/health","statusCode":200,"duration":"1ms"}
[2025-11-08T07:25:37.620Z] [INFO] HTTP GET /health | {"method":"GET","url":"/health"}
[2025-11-08T07:25:37.620Z] [INFO] HTTP GET /health | {"method":"GET","url":"/health","statusCode":200,"duration":"1ms"}
[2025-11-08T07:25:49.493Z] [INFO] HTTP GET /health | {"method":"GET","url":"/health"}
[2025-11-08T07:25:49.493Z] [INFO] HTTP GET /health | {"method":"GET","url":"/health","statusCode":200,"duration":"1ms"}
[2025-11-08T07:26:07.744Z] [INFO] HTTP GET /health | {"method":"GET","url":"/health"}
[2025-11-08T07:26:07.745Z] [INFO] HTTP GET /health | {"method":"GET","url":"/health","statusCode":200,"duration":"1ms"}
[2025-11-08T07:26:19.604Z] [INFO] HTTP GET /health | {"method":"GET","url":"/health"}
[2025-11-08T07:26:19.605Z] [INFO] HTTP GET /health | {"method":"GET","url":"/health","statusCode":200,"duration":"2ms"}
[2025-11-08T07:26:37.842Z] [INFO] HTTP GET /health | {"method":"GET","url":"/health"}
[2025-11-08T07:26:37.843Z] [INFO] HTTP GET /health | {"method":"GET","url":"/health","statusCode":200}
[2025-11-08T07:26:49.706Z] [INFO] HTTP GET /health | {"method":"GET","url":"/health"}
[2025-11-08T07:26:49.707Z] [INFO] HTTP GET /health | {"method":"GET","url":"/health","statusCode":200,"duration":"1ms"}
[2025-11-08T07:27:07.966Z] [INFO] HTTP GET /health | {"method":"GET","url":"/health"}
[2025-11-08T07:27:07.967Z] [INFO] HTTP GET /health | {"method":"GET","url":"/health","statusCode":200,"duration":"1ms"}
[2025-11-08T07:27:19.843Z] [INFO] HTTP GET /health | {"method":"GET","url":"/health"}
[2025-11-08T07:27:19.844Z] [INFO] HTTP GET /health | {"method":"GET","url":"/health","statusCode":200,"duration":"1ms"}
[2025-11-08T07:27:38.088Z] [INFO] HTTP GET /health | {"method":"GET","url":"/health"}
[2025-11-08T07:27:38.088Z] [INFO] HTTP GET /health | {"method":"GET","url":"/health","statusCode":200,"duration":"1ms"}
[2025-11-08T07:27:49.981Z] [INFO] HTTP GET /health | {"method":"GET","url":"/health"}
[2025-11-08T07:27:49.982Z] [INFO] HTTP GET /health | {"method":"GET","url":"/health","statusCode":200,"duration":"1ms"}
[2025-11-08T07:28:08.196Z] [INFO] HTTP GET /health | {"method":"GET","url":"/health"}
[2025-11-08T07:28:08.197Z] [INFO] HTTP GET /health | {"method":"GET","url":"/health","statusCode":200,"duration":"1ms"}
[2025-11-08T07:28:20.106Z] [INFO] HTTP GET /health | {"method":"GET","url":"/health"}
[2025-11-08T07:28:20.107Z] [INFO] HTTP GET /health | {"method":"GET","url":"/health","statusCode":200}
[2025-11-08T07:28:38.312Z] [INFO] HTTP GET /health | {"method":"GET","url":"/health"}
[2025-11-08T07:28:38.313Z] [INFO] HTTP GET /health | {"method":"GET","url":"/health","statusCode":200}
[2025-11-08T07:28:50.215Z] [INFO] HTTP GET /health | {"method":"GET","url":"/health"}
[2025-11-08T07:28:50.215Z] [INFO] HTTP GET /health | {"method":"GET","url":"/health","statusCode":200}
[2025-11-08T07:29:08.566Z] [INFO] HTTP GET /health | {"method":"GET","url":"/health"}
[2025-11-08T07:29:08.567Z] [INFO] HTTP GET /health | {"method":"GET","url":"/health","statusCode":200,"duration":"1ms"}
[2025-11-08T07:29:20.328Z] [INFO] HTTP GET /health | {"method":"GET","url":"/health"}
[2025-11-08T07:29:20.328Z] [INFO] HTTP GET /health | {"method":"GET","url":"/health","statusCode":200,"duration":"1ms"}
[2025-11-08T07:29:38.705Z] [INFO] HTTP GET /health | {"method":"GET","url":"/health"}
[2025-11-08T07:29:38.705Z] [INFO] HTTP GET /health | {"method":"GET","url":"/health","statusCode":200}
[2025-11-08T07:29:50.429Z] [INFO] HTTP GET /health | {"method":"GET","url":"/health"}
[2025-11-08T07:29:50.429Z] [INFO] HTTP GET /health | {"method":"GET","url":"/health","statusCode":200,"duration":"1ms"}
[2025-11-08T07:30:08.814Z] [INFO] HTTP GET /health | {"method":"GET","url":"/health"}
[2025-11-08T07:30:08.815Z] [INFO] HTTP GET /health | {"method":"GET","url":"/health","statusCode":200}
[2025-11-08T07:30:20.568Z] [INFO] HTTP GET /health | {"method":"GET","url":"/health"}
[2025-11-08T07:30:20.568Z] [INFO] HTTP GET /health | {"method":"GET","url":"/health","statusCode":200,"duration":"1ms"}
[2025-11-08T07:30:38.924Z] [INFO] HTTP GET /health | {"method":"GET","url":"/health"}
[2025-11-08T07:30:38.925Z] [INFO] HTTP GET /health | {"method":"GET","url":"/health","statusCode":200,"duration":"1ms"}
[2025-11-08T07:30:50.695Z] [INFO] HTTP GET /health | {"method":"GET","url":"/health"}
[2025-11-08T07:30:50.696Z] [INFO] HTTP GET /health | {"method":"GET","url":"/health","statusCode":200,"duration":"1ms"}
[2025-11-08T07:31:09.032Z] [INFO] HTTP GET /health | {"method":"GET","url":"/health"}
[2025-11-08T07:31:09.032Z] [INFO] HTTP GET /health | {"method":"GET","url":"/health","statusCode":200}
[2025-11-08T07:31:20.816Z] [INFO] HTTP GET /health | {"method":"GET","url":"/health"}
[2025-11-08T07:31:20.816Z] [INFO] HTTP GET /health | {"method":"GET","url":"/health","statusCode":200,"duration":"1ms"}
[2025-11-08T07:31:39.140Z] [INFO] HTTP GET /health | {"method":"GET","url":"/health"}
[2025-11-08T07:31:39.140Z] [INFO] HTTP GET /health | {"method":"GET","url":"/health","statusCode":200,"duration":"1ms"}
[2025-11-08T07:31:50.947Z] [INFO] HTTP GET /health | {"method":"GET","url":"/health"}
[2025-11-08T07:31:50.947Z] [INFO] HTTP GET /health | {"method":"GET","url":"/health","statusCode":200}
[2025-11-08T07:32:09.262Z] [INFO] HTTP GET /health | {"method":"GET","url":"/health"}
[2025-11-08T07:32:09.262Z] [INFO] HTTP GET /health | {"method":"GET","url":"/health","statusCode":200,"duration":"1ms"}
[2025-11-08T07:32:21.090Z] [INFO] HTTP GET /health | {"method":"GET","url":"/health"}
[2025-11-08T07:32:21.091Z] [INFO] HTTP GET /health | {"method":"GET","url":"/health","statusCode":200,"duration":"1ms"}
[2025-11-08T07:32:39.392Z] [INFO] HTTP GET /health | {"method":"GET","url":"/health"}
[2025-11-08T07:32:39.393Z] [INFO] HTTP GET /health | {"method":"GET","url":"/health","statusCode":200,"duration":"1ms"}
[2025-11-08T07:32:51.208Z] [INFO] HTTP GET /health | {"method":"GET","url":"/health"}
[2025-11-08T07:32:51.209Z] [INFO] HTTP GET /health | {"method":"GET","url":"/health","statusCode":200,"duration":"1ms"}
[2025-11-08T07:33:09.524Z] [INFO] HTTP GET /health | {"method":"GET","url":"/health"}
[2025-11-08T07:33:09.525Z] [INFO] HTTP GET /health | {"method":"GET","url":"/health","statusCode":200,"duration":"1ms"}
[2025-11-08T07:33:21.322Z] [INFO] HTTP GET /health | {"method":"GET","url":"/health"}
[2025-11-08T07:33:21.323Z] [INFO] HTTP GET /health | {"method":"GET","url":"/health","statusCode":200}
[2025-11-08T07:33:39.647Z] [INFO] HTTP GET /health | {"method":"GET","url":"/health"}
[2025-11-08T07:33:39.648Z] [INFO] HTTP GET /health | {"method":"GET","url":"/health","statusCode":200,"duration":"2ms"}
[2025-11-08T07:33:51.443Z] [INFO] HTTP GET /health | {"method":"GET","url":"/health"}
[2025-11-08T07:33:51.444Z] [INFO] HTTP GET /health | {"method":"GET","url":"/health","statusCode":200,"duration":"1ms"}
[2025-11-08T07:34:09.775Z] [INFO] HTTP GET /health | {"method":"GET","url":"/health"}
[2025-11-08T07:34:09.776Z] [INFO] HTTP GET /health | {"method":"GET","url":"/health","statusCode":200,"duration":"1ms"}
[2025-11-08T07:34:21.560Z] [INFO] HTTP GET /health | {"method":"GET","url":"/health"}
[2025-11-08T07:34:21.561Z] [INFO] HTTP GET /health | {"method":"GET","url":"/health","statusCode":200,"duration":"1ms"}
[2025-11-08T07:34:39.878Z] [INFO] HTTP GET /health | {"method":"GET","url":"/health"}
[2025-11-08T07:34:39.879Z] [INFO] HTTP GET /health | {"method":"GET","url":"/health","statusCode":200,"duration":"1ms"}
[2025-11-08T07:34:51.671Z] [INFO] HTTP GET /health | {"method":"GET","url":"/health"}
[2025-11-08T07:34:51.672Z] [INFO] HTTP GET /health | {"method":"GET","url":"/health","statusCode":200,"duration":"1ms"}
[2025-11-08T07:35:09.993Z] [INFO] HTTP GET /health | {"method":"GET","url":"/health"}
[2025-11-08T07:35:09.993Z] [INFO] HTTP GET /health | {"method":"GET","url":"/health","statusCode":200,"duration":"1ms"}
[2025-11-08T07:35:21.873Z] [INFO] HTTP GET /health | {"method":"GET","url":"/health"}
[2025-11-08T07:35:21.873Z] [INFO] HTTP GET /health | {"method":"GET","url":"/health","statusCode":200,"duration":"1ms"}
[2025-11-08T07:35:40.112Z] [INFO] HTTP GET /health | {"method":"GET","url":"/health"}
[2025-11-08T07:35:40.114Z] [INFO] HTTP GET /health | {"method":"GET","url":"/health","statusCode":200,"duration":"1ms"}
[2025-11-08T07:35:51.977Z] [INFO] HTTP GET /health | {"method":"GET","url":"/health"}
[2025-11-08T07:35:51.977Z] [INFO] HTTP GET /health | {"method":"GET","url":"/health","statusCode":200,"duration":"1ms"}
[2025-11-08T07:36:10.245Z] [INFO] HTTP GET /health | {"method":"GET","url":"/health"}
[2025-11-08T07:36:10.245Z] [INFO] HTTP GET /health | {"method":"GET","url":"/health","statusCode":200}
[2025-11-08T07:36:22.071Z] [INFO] HTTP GET /health | {"method":"GET","url":"/health"}
[2025-11-08T07:36:22.071Z] [INFO] HTTP GET /health | {"method":"GET","url":"/health","statusCode":200,"duration":"1ms"}
[2025-11-08T07:36:40.351Z] [INFO] HTTP GET /health | {"method":"GET","url":"/health"}
[2025-11-08T07:36:40.352Z] [INFO] HTTP GET /health | {"method":"GET","url":"/health","statusCode":200,"duration":"1ms"}
[2025-11-08T07:36:52.162Z] [INFO] HTTP GET /health | {"method":"GET","url":"/health"}
[2025-11-08T07:36:52.163Z] [INFO] HTTP GET /health | {"method":"GET","url":"/health","statusCode":200,"duration":"1ms"}
[2025-11-08T07:37:10.460Z] [INFO] HTTP GET /health | {"method":"GET","url":"/health"}
[2025-11-08T07:37:10.461Z] [INFO] HTTP GET /health | {"method":"GET","url":"/health","statusCode":200,"duration":"1ms"}
[2025-11-08T07:37:22.283Z] [INFO] HTTP GET /health | {"method":"GET","url":"/health"}
[2025-11-08T07:37:22.283Z] [INFO] HTTP GET /health | {"method":"GET","url":"/health","statusCode":200}
[2025-11-08T07:37:40.577Z] [INFO] HTTP GET /health | {"method":"GET","url":"/health"}
[2025-11-08T07:37:40.578Z] [INFO] HTTP GET /health | {"method":"GET","url":"/health","statusCode":200}
[2025-11-08T07:37:52.399Z] [INFO] HTTP GET /health | {"method":"GET","url":"/health"}
[2025-11-08T07:37:52.400Z] [INFO] HTTP GET /health | {"method":"GET","url":"/health","statusCode":200,"duration":"1ms"}
[2025-11-08T07:38:10.688Z] [INFO] HTTP GET /health | {"method":"GET","url":"/health"}
[2025-11-08T07:38:10.689Z] [INFO] HTTP GET /health | {"method":"GET","url":"/health","statusCode":200,"duration":"1ms"}
[2025-11-08T07:38:22.506Z] [INFO] HTTP GET /health | {"method":"GET","url":"/health"}
[2025-11-08T07:38:22.507Z] [INFO] HTTP GET /health | {"method":"GET","url":"/health","statusCode":200,"duration":"1ms"}
[2025-11-08T07:38:40.803Z] [INFO] HTTP GET /health | {"method":"GET","url":"/health"}
[2025-11-08T07:38:40.803Z] [INFO] HTTP GET /health | {"method":"GET","url":"/health","statusCode":200}
[2025-11-08T07:38:52.622Z] [INFO] HTTP GET /health | {"method":"GET","url":"/health"}
[2025-11-08T07:38:52.623Z] [INFO] HTTP GET /health | {"method":"GET","url":"/health","statusCode":200}
[2025-11-08T07:39:10.941Z] [INFO] HTTP GET /health | {"method":"GET","url":"/health"}
[2025-11-08T07:39:10.942Z] [INFO] HTTP GET /health | {"method":"GET","url":"/health","statusCode":200}
[2025-11-08T07:39:22.735Z] [INFO] HTTP GET /health | {"method":"GET","url":"/health"}
[2025-11-08T07:39:22.735Z] [INFO] HTTP GET /health | {"method":"GET","url":"/health","statusCode":200,"duration":"1ms"}
[2025-11-08T07:39:41.039Z] [INFO] HTTP GET /health | {"method":"GET","url":"/health"}
[2025-11-08T07:39:41.040Z] [INFO] HTTP GET /health | {"method":"GET","url":"/health","statusCode":200,"duration":"1ms"}
[2025-11-08T07:39:52.848Z] [INFO] HTTP GET /health | {"method":"GET","url":"/health"}
[2025-11-08T07:39:52.849Z] [INFO] HTTP GET /health | {"method":"GET","url":"/health","statusCode":200,"duration":"1ms"}
[2025-11-08T07:40:11.164Z] [INFO] HTTP GET /health | {"method":"GET","url":"/health"}
[2025-11-08T07:40:11.165Z] [INFO] HTTP GET /health | {"method":"GET","url":"/health","statusCode":200,"duration":"1ms"}
[2025-11-08T07:40:22.944Z] [INFO] HTTP GET /health | {"method":"GET","url":"/health"}
[2025-11-08T07:40:22.945Z] [INFO] HTTP GET /health | {"method":"GET","url":"/health","statusCode":200}
[2025-11-08T07:40:41.264Z] [INFO] HTTP GET /health | {"method":"GET","url":"/health"}
[2025-11-08T07:40:41.265Z] [INFO] HTTP GET /health | {"method":"GET","url":"/health","statusCode":200,"duration":"1ms"}
[2025-11-08T07:40:53.053Z] [INFO] HTTP GET /health | {"method":"GET","url":"/health"}
[2025-11-08T07:40:53.053Z] [INFO] HTTP GET /health | {"method":"GET","url":"/health","statusCode":200}
[2025-11-08T07:41:11.402Z] [INFO] HTTP GET /health | {"method":"GET","url":"/health"}
[2025-11-08T07:41:11.403Z] [INFO] HTTP GET /health | {"method":"GET","url":"/health","statusCode":200,"duration":"1ms"}
[2025-11-08T07:41:23.170Z] [INFO] HTTP GET /health | {"method":"GET","url":"/health"}
[2025-11-08T07:41:23.172Z] [INFO] HTTP GET /health | {"method":"GET","url":"/health","statusCode":200,"duration":"2ms"}
[2025-11-08T07:41:41.516Z] [INFO] HTTP GET /health | {"method":"GET","url":"/health"}
[2025-11-08T07:41:41.517Z] [INFO] HTTP GET /health | {"method":"GET","url":"/health","statusCode":200,"duration":"1ms"}
[2025-11-08T07:41:53.286Z] [INFO] HTTP GET /health | {"method":"GET","url":"/health"}
[2025-11-08T07:41:53.287Z] [INFO] HTTP GET /health | {"method":"GET","url":"/health","statusCode":200,"duration":"1ms"}
[2025-11-08T07:42:11.644Z] [INFO] HTTP GET /health | {"method":"GET","url":"/health"}
[2025-11-08T07:42:11.645Z] [INFO] HTTP GET /health | {"method":"GET","url":"/health","statusCode":200,"duration":"1ms"}
[2025-11-08T07:42:23.411Z] [INFO] HTTP GET /health | {"method":"GET","url":"/health"}
[2025-11-08T07:42:23.411Z] [INFO] HTTP GET /health | {"method":"GET","url":"/health","statusCode":200,"duration":"1ms"}
[2025-11-08T07:42:41.776Z] [INFO] HTTP GET /health | {"method":"GET","url":"/health"}
[2025-11-08T07:42:41.777Z] [INFO] HTTP GET /health | {"method":"GET","url":"/health","statusCode":200}
[2025-11-08T07:42:53.512Z] [INFO] HTTP GET /health | {"method":"GET","url":"/health"}
[2025-11-08T07:42:53.513Z] [INFO] HTTP GET /health | {"method":"GET","url":"/health","statusCode":200,"duration":"1ms"}
[2025-11-08T07:43:11.870Z] [INFO] HTTP GET /health | {"method":"GET","url":"/health"}
[2025-11-08T07:43:11.871Z] [INFO] HTTP GET /health | {"method":"GET","url":"/health","statusCode":200,"duration":"1ms"}
[2025-11-08T07:43:23.629Z] [INFO] HTTP GET /health | {"method":"GET","url":"/health"}
[2025-11-08T07:43:23.629Z] [INFO] HTTP GET /health | {"method":"GET","url":"/health","statusCode":200}
[2025-11-08T07:43:41.998Z] [INFO] HTTP GET /health | {"method":"GET","url":"/health"}
[2025-11-08T07:43:41.999Z] [INFO] HTTP GET /health | {"method":"GET","url":"/health","statusCode":200,"duration":"1ms"}
[2025-11-08T07:43:53.729Z] [INFO] HTTP GET /health | {"method":"GET","url":"/health"}
[2025-11-08T07:43:53.730Z] [INFO] HTTP GET /health | {"method":"GET","url":"/health","statusCode":200}
[2025-11-08T07:44:12.126Z] [INFO] HTTP GET /health | {"method":"GET","url":"/health"}
[2025-11-08T07:44:12.127Z] [INFO] HTTP GET /health | {"method":"GET","url":"/health","statusCode":200,"duration":"1ms"}
[2025-11-08T07:44:23.841Z] [INFO] HTTP GET /health | {"method":"GET","url":"/health"}
[2025-11-08T07:44:23.841Z] [INFO] HTTP GET /health | {"method":"GET","url":"/health","statusCode":200,"duration":"1ms"}
[2025-11-08T07:44:42.239Z] [INFO] HTTP GET /health | {"method":"GET","url":"/health"}
[2025-11-08T07:44:42.240Z] [INFO] HTTP GET /health | {"method":"GET","url":"/health","statusCode":200}
[2025-11-08T07:44:53.984Z] [INFO] HTTP GET /health | {"method":"GET","url":"/health"}
[2025-11-08T07:44:53.987Z] [INFO] HTTP GET /health | {"method":"GET","url":"/health","statusCode":200,"duration":"1ms"}
[2025-11-08T07:45:12.380Z] [INFO] HTTP GET /health | {"method":"GET","url":"/health"}
[2025-11-08T07:45:12.381Z] [INFO] HTTP GET /health | {"method":"GET","url":"/health","statusCode":200,"duration":"1ms"}
[2025-11-08T07:45:24.131Z] [INFO] HTTP GET /health | {"method":"GET","url":"/health"}
[2025-11-08T07:45:24.132Z] [INFO] HTTP GET /health | {"method":"GET","url":"/health","statusCode":200,"duration":"1ms"}
[2025-11-08T07:45:42.498Z] [INFO] HTTP GET /health | {"method":"GET","url":"/health"}
[2025-11-08T07:45:42.498Z] [INFO] HTTP GET /health | {"method":"GET","url":"/health","statusCode":200,"duration":"1ms"}
[2025-11-08T07:45:54.259Z] [INFO] HTTP GET /health | {"method":"GET","url":"/health"}
[2025-11-08T07:45:54.260Z] [INFO] HTTP GET /health | {"method":"GET","url":"/health","statusCode":200,"duration":"1ms"}
[2025-11-08T07:46:12.752Z] [INFO] HTTP GET /health | {"method":"GET","url":"/health"}
[2025-11-08T07:46:12.753Z] [INFO] HTTP GET /health | {"method":"GET","url":"/health","statusCode":200,"duration":"2ms"}
[2025-11-08T07:46:24.496Z] [INFO] HTTP GET /health | {"method":"GET","url":"/health"}
[2025-11-08T07:46:24.497Z] [INFO] HTTP GET /health | {"method":"GET","url":"/health","statusCode":200,"duration":"1ms"}
[2025-11-08T07:46:43.129Z] [INFO] HTTP GET /health | {"method":"GET","url":"/health"}
[2025-11-08T07:46:43.130Z] [INFO] HTTP GET /health | {"method":"GET","url":"/health","statusCode":200,"duration":"2ms"}
[2025-11-08T07:46:55.124Z] [INFO] HTTP GET /health | {"method":"GET","url":"/health"}
[2025-11-08T07:46:55.125Z] [INFO] HTTP GET /health | {"method":"GET","url":"/health","statusCode":200,"duration":"1ms"}
[2025-11-08T07:47:03.776Z] [INFO] HTTP GET /api/projects | {"method":"GET","url":"/api/projects"}
[2025-11-08T07:47:03.916Z] [INFO] HTTP GET /api/projects | {"method":"GET","url":"/api/projects"}
[2025-11-08T07:47:03.963Z] [INFO] HTTP GET /api/projects | {"method":"GET","url":"/api/projects"}
[2025-11-08T07:47:04.142Z] [INFO] HTTP GET /api/projects | {"method":"GET","url":"/api/projects"}
[2025-11-08T07:47:04.548Z] [INFO] HTTP GET / | {"method":"GET","url":"/","statusCode":200,"duration":"585ms"}
[2025-11-08T07:47:04.568Z] [INFO] HTTP GET / | {"method":"GET","url":"/","statusCode":200,"duration":"792ms"}
[2025-11-08T07:47:04.598Z] [INFO] HTTP GET / | {"method":"GET","url":"/","statusCode":200,"duration":"682ms"}
[2025-11-08T07:47:04.720Z] [INFO] HTTP GET / | {"method":"GET","url":"/","statusCode":200,"duration":"579ms"}
[2025-11-08T07:47:05.081Z] [INFO] HTTP GET /api/projects/690e0e63f9b30a3fa0885833 | {"method":"GET","url":"/api/projects/690e0e63f9b30a3fa0885833"}
[2025-11-08T07:47:05.267Z] [INFO] HTTP GET /api/projects/690e0e63f9b30a3fa0885834 | {"method":"GET","url":"/api/projects/690e0e63f9b30a3fa0885834"}
[2025-11-08T07:47:05.298Z] [INFO] HTTP GET /api/projects/690e0e63f9b30a3fa0885835 | {"method":"GET","url":"/api/projects/690e0e63f9b30a3fa0885835"}
[2025-11-08T07:47:05.328Z] [INFO] HTTP GET /api/projects/690e0e1d637242b805d4eebe | {"method":"GET","url":"/api/projects/690e0e1d637242b805d4eebe"}
[2025-11-08T07:47:05.347Z] [INFO] HTTP GET /api/projects/690e0e63f9b30a3fa0885833 | {"method":"GET","url":"/api/projects/690e0e63f9b30a3fa0885833"}
[2025-11-08T07:47:05.376Z] [INFO] HTTP GET /api/projects/690e0e63f9b30a3fa0885834 | {"method":"GET","url":"/api/projects/690e0e63f9b30a3fa0885834"}
[2025-11-08T07:47:05.527Z] [INFO] HTTP GET /api/projects/690e0e63f9b30a3fa0885835 | {"method":"GET","url":"/api/projects/690e0e63f9b30a3fa0885835"}
[2025-11-08T07:47:05.640Z] [INFO] HTTP GET /690e0e63f9b30a3fa0885833 | {"method":"GET","url":"/690e0e63f9b30a3fa0885833","statusCode":200,"duration":"558ms"}
[2025-11-08T07:47:05.646Z] [INFO] HTTP GET /690e0e63f9b30a3fa0885834 | {"method":"GET","url":"/690e0e63f9b30a3fa0885834","statusCode":200,"duration":"380ms"}
[2025-11-08T07:47:05.663Z] [INFO] HTTP GET /690e0e63f9b30a3fa0885835 | {"method":"GET","url":"/690e0e63f9b30a3fa0885835","statusCode":200,"duration":"378ms"}
[2025-11-08T07:47:05.708Z] [INFO] HTTP GET /api/projects/690e0e1d637242b805d4eebe | {"method":"GET","url":"/api/projects/690e0e1d637242b805d4eebe"}
[2025-11-08T07:47:05.782Z] [INFO] HTTP GET /690e0e1d637242b805d4eebe | {"method":"GET","url":"/690e0e1d637242b805d4eebe","statusCode":200,"duration":"455ms"}
[2025-11-08T07:47:05.829Z] [INFO] HTTP GET /690e0e63f9b30a3fa0885835 | {"method":"GET","url":"/690e0e63f9b30a3fa0885835","statusCode":200,"duration":"301ms"}
[2025-11-08T07:47:05.926Z] [INFO] HTTP GET /690e0e1d637242b805d4eebe | {"method":"GET","url":"/690e0e1d637242b805d4eebe","statusCode":200,"duration":"219ms"}
[2025-11-08T07:47:05.958Z] [INFO] HTTP GET /690e0e63f9b30a3fa0885834 | {"method":"GET","url":"/690e0e63f9b30a3fa0885834","statusCode":200,"duration":"583ms"}
[2025-11-08T07:47:06.047Z] [INFO] HTTP GET /690e0e63f9b30a3fa0885833 | {"method":"GET","url":"/690e0e63f9b30a3fa0885833","statusCode":200,"duration":"699ms"}
[2025-11-08T07:47:13.398Z] [INFO] HTTP GET /health | {"method":"GET","url":"/health"}
[2025-11-08T07:47:13.400Z] [INFO] HTTP GET /health | {"method":"GET","url":"/health","statusCode":200,"duration":"1ms"}
[2025-11-08T07:47:25.937Z] [INFO] HTTP GET /health | {"method":"GET","url":"/health"}
[2025-11-08T07:47:25.938Z] [INFO] HTTP GET /health | {"method":"GET","url":"/health","statusCode":200,"duration":"2ms"}
[2025-11-08T07:47:43.630Z] [INFO] HTTP GET /health | {"method":"GET","url":"/health"}
[2025-11-08T07:47:43.631Z] [INFO] HTTP GET /health | {"method":"GET","url":"/health","statusCode":200,"duration":"2ms"}
[2025-11-08T07:47:56.784Z] [INFO] HTTP GET /health | {"method":"GET","url":"/health"}
[2025-11-08T07:47:56.785Z] [INFO] HTTP GET /health | {"method":"GET","url":"/health","statusCode":200,"duration":"2ms"}
[2025-11-08T07:48:14.143Z] [INFO] HTTP GET /health | {"method":"GET","url":"/health"}
[2025-11-08T07:48:14.158Z] [INFO] HTTP GET /health | {"method":"GET","url":"/health","statusCode":200,"duration":"15ms"}
[2025-11-08T07:48:27.153Z] [INFO] HTTP GET /health | {"method":"GET","url":"/health"}
[2025-11-08T07:48:27.164Z] [INFO] HTTP GET /health | {"method":"GET","url":"/health","statusCode":200,"duration":"11ms"}
[2025-11-08T07:48:44.907Z] [INFO] HTTP GET /health | {"method":"GET","url":"/health"}
[2025-11-08T07:48:44.920Z] [INFO] HTTP GET /health | {"method":"GET","url":"/health","statusCode":200,"duration":"13ms"}
[2025-11-08T07:48:50.822Z] [INFO] 🛑 SPD Milestones API shutting down | {"reason":"SIGTERM received"}
