[2026-05-17T02:13:18.432Z] [INFO] Starting SPD Milestones REST Microservice | {"port":4000,"environment":"production","mongoUri":"mongodb://mongo:27017/spd","monitoringInterval":"60 minutes","graphqlPath":"/graphql","mode":"REST Microservice"}
[2026-05-17T02:13:18.445Z] [INFO] MongoDB connected successfully | {"uri":"mongodb://mongo:27017/spd"}
[2026-05-17T02:13:18.446Z] [INFO] 🚀 SPD REST Microservice started | {"port":4000,"environment":"production","apiUrl":"http://localhost:4000","mode":"REST Only"}
[2026-05-17T02:13:18.446Z] [INFO] Starting project monitoring | {"intervalMinutes":60}
[2026-05-17T02:13:18.447Z] [INFO] Project monitoring scheduler started | {"checkInterval":"60 minutes"}
[2026-05-17T02:13:18.463Z] [WARN] Critical project detected | {"projectId":"69f726d86dac1655e72089b2","projectName":"DC3 Migration","status":"critical","issues":["2 milestones are overdue"],"overdueMilestones":2,"totalMilestones":10,"completionRate":20}
[2026-05-17T02:13:18.463Z] [INFO] Monitoring report generated | {"totalProjects":1,"critical":1,"warning":0,"healthy":0}
[2026-05-17T02:13:18.463Z] [ERROR] Critical projects detected! | {"count":1,"projects":[{"name":"DC3 Migration","issues":["2 milestones are overdue"]}]}
[2026-05-17T02:13:23.232Z] [INFO] HTTP GET /health | {"method":"GET","url":"/health"}
[2026-05-17T02:13:23.233Z] [INFO] HTTP GET /health | {"method":"GET","url":"/health","statusCode":200,"duration":"1ms"}
[2026-05-17T02:13:24.046Z] [INFO] Starting SPD Milestones GraphQL API Gateway | {"port":4001,"environment":"production","mongoUri":"mongodb://mongo:27017/spd","monitoringInterval":"60 minutes","graphqlPath":"/graphql","mode":"GraphQL API Gateway"}
[2026-05-17T02:13:24.060Z] [INFO] MongoDB connected successfully | {"uri":"mongodb://mongo:27017/spd"}
[2026-05-17T02:13:24.081Z] [INFO] 🚀 SPD GraphQL API Gateway started | {"port":4001,"environment":"production","graphqlUrl":"http://localhost:4001/graphql","mode":"GraphQL Only"}
[2026-05-17T02:13:28.839Z] [INFO] HTTP GET /health | {"method":"GET","url":"/health"}
[2026-05-17T02:13:28.839Z] [INFO] HTTP GET /health | {"method":"GET","url":"/health","statusCode":200}
[2026-05-17T02:13:28.966Z] [INFO] HTTP GET /health | {"method":"GET","url":"/health"}
[2026-05-17T02:13:28.966Z] [INFO] HTTP GET /health | {"method":"GET","url":"/health","statusCode":200}
[2026-05-17T02:13:53.271Z] [INFO] HTTP GET /health | {"method":"GET","url":"/health"}
[2026-05-17T02:13:53.272Z] [INFO] HTTP GET /health | {"method":"GET","url":"/health","statusCode":200,"duration":"1ms"}
[2026-05-17T02:13:58.895Z] [INFO] HTTP GET /health | {"method":"GET","url":"/health"}
[2026-05-17T02:13:58.896Z] [INFO] HTTP GET /health | {"method":"GET","url":"/health","statusCode":200,"duration":"1ms"}
[2026-05-17T02:13:59.008Z] [INFO] HTTP GET /health | {"method":"GET","url":"/health"}
[2026-05-17T02:13:59.008Z] [INFO] HTTP GET /health | {"method":"GET","url":"/health","statusCode":200}
[2026-05-17T02:14:23.317Z] [INFO] HTTP GET /health | {"method":"GET","url":"/health"}
[2026-05-17T02:14:23.317Z] [INFO] HTTP GET /health | {"method":"GET","url":"/health","statusCode":200}
[2026-05-17T02:14:28.954Z] [INFO] HTTP GET /health | {"method":"GET","url":"/health"}
[2026-05-17T02:14:28.954Z] [INFO] HTTP GET /health | {"method":"GET","url":"/health","statusCode":200}
[2026-05-17T02:14:29.050Z] [INFO] HTTP GET /health | {"method":"GET","url":"/health"}
[2026-05-17T02:14:29.051Z] [INFO] HTTP GET /health | {"method":"GET","url":"/health","statusCode":200}
[2026-05-17T02:47:14.718Z] [INFO] HTTP GET /health | {"method":"GET","url":"/health"}
[2026-05-17T02:47:14.718Z] [INFO] HTTP GET /health | {"method":"GET","url":"/health","statusCode":200,"duration":"1ms"}
[2026-05-17T02:47:20.355Z] [INFO] HTTP GET /health | {"method":"GET","url":"/health"}
[2026-05-17T02:47:20.355Z] [INFO] HTTP GET /health | {"method":"GET","url":"/health","statusCode":200}
[2026-05-17T02:47:20.439Z] [INFO] HTTP GET /health | {"method":"GET","url":"/health"}
[2026-05-17T02:47:20.440Z] [INFO] HTTP GET /health | {"method":"GET","url":"/health","statusCode":200,"duration":"1ms"}
[2026-05-17T03:08:02.548Z] [INFO] HTTP GET /health | {"method":"GET","url":"/health"}
[2026-05-17T03:08:02.549Z] [INFO] HTTP GET /health | {"method":"GET","url":"/health","statusCode":200,"duration":"1ms"}
[2026-05-17T03:08:08.174Z] [INFO] HTTP GET /health | {"method":"GET","url":"/health"}
[2026-05-17T03:08:08.174Z] [INFO] HTTP GET /health | {"method":"GET","url":"/health","statusCode":200}
[2026-05-17T03:08:08.245Z] [INFO] HTTP GET /health | {"method":"GET","url":"/health"}
[2026-05-17T03:08:08.245Z] [INFO] HTTP GET /health | {"method":"GET","url":"/health","statusCode":200}
[2026-05-17T03:12:14.659Z] [INFO] HTTP GET /health | {"method":"GET","url":"/health"}
[2026-05-17T03:12:14.660Z] [INFO] HTTP GET /health | {"method":"GET","url":"/health","statusCode":200}
[2026-05-17T03:12:20.287Z] [INFO] HTTP GET /health | {"method":"GET","url":"/health"}
[2026-05-17T03:12:20.288Z] [INFO] HTTP GET /health | {"method":"GET","url":"/health","statusCode":200,"duration":"1ms"}
[2026-05-17T03:12:20.336Z] [INFO] HTTP GET /health | {"method":"GET","url":"/health"}
[2026-05-17T03:12:20.337Z] [INFO] HTTP GET /health | {"method":"GET","url":"/health","statusCode":200}
[2026-05-17T03:52:16.566Z] [INFO] HTTP GET /health | {"method":"GET","url":"/health"}
[2026-05-17T03:52:16.566Z] [INFO] HTTP GET /health | {"method":"GET","url":"/health","statusCode":200}
[2026-05-17T03:52:22.196Z] [INFO] HTTP GET /health | {"method":"GET","url":"/health"}
[2026-05-17T03:52:22.197Z] [INFO] HTTP GET /health | {"method":"GET","url":"/health","statusCode":200}
[2026-05-17T03:52:22.212Z] [INFO] HTTP GET /health | {"method":"GET","url":"/health"}
[2026-05-17T03:52:22.212Z] [INFO] HTTP GET /health | {"method":"GET","url":"/health","statusCode":200}
[2026-05-17T03:53:18.321Z] [INFO] HTTP GET /health | {"method":"GET","url":"/health"}
[2026-05-17T03:53:18.322Z] [INFO] HTTP GET /health | {"method":"GET","url":"/health","statusCode":200,"duration":"1ms"}
[2026-05-17T03:53:23.944Z] [INFO] HTTP GET /health | {"method":"GET","url":"/health"}
[2026-05-17T03:53:23.944Z] [INFO] HTTP GET /health | {"method":"GET","url":"/health"}
[2026-05-17T03:53:23.944Z] [INFO] HTTP GET /health | {"method":"GET","url":"/health","statusCode":200}
[2026-05-17T03:53:23.944Z] [INFO] HTTP GET /health | {"method":"GET","url":"/health","statusCode":200}
[2026-05-17T03:59:09.209Z] [INFO] HTTP GET /health | {"method":"GET","url":"/health"}
[2026-05-17T03:59:09.209Z] [INFO] HTTP GET /health | {"method":"GET","url":"/health","statusCode":200}
[2026-05-17T03:59:14.818Z] [INFO] HTTP GET /health | {"method":"GET","url":"/health"}
[2026-05-17T03:59:14.818Z] [INFO] HTTP GET /health | {"method":"GET","url":"/health"}
[2026-05-17T03:59:14.818Z] [INFO] HTTP GET /health | {"method":"GET","url":"/health","statusCode":200}
[2026-05-17T03:59:14.818Z] [INFO] HTTP GET /health | {"method":"GET","url":"/health","statusCode":200}
[2026-05-17T04:07:16.447Z] [INFO] HTTP GET /health | {"method":"GET","url":"/health"}
[2026-05-17T04:07:16.447Z] [INFO] HTTP GET /health | {"method":"GET","url":"/health","statusCode":200,"duration":"1ms"}
[2026-05-17T04:07:22.035Z] [INFO] HTTP GET /health | {"method":"GET","url":"/health"}
[2026-05-17T04:07:22.035Z] [INFO] HTTP GET /health | {"method":"GET","url":"/health"}
[2026-05-17T04:07:22.035Z] [INFO] HTTP GET /health | {"method":"GET","url":"/health","statusCode":200}
[2026-05-17T04:07:22.035Z] [INFO] HTTP GET /health | {"method":"GET","url":"/health","statusCode":200}
[2026-05-17T04:09:34.389Z] [INFO] HTTP GET /health | {"method":"GET","url":"/health"}
[2026-05-17T04:09:34.389Z] [INFO] HTTP GET /health | {"method":"GET","url":"/health","statusCode":200,"duration":"1ms"}
[2026-05-17T04:09:39.970Z] [INFO] HTTP GET /health | {"method":"GET","url":"/health"}
[2026-05-17T04:09:39.970Z] [INFO] HTTP GET /health | {"method":"GET","url":"/health"}
[2026-05-17T04:09:39.970Z] [INFO] HTTP GET /health | {"method":"GET","url":"/health","statusCode":200}
[2026-05-17T04:09:39.970Z] [INFO] HTTP GET /health | {"method":"GET","url":"/health","statusCode":200}
[2026-05-17T05:16:37.675Z] [INFO] HTTP GET /health | {"method":"GET","url":"/health"}
[2026-05-17T05:16:37.676Z] [INFO] HTTP GET /health | {"method":"GET","url":"/health","statusCode":200,"duration":"1ms"}
[2026-05-17T05:16:43.247Z] [INFO] HTTP GET /health | {"method":"GET","url":"/health"}
[2026-05-17T05:16:43.247Z] [INFO] HTTP GET /health | {"method":"GET","url":"/health"}
[2026-05-17T05:16:43.247Z] [INFO] HTTP GET /health | {"method":"GET","url":"/health","statusCode":200,"duration":"1ms"}
[2026-05-17T05:16:43.247Z] [INFO] HTTP GET /health | {"method":"GET","url":"/health","statusCode":200,"duration":"1ms"}
[2026-05-17T05:16:48.823Z] [INFO] HTTP GET /api/projects | {"method":"GET","url":"/api/projects"}
[2026-05-17T05:16:48.833Z] [INFO] HTTP GET / | {"method":"GET","url":"/","statusCode":200,"duration":"9ms"}
[2026-05-17T05:16:48.834Z] [INFO] HTTP GET /api/projects | {"method":"GET","url":"/api/projects"}
[2026-05-17T05:16:48.836Z] [INFO] HTTP GET / | {"method":"GET","url":"/","statusCode":200,"duration":"2ms"}
[2026-05-17T05:16:50.063Z] [INFO] HTTP GET /api/projects | {"method":"GET","url":"/api/projects"}
[2026-05-17T05:16:50.069Z] [INFO] HTTP GET / | {"method":"GET","url":"/","statusCode":200,"duration":"6ms"}
[2026-05-17T05:16:50.071Z] [INFO] HTTP GET /api/projects | {"method":"GET","url":"/api/projects"}
[2026-05-17T05:16:50.074Z] [INFO] HTTP GET / | {"method":"GET","url":"/","statusCode":200,"duration":"3ms"}
[2026-05-17T05:16:50.075Z] [INFO] HTTP GET /api/projects/69f726d86dac1655e72089b2 | {"method":"GET","url":"/api/projects/69f726d86dac1655e72089b2"}
[2026-05-17T05:16:50.083Z] [INFO] HTTP GET /69f726d86dac1655e72089b2 | {"method":"GET","url":"/69f726d86dac1655e72089b2","statusCode":200,"duration":"8ms"}
[2026-05-17T05:16:50.085Z] [INFO] HTTP GET /api/projects/69f726d86dac1655e72089b2 | {"method":"GET","url":"/api/projects/69f726d86dac1655e72089b2"}
[2026-05-17T05:16:50.088Z] [INFO] HTTP GET /api/projects/dashboard/pipeline | {"method":"GET","url":"/api/projects/dashboard/pipeline"}
[2026-05-17T05:16:50.094Z] [INFO] HTTP GET /dashboard/pipeline | {"method":"GET","url":"/dashboard/pipeline","statusCode":200,"duration":"6ms"}
[2026-05-17T05:16:50.096Z] [INFO] HTTP GET /69f726d86dac1655e72089b2 | {"method":"GET","url":"/69f726d86dac1655e72089b2","statusCode":200,"duration":"11ms"}
[2026-05-17T05:16:50.102Z] [INFO] HTTP GET /api/projects/dashboard/pipeline | {"method":"GET","url":"/api/projects/dashboard/pipeline"}
[2026-05-17T05:16:50.105Z] [INFO] HTTP GET /dashboard/pipeline | {"method":"GET","url":"/dashboard/pipeline","statusCode":200,"duration":"3ms"}
[2026-05-17T05:16:52.919Z] [INFO] HTTP GET /api/releases | {"method":"GET","url":"/api/releases"}
[2026-05-17T05:16:52.925Z] [INFO] HTTP GET /api/settings | {"method":"GET","url":"/api/settings"}
[2026-05-17T05:16:52.929Z] [INFO] HTTP GET / | {"method":"GET","url":"/","statusCode":200,"duration":"10ms"}
[2026-05-17T05:16:52.929Z] [INFO] HTTP GET /api/projects/dashboard/pipeline | {"method":"GET","url":"/api/projects/dashboard/pipeline"}
[2026-05-17T05:16:52.935Z] [INFO] HTTP GET / | {"method":"GET","url":"/","statusCode":200,"duration":"10ms"}
[2026-05-17T05:16:52.936Z] [INFO] HTTP GET /api/releases | {"method":"GET","url":"/api/releases"}
[2026-05-17T05:16:52.938Z] [INFO] HTTP GET /api/projects | {"method":"GET","url":"/api/projects"}
[2026-05-17T05:16:52.940Z] [INFO] HTTP GET / | {"method":"GET","url":"/","statusCode":200,"duration":"5ms"}
[2026-05-17T05:16:52.940Z] [INFO] HTTP GET /dashboard/pipeline | {"method":"GET","url":"/dashboard/pipeline","statusCode":200,"duration":"11ms"}
[2026-05-17T05:16:52.941Z] [INFO] HTTP GET /api/settings | {"method":"GET","url":"/api/settings"}
[2026-05-17T05:16:52.942Z] [INFO] HTTP GET / | {"method":"GET","url":"/","statusCode":200,"duration":"4ms"}
[2026-05-17T05:16:52.943Z] [INFO] HTTP GET /api/projects/dashboard/pipeline | {"method":"GET","url":"/api/projects/dashboard/pipeline"}
[2026-05-17T05:16:52.946Z] [INFO] HTTP GET / | {"method":"GET","url":"/","statusCode":200,"duration":"5ms"}
[2026-05-17T05:16:52.947Z] [INFO] HTTP GET /api/projects | {"method":"GET","url":"/api/projects"}
[2026-05-17T05:16:52.948Z] [INFO] HTTP GET / | {"method":"GET","url":"/","statusCode":200,"duration":"2ms"}
[2026-05-17T05:16:52.948Z] [INFO] HTTP GET /dashboard/pipeline | {"method":"GET","url":"/dashboard/pipeline","statusCode":200,"duration":"5ms"}
[2026-05-17T05:30:25.407Z] [INFO] HTTP GET /api/settings | {"method":"GET","url":"/api/settings"}
[2026-05-17T05:30:25.410Z] [INFO] HTTP GET /api/users | {"method":"GET","url":"/api/users"}
[2026-05-17T05:30:25.416Z] [INFO] HTTP GET / | {"method":"GET","url":"/","statusCode":200,"duration":"9ms"}
[2026-05-17T05:30:25.418Z] [INFO] HTTP GET / | {"method":"GET","url":"/","statusCode":200,"duration":"8ms"}
[2026-05-17T05:30:25.419Z] [INFO] HTTP GET /api/settings | {"method":"GET","url":"/api/settings"}
[2026-05-17T05:30:25.420Z] [INFO] HTTP GET /api/users | {"method":"GET","url":"/api/users"}
[2026-05-17T05:30:25.422Z] [INFO] HTTP GET / | {"method":"GET","url":"/","statusCode":200,"duration":"3ms"}
[2026-05-17T05:30:25.422Z] [INFO] HTTP GET / | {"method":"GET","url":"/","statusCode":200,"duration":"2ms"}
[2026-05-17T05:30:31.661Z] [INFO] HTTP GET /health | {"method":"GET","url":"/health"}
[2026-05-17T05:30:31.661Z] [INFO] HTTP GET /health | {"method":"GET","url":"/health","statusCode":200,"duration":"1ms"}
[2026-05-17T05:30:37.219Z] [INFO] HTTP GET /health | {"method":"GET","url":"/health"}
[2026-05-17T05:30:37.219Z] [INFO] HTTP GET /health | {"method":"GET","url":"/health"}
[2026-05-17T05:30:37.219Z] [INFO] HTTP GET /health | {"method":"GET","url":"/health","statusCode":200}
[2026-05-17T05:30:37.220Z] [INFO] HTTP GET /health | {"method":"GET","url":"/health","statusCode":200}
[2026-05-17T05:30:39.604Z] [INFO] HTTP GET /api/releases | {"method":"GET","url":"/api/releases"}
[2026-05-17T05:30:39.606Z] [INFO] HTTP GET /api/settings | {"method":"GET","url":"/api/settings"}
[2026-05-17T05:30:39.606Z] [INFO] HTTP GET / | {"method":"GET","url":"/","statusCode":200,"duration":"3ms"}
[2026-05-17T05:30:39.607Z] [INFO] HTTP GET /api/projects/dashboard/pipeline | {"method":"GET","url":"/api/projects/dashboard/pipeline"}
[2026-05-17T05:30:39.609Z] [INFO] HTTP GET / | {"method":"GET","url":"/","statusCode":200,"duration":"3ms"}
[2026-05-17T05:30:39.609Z] [INFO] HTTP GET /api/releases | {"method":"GET","url":"/api/releases"}
[2026-05-17T05:30:39.610Z] [INFO] HTTP GET /api/projects | {"method":"GET","url":"/api/projects"}
[2026-05-17T05:30:39.611Z] [INFO] HTTP GET / | {"method":"GET","url":"/","statusCode":200,"duration":"2ms"}
[2026-05-17T05:30:39.612Z] [INFO] HTTP GET /dashboard/pipeline | {"method":"GET","url":"/dashboard/pipeline","statusCode":200,"duration":"5ms"}
[2026-05-17T05:30:39.612Z] [INFO] HTTP GET /api/settings | {"method":"GET","url":"/api/settings"}
[2026-05-17T05:30:39.613Z] [INFO] HTTP GET / | {"method":"GET","url":"/","statusCode":200,"duration":"3ms"}
[2026-05-17T05:30:39.613Z] [INFO] HTTP GET /api/projects/dashboard/pipeline | {"method":"GET","url":"/api/projects/dashboard/pipeline"}
[2026-05-17T05:30:39.615Z] [INFO] HTTP GET / | {"method":"GET","url":"/","statusCode":200,"duration":"3ms"}
[2026-05-17T05:30:39.615Z] [INFO] HTTP GET /api/projects | {"method":"GET","url":"/api/projects"}
[2026-05-17T05:30:39.616Z] [INFO] HTTP GET /dashboard/pipeline | {"method":"GET","url":"/dashboard/pipeline","statusCode":200,"duration":"3ms"}
[2026-05-17T05:30:39.617Z] [INFO] HTTP GET / | {"method":"GET","url":"/","statusCode":200,"duration":"2ms"}
[2026-05-17T05:30:41.488Z] [INFO] HTTP GET /api/projects | {"method":"GET","url":"/api/projects"}
[2026-05-17T05:30:41.492Z] [INFO] HTTP GET /api/releases | {"method":"GET","url":"/api/releases"}
[2026-05-17T05:30:41.494Z] [INFO] HTTP GET /api/settings | {"method":"GET","url":"/api/settings"}
[2026-05-17T05:30:41.497Z] [INFO] HTTP GET /api/activities | {"method":"GET","url":"/api/activities"}
[2026-05-17T05:30:41.499Z] [INFO] HTTP GET / | {"method":"GET","url":"/","statusCode":200,"duration":"12ms"}
[2026-05-17T05:30:41.499Z] [INFO] HTTP GET / | {"method":"GET","url":"/","statusCode":200,"duration":"8ms"}
[2026-05-17T05:30:41.500Z] [INFO] HTTP GET / | {"method":"GET","url":"/","statusCode":200,"duration":"6ms"}
[2026-05-17T05:30:41.501Z] [INFO] HTTP GET /api/projects | {"method":"GET","url":"/api/projects"}
[2026-05-17T05:30:41.503Z] [INFO] HTTP GET /api/releases | {"method":"GET","url":"/api/releases"}
[2026-05-17T05:30:41.505Z] [INFO] HTTP GET /api/settings | {"method":"GET","url":"/api/settings"}
[2026-05-17T05:30:41.507Z] [INFO] HTTP GET / | {"method":"GET","url":"/","statusCode":200,"duration":"10ms"}
[2026-05-17T05:30:41.508Z] [INFO] HTTP GET / | {"method":"GET","url":"/","statusCode":200,"duration":"7ms"}
[2026-05-17T05:30:41.508Z] [INFO] HTTP GET / | {"method":"GET","url":"/","statusCode":200,"duration":"5ms"}
[2026-05-17T05:30:41.509Z] [INFO] HTTP GET / | {"method":"GET","url":"/","statusCode":200,"duration":"4ms"}
[2026-05-17T05:30:41.509Z] [INFO] HTTP GET /api/activities | {"method":"GET","url":"/api/activities"}
[2026-05-17T05:30:41.512Z] [INFO] HTTP GET / | {"method":"GET","url":"/","statusCode":200,"duration":"3ms"}
[2026-05-17T05:30:58.091Z] [INFO] HTTP GET /api/activities | {"method":"GET","url":"/api/activities"}
[2026-05-17T05:30:58.096Z] [INFO] HTTP GET / | {"method":"GET","url":"/","statusCode":200,"duration":"6ms"}
[2026-05-17T05:30:58.098Z] [INFO] HTTP GET /api/activities | {"method":"GET","url":"/api/activities"}
[2026-05-17T05:30:58.100Z] [INFO] HTTP GET / | {"method":"GET","url":"/","statusCode":200,"duration":"2ms"}
[2026-05-17T05:31:01.715Z] [INFO] HTTP GET /health | {"method":"GET","url":"/health"}
[2026-05-17T05:31:01.715Z] [INFO] HTTP GET /health | {"method":"GET","url":"/health","statusCode":200}
[2026-05-17T05:31:03.914Z] [INFO] HTTP GET /api/projects | {"method":"GET","url":"/api/projects"}
[2026-05-17T05:31:03.918Z] [INFO] HTTP GET / | {"method":"GET","url":"/","statusCode":200,"duration":"5ms"}
[2026-05-17T05:31:03.921Z] [INFO] HTTP GET /api/projects | {"method":"GET","url":"/api/projects"}
[2026-05-17T05:31:03.924Z] [INFO] HTTP GET / | {"method":"GET","url":"/","statusCode":200,"duration":"3ms"}
[2026-05-17T05:31:03.928Z] [INFO] HTTP GET /api/projects/69f726d86dac1655e72089b2/gantt | {"method":"GET","url":"/api/projects/69f726d86dac1655e72089b2/gantt"}
[2026-05-17T05:31:03.933Z] [INFO] HTTP GET /69f726d86dac1655e72089b2/gantt | {"method":"GET","url":"/69f726d86dac1655e72089b2/gantt","statusCode":200,"duration":"6ms"}
[2026-05-17T05:31:07.263Z] [INFO] HTTP GET /health | {"method":"GET","url":"/health"}
[2026-05-17T05:31:07.263Z] [INFO] HTTP GET /health | {"method":"GET","url":"/health","statusCode":200}
[2026-05-17T05:31:07.265Z] [INFO] HTTP GET /health | {"method":"GET","url":"/health"}
[2026-05-17T05:31:07.265Z] [INFO] HTTP GET /health | {"method":"GET","url":"/health","statusCode":200}
[2026-05-17T05:31:07.600Z] [INFO] HTTP GET /api/projects | {"method":"GET","url":"/api/projects"}
[2026-05-17T05:31:07.606Z] [INFO] HTTP GET / | {"method":"GET","url":"/","statusCode":200,"duration":"6ms"}
[2026-05-17T05:31:07.609Z] [INFO] HTTP GET /api/projects | {"method":"GET","url":"/api/projects"}
[2026-05-17T05:31:07.611Z] [INFO] HTTP GET /api/projects/69f726d86dac1655e72089b2 | {"method":"GET","url":"/api/projects/69f726d86dac1655e72089b2"}
[2026-05-17T05:31:07.613Z] [INFO] HTTP GET / | {"method":"GET","url":"/","statusCode":200,"duration":"4ms"}
[2026-05-17T05:31:07.617Z] [INFO] HTTP GET /69f726d86dac1655e72089b2 | {"method":"GET","url":"/69f726d86dac1655e72089b2","statusCode":200,"duration":"5ms"}
[2026-05-17T05:31:07.618Z] [INFO] HTTP GET /api/projects/69f726d86dac1655e72089b2 | {"method":"GET","url":"/api/projects/69f726d86dac1655e72089b2"}
[2026-05-17T05:31:07.623Z] [INFO] HTTP GET /69f726d86dac1655e72089b2 | {"method":"GET","url":"/69f726d86dac1655e72089b2","statusCode":200,"duration":"5ms"}
[2026-05-17T05:31:11.661Z] [INFO] HTTP GET /api/activities | {"method":"GET","url":"/api/activities"}
[2026-05-17T05:31:11.667Z] [INFO] HTTP GET / | {"method":"GET","url":"/","statusCode":200,"duration":"7ms"}
[2026-05-17T05:31:11.669Z] [INFO] HTTP GET /api/activities | {"method":"GET","url":"/api/activities"}
[2026-05-17T05:31:11.672Z] [INFO] HTTP GET / | {"method":"GET","url":"/","statusCode":200,"duration":"3ms"}
[2026-05-17T05:31:31.757Z] [INFO] HTTP GET /health | {"method":"GET","url":"/health"}
[2026-05-17T05:31:31.757Z] [INFO] HTTP GET /health | {"method":"GET","url":"/health","statusCode":200}
[2026-05-17T05:31:36.578Z] [INFO] HTTP GET /api/projects | {"method":"GET","url":"/api/projects"}
[2026-05-17T05:31:36.585Z] [INFO] HTTP GET / | {"method":"GET","url":"/","statusCode":200,"duration":"7ms"}
[2026-05-17T05:31:36.588Z] [INFO] HTTP GET /api/projects | {"method":"GET","url":"/api/projects"}
[2026-05-17T05:31:36.592Z] [INFO] HTTP GET / | {"method":"GET","url":"/","statusCode":200,"duration":"4ms"}
[2026-05-17T05:31:36.595Z] [INFO] HTTP GET /api/projects/69f726d86dac1655e72089b2/gantt | {"method":"GET","url":"/api/projects/69f726d86dac1655e72089b2/gantt"}
[2026-05-17T05:31:36.601Z] [INFO] HTTP GET /69f726d86dac1655e72089b2/gantt | {"method":"GET","url":"/69f726d86dac1655e72089b2/gantt","statusCode":200,"duration":"6ms"}
[2026-05-17T05:31:37.312Z] [INFO] HTTP GET /health | {"method":"GET","url":"/health"}
[2026-05-17T05:31:37.312Z] [INFO] HTTP GET /health | {"method":"GET","url":"/health"}
[2026-05-17T05:31:37.312Z] [INFO] HTTP GET /health | {"method":"GET","url":"/health","statusCode":200,"duration":"1ms"}
[2026-05-17T05:31:37.312Z] [INFO] HTTP GET /health | {"method":"GET","url":"/health","statusCode":200}
[2026-05-17T05:32:01.802Z] [INFO] HTTP GET /health | {"method":"GET","url":"/health"}
[2026-05-17T05:32:01.802Z] [INFO] HTTP GET /health | {"method":"GET","url":"/health","statusCode":200,"duration":"1ms"}
[2026-05-17T05:32:07.364Z] [INFO] HTTP GET /health | {"method":"GET","url":"/health"}
[2026-05-17T05:32:07.364Z] [INFO] HTTP GET /health | {"method":"GET","url":"/health"}
[2026-05-17T05:32:07.364Z] [INFO] HTTP GET /health | {"method":"GET","url":"/health","statusCode":200,"duration":"1ms"}
[2026-05-17T05:32:07.364Z] [INFO] HTTP GET /health | {"method":"GET","url":"/health","statusCode":200,"duration":"1ms"}
[2026-05-17T05:32:24.166Z] [INFO] HTTP GET /api/projects | {"method":"GET","url":"/api/projects"}
[2026-05-17T05:32:24.171Z] [INFO] HTTP GET / | {"method":"GET","url":"/","statusCode":200,"duration":"5ms"}
[2026-05-17T05:32:24.173Z] [INFO] HTTP GET /api/projects | {"method":"GET","url":"/api/projects"}
[2026-05-17T05:32:24.178Z] [INFO] HTTP GET / | {"method":"GET","url":"/","statusCode":200,"duration":"5ms"}
[2026-05-17T05:32:24.179Z] [INFO] HTTP GET /api/projects/69f726d86dac1655e72089b2 | {"method":"GET","url":"/api/projects/69f726d86dac1655e72089b2"}
[2026-05-17T05:32:24.184Z] [INFO] HTTP GET /69f726d86dac1655e72089b2 | {"method":"GET","url":"/69f726d86dac1655e72089b2","statusCode":200,"duration":"5ms"}
[2026-05-17T05:32:24.186Z] [INFO] HTTP GET /api/projects/69f726d86dac1655e72089b2 | {"method":"GET","url":"/api/projects/69f726d86dac1655e72089b2"}
[2026-05-17T05:32:24.189Z] [INFO] HTTP GET /api/projects/dashboard/pipeline | {"method":"GET","url":"/api/projects/dashboard/pipeline"}
[2026-05-17T05:32:24.192Z] [INFO] HTTP GET /dashboard/pipeline | {"method":"GET","url":"/dashboard/pipeline","statusCode":200,"duration":"4ms"}
[2026-05-17T05:32:24.194Z] [INFO] HTTP GET /69f726d86dac1655e72089b2 | {"method":"GET","url":"/69f726d86dac1655e72089b2","statusCode":200,"duration":"8ms"}
[2026-05-17T05:32:24.200Z] [INFO] HTTP GET /api/projects/dashboard/pipeline | {"method":"GET","url":"/api/projects/dashboard/pipeline"}
[2026-05-17T05:32:24.203Z] [INFO] HTTP GET /dashboard/pipeline | {"method":"GET","url":"/dashboard/pipeline","statusCode":200,"duration":"3ms"}
[2026-05-17T05:32:27.751Z] [INFO] HTTP GET /api/projects | {"method":"GET","url":"/api/projects"}
[2026-05-17T05:32:27.758Z] [INFO] HTTP GET / | {"method":"GET","url":"/","statusCode":200,"duration":"7ms"}
[2026-05-17T05:32:27.761Z] [INFO] HTTP GET /api/projects | {"method":"GET","url":"/api/projects"}
[2026-05-17T05:32:27.764Z] [INFO] HTTP GET /api/projects/69f726d86dac1655e72089b2 | {"method":"GET","url":"/api/projects/69f726d86dac1655e72089b2"}
[2026-05-17T05:32:27.766Z] [INFO] HTTP GET / | {"method":"GET","url":"/","statusCode":200,"duration":"6ms"}
[2026-05-17T05:32:27.772Z] [INFO] HTTP GET /69f726d86dac1655e72089b2 | {"method":"GET","url":"/69f726d86dac1655e72089b2","statusCode":200,"duration":"8ms"}
[2026-05-17T05:32:27.774Z] [INFO] HTTP GET /api/projects/69f726d86dac1655e72089b2 | {"method":"GET","url":"/api/projects/69f726d86dac1655e72089b2"}
[2026-05-17T05:32:27.779Z] [INFO] HTTP GET /69f726d86dac1655e72089b2 | {"method":"GET","url":"/69f726d86dac1655e72089b2","statusCode":200,"duration":"5ms"}
[2026-05-17T05:32:30.658Z] [INFO] HTTP GET /api/releases | {"method":"GET","url":"/api/releases"}
[2026-05-17T05:32:30.660Z] [INFO] HTTP GET /api/settings | {"method":"GET","url":"/api/settings"}
[2026-05-17T05:32:30.662Z] [INFO] HTTP GET / | {"method":"GET","url":"/","statusCode":200,"duration":"4ms"}
[2026-05-17T05:32:30.663Z] [INFO] HTTP GET / | {"method":"GET","url":"/","statusCode":200,"duration":"3ms"}
[2026-05-17T05:32:30.663Z] [INFO] HTTP GET /api/projects/dashboard/pipeline | {"method":"GET","url":"/api/projects/dashboard/pipeline"}
[2026-05-17T05:32:30.665Z] [INFO] HTTP GET /api/releases | {"method":"GET","url":"/api/releases"}
[2026-05-17T05:32:30.666Z] [INFO] HTTP GET /api/settings | {"method":"GET","url":"/api/settings"}
[2026-05-17T05:32:30.668Z] [INFO] HTTP GET /api/projects | {"method":"GET","url":"/api/projects"}
[2026-05-17T05:32:30.670Z] [INFO] HTTP GET / | {"method":"GET","url":"/","statusCode":200,"duration":"5ms"}
[2026-05-17T05:32:30.670Z] [INFO] HTTP GET /dashboard/pipeline | {"method":"GET","url":"/dashboard/pipeline","statusCode":200,"duration":"7ms"}
[2026-05-17T05:32:30.671Z] [INFO] HTTP GET / | {"method":"GET","url":"/","statusCode":200,"duration":"5ms"}
[2026-05-17T05:32:30.673Z] [INFO] HTTP GET / | {"method":"GET","url":"/","statusCode":200,"duration":"5ms"}
[2026-05-17T05:32:30.674Z] [INFO] HTTP GET /api/projects/dashboard/pipeline | {"method":"GET","url":"/api/projects/dashboard/pipeline"}
[2026-05-17T05:32:30.677Z] [INFO] HTTP GET /api/projects | {"method":"GET","url":"/api/projects"}
[2026-05-17T05:32:30.679Z] [INFO] HTTP GET /dashboard/pipeline | {"method":"GET","url":"/dashboard/pipeline","statusCode":200,"duration":"5ms"}
[2026-05-17T05:32:30.680Z] [INFO] HTTP GET / | {"method":"GET","url":"/","statusCode":200,"duration":"3ms"}
[2026-05-17T05:32:31.858Z] [INFO] HTTP GET /health | {"method":"GET","url":"/health"}
[2026-05-17T05:32:31.858Z] [INFO] HTTP GET /health | {"method":"GET","url":"/health","statusCode":200,"duration":"1ms"}
[2026-05-17T05:32:32.100Z] [INFO] HTTP GET /api/projects | {"method":"GET","url":"/api/projects"}
[2026-05-17T05:32:32.103Z] [INFO] HTTP GET /api/releases | {"method":"GET","url":"/api/releases"}
[2026-05-17T05:32:32.104Z] [INFO] HTTP GET /api/settings | {"method":"GET","url":"/api/settings"}
[2026-05-17T05:32:32.105Z] [INFO] HTTP GET /api/activities | {"method":"GET","url":"/api/activities"}
[2026-05-17T05:32:32.106Z] [INFO] HTTP GET / | {"method":"GET","url":"/","statusCode":200,"duration":"6ms"}
[2026-05-17T05:32:32.107Z] [INFO] HTTP GET / | {"method":"GET","url":"/","statusCode":200,"duration":"4ms"}
[2026-05-17T05:32:32.108Z] [INFO] HTTP GET / | {"method":"GET","url":"/","statusCode":200,"duration":"4ms"}
[2026-05-17T05:32:32.109Z] [INFO] HTTP GET / | {"method":"GET","url":"/","statusCode":200,"duration":"3ms"}
[2026-05-17T05:32:32.109Z] [INFO] HTTP GET /api/projects | {"method":"GET","url":"/api/projects"}
[2026-05-17T05:32:32.111Z] [INFO] HTTP GET /api/releases | {"method":"GET","url":"/api/releases"}
[2026-05-17T05:32:32.112Z] [INFO] HTTP GET /api/settings | {"method":"GET","url":"/api/settings"}
[2026-05-17T05:32:32.113Z] [INFO] HTTP GET /api/activities | {"method":"GET","url":"/api/activities"}
[2026-05-17T05:32:32.115Z] [INFO] HTTP GET / | {"method":"GET","url":"/","statusCode":200,"duration":"6ms"}
[2026-05-17T05:32:32.115Z] [INFO] HTTP GET / | {"method":"GET","url":"/","statusCode":200,"duration":"4ms"}
[2026-05-17T05:32:32.117Z] [INFO] HTTP GET / | {"method":"GET","url":"/","statusCode":200,"duration":"5ms"}
[2026-05-17T05:32:32.118Z] [INFO] HTTP GET / | {"method":"GET","url":"/","statusCode":200,"duration":"5ms"}
[2026-05-17T05:32:33.393Z] [INFO] HTTP GET /api/projects | {"method":"GET","url":"/api/projects"}
[2026-05-17T05:32:33.398Z] [INFO] HTTP GET / | {"method":"GET","url":"/","statusCode":200,"duration":"5ms"}
[2026-05-17T05:32:33.400Z] [INFO] HTTP GET /api/projects | {"method":"GET","url":"/api/projects"}
[2026-05-17T05:32:33.403Z] [INFO] HTTP GET / | {"method":"GET","url":"/","statusCode":200,"duration":"3ms"}
[2026-05-17T05:32:33.406Z] [INFO] HTTP GET /api/projects/69f726d86dac1655e72089b2/gantt | {"method":"GET","url":"/api/projects/69f726d86dac1655e72089b2/gantt"}
[2026-05-17T05:32:33.409Z] [INFO] HTTP GET /69f726d86dac1655e72089b2/gantt | {"method":"GET","url":"/69f726d86dac1655e72089b2/gantt","statusCode":200,"duration":"3ms"}
[2026-05-17T05:32:34.521Z] [INFO] HTTP GET /api/activities | {"method":"GET","url":"/api/activities"}
[2026-05-17T05:32:34.527Z] [INFO] HTTP GET / | {"method":"GET","url":"/","statusCode":200,"duration":"6ms"}
[2026-05-17T05:32:34.529Z] [INFO] HTTP GET /api/activities | {"method":"GET","url":"/api/activities"}
[2026-05-17T05:32:34.532Z] [INFO] HTTP GET / | {"method":"GET","url":"/","statusCode":200,"duration":"3ms"}
[2026-05-17T05:32:37.416Z] [INFO] HTTP GET /health | {"method":"GET","url":"/health"}
[2026-05-17T05:32:37.416Z] [INFO] HTTP GET /health | {"method":"GET","url":"/health"}
[2026-05-17T05:32:37.416Z] [INFO] HTTP GET /health | {"method":"GET","url":"/health","statusCode":200}
[2026-05-17T05:32:37.417Z] [INFO] HTTP GET /health | {"method":"GET","url":"/health","statusCode":200,"duration":"1ms"}
[2026-05-17T05:32:57.641Z] [INFO] HTTP GET /api/settings | {"method":"GET","url":"/api/settings"}
[2026-05-17T05:32:57.644Z] [INFO] HTTP GET /api/users | {"method":"GET","url":"/api/users"}
[2026-05-17T05:32:57.648Z] [INFO] HTTP GET / | {"method":"GET","url":"/","statusCode":200,"duration":"6ms"}
[2026-05-17T05:32:57.649Z] [INFO] HTTP GET / | {"method":"GET","url":"/","statusCode":200,"duration":"5ms"}
[2026-05-17T05:32:57.650Z] [INFO] HTTP GET /api/settings | {"method":"GET","url":"/api/settings"}
[2026-05-17T05:32:57.652Z] [INFO] HTTP GET /api/users | {"method":"GET","url":"/api/users"}
[2026-05-17T05:32:57.654Z] [INFO] HTTP GET / | {"method":"GET","url":"/","statusCode":200,"duration":"4ms"}
[2026-05-17T05:32:57.655Z] [INFO] HTTP GET / | {"method":"GET","url":"/","statusCode":200,"duration":"3ms"}
[2026-05-17T05:33:01.911Z] [INFO] HTTP GET /health | {"method":"GET","url":"/health"}
[2026-05-17T05:33:01.912Z] [INFO] HTTP GET /health | {"method":"GET","url":"/health","statusCode":200,"duration":"1ms"}
[2026-05-17T05:33:07.464Z] [INFO] HTTP GET /health | {"method":"GET","url":"/health"}
[2026-05-17T05:33:07.464Z] [INFO] HTTP GET /health | {"method":"GET","url":"/health"}
[2026-05-17T05:33:07.464Z] [INFO] HTTP GET /health | {"method":"GET","url":"/health","statusCode":200}
[2026-05-17T05:33:07.464Z] [INFO] HTTP GET /health | {"method":"GET","url":"/health","statusCode":200}
[2026-05-17T05:33:31.969Z] [INFO] HTTP GET /health | {"method":"GET","url":"/health"}
[2026-05-17T05:33:31.969Z] [INFO] HTTP GET /health | {"method":"GET","url":"/health","statusCode":200}
[2026-05-17T05:33:37.514Z] [INFO] HTTP GET /health | {"method":"GET","url":"/health"}
[2026-05-17T05:33:37.515Z] [INFO] HTTP GET /health | {"method":"GET","url":"/health"}
[2026-05-17T05:33:37.515Z] [INFO] HTTP GET /health | {"method":"GET","url":"/health","statusCode":200}
[2026-05-17T05:33:37.515Z] [INFO] HTTP GET /health | {"method":"GET","url":"/health","statusCode":200}
[2026-05-17T05:33:37.528Z] [INFO] HTTP GET /api/releases | {"method":"GET","url":"/api/releases"}
[2026-05-17T05:33:37.530Z] [INFO] HTTP GET /api/settings | {"method":"GET","url":"/api/settings"}
[2026-05-17T05:33:37.531Z] [INFO] HTTP GET / | {"method":"GET","url":"/","statusCode":200,"duration":"3ms"}
[2026-05-17T05:33:37.531Z] [INFO] HTTP GET /api/projects/dashboard/pipeline | {"method":"GET","url":"/api/projects/dashboard/pipeline"}
[2026-05-17T05:33:37.532Z] [INFO] HTTP GET / | {"method":"GET","url":"/","statusCode":200,"duration":"2ms"}
[2026-05-17T05:33:37.533Z] [INFO] HTTP GET /api/releases | {"method":"GET","url":"/api/releases"}
[2026-05-17T05:33:37.534Z] [INFO] HTTP GET /api/projects | {"method":"GET","url":"/api/projects"}
[2026-05-17T05:33:37.536Z] [INFO] HTTP GET / | {"method":"GET","url":"/","statusCode":200,"duration":"3ms"}
[2026-05-17T05:33:37.536Z] [INFO] HTTP GET /dashboard/pipeline | {"method":"GET","url":"/dashboard/pipeline","statusCode":200,"duration":"5ms"}
[2026-05-17T05:33:37.537Z] [INFO] HTTP GET /api/settings | {"method":"GET","url":"/api/settings"}
[2026-05-17T05:33:37.537Z] [INFO] HTTP GET / | {"method":"GET","url":"/","statusCode":200,"duration":"3ms"}
[2026-05-17T05:33:37.538Z] [INFO] HTTP GET /api/projects/dashboard/pipeline | {"method":"GET","url":"/api/projects/dashboard/pipeline"}
[2026-05-17T05:33:37.539Z] [INFO] HTTP GET / | {"method":"GET","url":"/","statusCode":200,"duration":"2ms"}
[2026-05-17T05:33:37.540Z] [INFO] HTTP GET /api/projects | {"method":"GET","url":"/api/projects"}
[2026-05-17T05:33:37.541Z] [INFO] HTTP GET /dashboard/pipeline | {"method":"GET","url":"/dashboard/pipeline","statusCode":200,"duration":"3ms"}
[2026-05-17T05:33:37.542Z] [INFO] HTTP GET / | {"method":"GET","url":"/","statusCode":200,"duration":"2ms"}
[2026-05-17T05:34:02.016Z] [INFO] HTTP GET /health | {"method":"GET","url":"/health"}
[2026-05-17T05:34:02.016Z] [INFO] HTTP GET /health | {"method":"GET","url":"/health","statusCode":200}
[2026-05-17T05:34:07.557Z] [INFO] HTTP GET /health | {"method":"GET","url":"/health"}
[2026-05-17T05:34:07.557Z] [INFO] HTTP GET /health | {"method":"GET","url":"/health","statusCode":200}
[2026-05-17T05:34:07.558Z] [INFO] HTTP GET /health | {"method":"GET","url":"/health"}
[2026-05-17T05:34:07.558Z] [INFO] HTTP GET /health | {"method":"GET","url":"/health","statusCode":200}
[2026-05-17T05:34:32.069Z] [INFO] HTTP GET /health | {"method":"GET","url":"/health"}
[2026-05-17T05:34:32.070Z] [INFO] HTTP GET /health | {"method":"GET","url":"/health","statusCode":200,"duration":"1ms"}
[2026-05-17T05:34:37.618Z] [INFO] HTTP GET /health | {"method":"GET","url":"/health"}
[2026-05-17T05:34:37.618Z] [INFO] HTTP GET /health | {"method":"GET","url":"/health","statusCode":200}
[2026-05-17T05:34:37.619Z] [INFO] HTTP GET /health | {"method":"GET","url":"/health"}
[2026-05-17T05:34:37.619Z] [INFO] HTTP GET /health | {"method":"GET","url":"/health","statusCode":200}
[2026-05-17T05:35:02.120Z] [INFO] HTTP GET /health | {"method":"GET","url":"/health"}
[2026-05-17T05:35:02.120Z] [INFO] HTTP GET /health | {"method":"GET","url":"/health","statusCode":200}
[2026-05-17T05:35:07.670Z] [INFO] HTTP GET /health | {"method":"GET","url":"/health"}
[2026-05-17T05:35:07.671Z] [INFO] HTTP GET /health | {"method":"GET","url":"/health"}
[2026-05-17T05:35:07.670Z] [INFO] HTTP GET /health | {"method":"GET","url":"/health","statusCode":200}
[2026-05-17T05:35:07.671Z] [INFO] HTTP GET /health | {"method":"GET","url":"/health","statusCode":200}
[2026-05-17T05:35:32.175Z] [INFO] HTTP GET /health | {"method":"GET","url":"/health"}
[2026-05-17T05:35:32.175Z] [INFO] HTTP GET /health | {"method":"GET","url":"/health","statusCode":200}
[2026-05-17T05:35:37.729Z] [INFO] HTTP GET /health | {"method":"GET","url":"/health"}
[2026-05-17T05:35:37.729Z] [INFO] HTTP GET /health | {"method":"GET","url":"/health"}
[2026-05-17T05:35:37.729Z] [INFO] HTTP GET /health | {"method":"GET","url":"/health","statusCode":200}
[2026-05-17T05:35:37.729Z] [INFO] HTTP GET /health | {"method":"GET","url":"/health","statusCode":200}
[2026-05-17T05:36:02.229Z] [INFO] HTTP GET /health | {"method":"GET","url":"/health"}
[2026-05-17T05:36:02.229Z] [INFO] HTTP GET /health | {"method":"GET","url":"/health","statusCode":200}
[2026-05-17T05:36:07.765Z] [INFO] HTTP GET /health | {"method":"GET","url":"/health"}
[2026-05-17T05:36:07.765Z] [INFO] HTTP GET /health | {"method":"GET","url":"/health"}
[2026-05-17T05:36:07.765Z] [INFO] HTTP GET /health | {"method":"GET","url":"/health","statusCode":200}
[2026-05-17T05:36:07.765Z] [INFO] HTTP GET /health | {"method":"GET","url":"/health","statusCode":200}
[2026-05-17T05:36:32.281Z] [INFO] HTTP GET /health | {"method":"GET","url":"/health"}
[2026-05-17T05:36:32.281Z] [INFO] HTTP GET /health | {"method":"GET","url":"/health","statusCode":200}
[2026-05-17T05:36:37.823Z] [INFO] HTTP GET /health | {"method":"GET","url":"/health"}
[2026-05-17T05:36:37.823Z] [INFO] HTTP GET /health | {"method":"GET","url":"/health"}
[2026-05-17T05:36:37.823Z] [INFO] HTTP GET /health | {"method":"GET","url":"/health","statusCode":200}
[2026-05-17T05:36:37.823Z] [INFO] HTTP GET /health | {"method":"GET","url":"/health","statusCode":200}
[2026-05-17T05:37:02.336Z] [INFO] HTTP GET /health | {"method":"GET","url":"/health"}
[2026-05-17T05:37:02.337Z] [INFO] HTTP GET /health | {"method":"GET","url":"/health","statusCode":200,"duration":"1ms"}
[2026-05-17T05:37:07.868Z] [INFO] HTTP GET /health | {"method":"GET","url":"/health"}
[2026-05-17T05:37:07.868Z] [INFO] HTTP GET /health | {"method":"GET","url":"/health"}
[2026-05-17T05:37:07.868Z] [INFO] HTTP GET /health | {"method":"GET","url":"/health","statusCode":200,"duration":"1ms"}
[2026-05-17T05:37:07.868Z] [INFO] HTTP GET /health | {"method":"GET","url":"/health","statusCode":200}
[2026-05-17T05:37:32.390Z] [INFO] HTTP GET /health | {"method":"GET","url":"/health"}
[2026-05-17T05:37:32.391Z] [INFO] HTTP GET /health | {"method":"GET","url":"/health","statusCode":200,"duration":"1ms"}
[2026-05-17T05:37:37.905Z] [INFO] HTTP GET /health | {"method":"GET","url":"/health"}
[2026-05-17T05:37:37.906Z] [INFO] HTTP GET /health | {"method":"GET","url":"/health"}
[2026-05-17T05:37:37.906Z] [INFO] HTTP GET /health | {"method":"GET","url":"/health","statusCode":200,"duration":"1ms"}
[2026-05-17T05:37:37.907Z] [INFO] HTTP GET /health | {"method":"GET","url":"/health","statusCode":200,"duration":"1ms"}
[2026-05-17T05:38:02.442Z] [INFO] HTTP GET /health | {"method":"GET","url":"/health"}
[2026-05-17T05:38:02.443Z] [INFO] HTTP GET /health | {"method":"GET","url":"/health","statusCode":200}
[2026-05-17T05:38:07.950Z] [INFO] HTTP GET /health | {"method":"GET","url":"/health"}
[2026-05-17T05:38:07.951Z] [INFO] HTTP GET /health | {"method":"GET","url":"/health"}
[2026-05-17T05:38:07.950Z] [INFO] HTTP GET /health | {"method":"GET","url":"/health","statusCode":200}
[2026-05-17T05:38:07.951Z] [INFO] HTTP GET /health | {"method":"GET","url":"/health","statusCode":200}
[2026-05-17T05:38:32.498Z] [INFO] HTTP GET /health | {"method":"GET","url":"/health"}
[2026-05-17T05:38:32.498Z] [INFO] HTTP GET /health | {"method":"GET","url":"/health","statusCode":200}
[2026-05-17T05:38:38.002Z] [INFO] HTTP GET /health | {"method":"GET","url":"/health"}
[2026-05-17T05:38:38.002Z] [INFO] HTTP GET /health | {"method":"GET","url":"/health"}
[2026-05-17T05:38:38.002Z] [INFO] HTTP GET /health | {"method":"GET","url":"/health","statusCode":200}
[2026-05-17T05:38:38.002Z] [INFO] HTTP GET /health | {"method":"GET","url":"/health","statusCode":200}
[2026-05-17T05:39:02.550Z] [INFO] HTTP GET /health | {"method":"GET","url":"/health"}
[2026-05-17T05:39:02.550Z] [INFO] HTTP GET /health | {"method":"GET","url":"/health","statusCode":200}
[2026-05-17T05:39:08.049Z] [INFO] HTTP GET /health | {"method":"GET","url":"/health"}
[2026-05-17T05:39:08.049Z] [INFO] HTTP GET /health | {"method":"GET","url":"/health"}
[2026-05-17T05:39:08.049Z] [INFO] HTTP GET /health | {"method":"GET","url":"/health","statusCode":200}
[2026-05-17T05:39:08.049Z] [INFO] HTTP GET /health | {"method":"GET","url":"/health","statusCode":200}
[2026-05-17T05:39:32.580Z] [INFO] HTTP GET /health | {"method":"GET","url":"/health"}
[2026-05-17T05:39:32.581Z] [INFO] HTTP GET /health | {"method":"GET","url":"/health","statusCode":200,"duration":"1ms"}
[2026-05-17T05:39:38.095Z] [INFO] HTTP GET /health | {"method":"GET","url":"/health"}
[2026-05-17T05:39:38.095Z] [INFO] HTTP GET /health | {"method":"GET","url":"/health"}
[2026-05-17T05:39:38.095Z] [INFO] HTTP GET /health | {"method":"GET","url":"/health","statusCode":200}
[2026-05-17T05:39:38.096Z] [INFO] HTTP GET /health | {"method":"GET","url":"/health","statusCode":200,"duration":"1ms"}
[2026-05-17T05:40:02.633Z] [INFO] HTTP GET /health | {"method":"GET","url":"/health"}
[2026-05-17T05:40:02.634Z] [INFO] HTTP GET /health | {"method":"GET","url":"/health","statusCode":200,"duration":"1ms"}
[2026-05-17T05:40:08.136Z] [INFO] HTTP GET /health | {"method":"GET","url":"/health"}
[2026-05-17T05:40:08.137Z] [INFO] HTTP GET /health | {"method":"GET","url":"/health"}
[2026-05-17T05:40:08.137Z] [INFO] HTTP GET /health | {"method":"GET","url":"/health","statusCode":200,"duration":"1ms"}
[2026-05-17T05:40:08.137Z] [INFO] HTTP GET /health | {"method":"GET","url":"/health","statusCode":200}
[2026-05-17T05:40:32.686Z] [INFO] HTTP GET /health | {"method":"GET","url":"/health"}
[2026-05-17T05:40:32.686Z] [INFO] HTTP GET /health | {"method":"GET","url":"/health","statusCode":200}
[2026-05-17T05:40:38.190Z] [INFO] HTTP GET /health | {"method":"GET","url":"/health"}
[2026-05-17T05:40:38.191Z] [INFO] HTTP GET /health | {"method":"GET","url":"/health"}
[2026-05-17T05:40:38.191Z] [INFO] HTTP GET /health | {"method":"GET","url":"/health","statusCode":200,"duration":"1ms"}
[2026-05-17T05:40:38.191Z] [INFO] HTTP GET /health | {"method":"GET","url":"/health","statusCode":200,"duration":"1ms"}
[2026-05-17T05:41:02.750Z] [INFO] HTTP GET /health | {"method":"GET","url":"/health"}
[2026-05-17T05:41:02.750Z] [INFO] HTTP GET /health | {"method":"GET","url":"/health","statusCode":200}
[2026-05-17T05:41:08.236Z] [INFO] HTTP GET /health | {"method":"GET","url":"/health"}
[2026-05-17T05:41:08.237Z] [INFO] HTTP GET /health | {"method":"GET","url":"/health"}
[2026-05-17T05:41:08.236Z] [INFO] HTTP GET /health | {"method":"GET","url":"/health","statusCode":200}
[2026-05-17T05:41:08.237Z] [INFO] HTTP GET /health | {"method":"GET","url":"/health","statusCode":200}
[2026-05-17T05:41:32.823Z] [INFO] HTTP GET /health | {"method":"GET","url":"/health"}
[2026-05-17T05:41:32.824Z] [INFO] HTTP GET /health | {"method":"GET","url":"/health","statusCode":200,"duration":"1ms"}
[2026-05-17T05:41:38.302Z] [INFO] HTTP GET /health | {"method":"GET","url":"/health"}
[2026-05-17T05:41:38.302Z] [INFO] HTTP GET /health | {"method":"GET","url":"/health"}
[2026-05-17T05:41:38.302Z] [INFO] HTTP GET /health | {"method":"GET","url":"/health","statusCode":200}
[2026-05-17T05:41:38.303Z] [INFO] HTTP GET /health | {"method":"GET","url":"/health","statusCode":200,"duration":"1ms"}
[2026-05-17T05:42:02.886Z] [INFO] HTTP GET /health | {"method":"GET","url":"/health"}
[2026-05-17T05:42:02.887Z] [INFO] HTTP GET /health | {"method":"GET","url":"/health","statusCode":200,"duration":"1ms"}
[2026-05-17T05:42:08.360Z] [INFO] HTTP GET /health | {"method":"GET","url":"/health"}
[2026-05-17T05:42:08.361Z] [INFO] HTTP GET /health | {"method":"GET","url":"/health"}
[2026-05-17T05:42:08.361Z] [INFO] HTTP GET /health | {"method":"GET","url":"/health","statusCode":200,"duration":"1ms"}
[2026-05-17T05:42:08.361Z] [INFO] HTTP GET /health | {"method":"GET","url":"/health","statusCode":200}
[2026-05-17T05:42:32.938Z] [INFO] HTTP GET /health | {"method":"GET","url":"/health"}
[2026-05-17T05:42:32.938Z] [INFO] HTTP GET /health | {"method":"GET","url":"/health","statusCode":200}
[2026-05-17T05:42:38.420Z] [INFO] HTTP GET /health | {"method":"GET","url":"/health"}
[2026-05-17T05:42:38.420Z] [INFO] HTTP GET /health | {"method":"GET","url":"/health"}
[2026-05-17T05:42:38.420Z] [INFO] HTTP GET /health | {"method":"GET","url":"/health","statusCode":200}
[2026-05-17T05:42:38.420Z] [INFO] HTTP GET /health | {"method":"GET","url":"/health","statusCode":200}
[2026-05-17T05:43:02.994Z] [INFO] HTTP GET /health | {"method":"GET","url":"/health"}
[2026-05-17T05:43:02.994Z] [INFO] HTTP GET /health | {"method":"GET","url":"/health","statusCode":200}
[2026-05-17T05:43:08.477Z] [INFO] HTTP GET /health | {"method":"GET","url":"/health"}
[2026-05-17T05:43:08.477Z] [INFO] HTTP GET /health | {"method":"GET","url":"/health"}
[2026-05-17T05:43:08.477Z] [INFO] HTTP GET /health | {"method":"GET","url":"/health","statusCode":200}
[2026-05-17T05:43:08.478Z] [INFO] HTTP GET /health | {"method":"GET","url":"/health","statusCode":200}
[2026-05-17T05:43:33.048Z] [INFO] HTTP GET /health | {"method":"GET","url":"/health"}
[2026-05-17T05:43:33.048Z] [INFO] HTTP GET /health | {"method":"GET","url":"/health","statusCode":200}
[2026-05-17T05:43:38.538Z] [INFO] HTTP GET /health | {"method":"GET","url":"/health"}
[2026-05-17T05:43:38.538Z] [INFO] HTTP GET /health | {"method":"GET","url":"/health"}
[2026-05-17T05:43:38.538Z] [INFO] HTTP GET /health | {"method":"GET","url":"/health","statusCode":200}
[2026-05-17T05:43:38.538Z] [INFO] HTTP GET /health | {"method":"GET","url":"/health","statusCode":200}
[2026-05-17T05:44:03.091Z] [INFO] HTTP GET /health | {"method":"GET","url":"/health"}
[2026-05-17T05:44:03.091Z] [INFO] HTTP GET /health | {"method":"GET","url":"/health","statusCode":200}
[2026-05-17T05:44:08.602Z] [INFO] HTTP GET /health | {"method":"GET","url":"/health"}
[2026-05-17T05:44:08.602Z] [INFO] HTTP GET /health | {"method":"GET","url":"/health"}
[2026-05-17T05:44:08.602Z] [INFO] HTTP GET /health | {"method":"GET","url":"/health","statusCode":200}
[2026-05-17T05:44:08.602Z] [INFO] HTTP GET /health | {"method":"GET","url":"/health","statusCode":200}
[2026-05-17T05:44:33.129Z] [INFO] HTTP GET /health | {"method":"GET","url":"/health"}
[2026-05-17T05:44:33.129Z] [INFO] HTTP GET /health | {"method":"GET","url":"/health","statusCode":200}
[2026-05-17T05:44:38.661Z] [INFO] HTTP GET /health | {"method":"GET","url":"/health"}
[2026-05-17T05:44:38.661Z] [INFO] HTTP GET /health | {"method":"GET","url":"/health"}
[2026-05-17T05:44:38.661Z] [INFO] HTTP GET /health | {"method":"GET","url":"/health","statusCode":200}
[2026-05-17T05:44:38.662Z] [INFO] HTTP GET /health | {"method":"GET","url":"/health","statusCode":200,"duration":"1ms"}
[2026-05-17T05:45:03.167Z] [INFO] HTTP GET /health | {"method":"GET","url":"/health"}
[2026-05-17T05:45:03.167Z] [INFO] HTTP GET /health | {"method":"GET","url":"/health","statusCode":200}
[2026-05-17T05:45:08.714Z] [INFO] HTTP GET /health | {"method":"GET","url":"/health"}
[2026-05-17T05:45:08.714Z] [INFO] HTTP GET /health | {"method":"GET","url":"/health"}
[2026-05-17T05:45:08.714Z] [INFO] HTTP GET /health | {"method":"GET","url":"/health","statusCode":200}
[2026-05-17T05:45:08.714Z] [INFO] HTTP GET /health | {"method":"GET","url":"/health","statusCode":200}
[2026-05-17T05:45:33.207Z] [INFO] HTTP GET /health | {"method":"GET","url":"/health"}
[2026-05-17T05:45:33.207Z] [INFO] HTTP GET /health | {"method":"GET","url":"/health","statusCode":200}
[2026-05-17T05:45:38.761Z] [INFO] HTTP GET /health | {"method":"GET","url":"/health"}
[2026-05-17T05:45:38.761Z] [INFO] HTTP GET /health | {"method":"GET","url":"/health"}
[2026-05-17T05:45:38.761Z] [INFO] HTTP GET /health | {"method":"GET","url":"/health","statusCode":200}
[2026-05-17T05:45:38.761Z] [INFO] HTTP GET /health | {"method":"GET","url":"/health","statusCode":200}
[2026-05-17T05:46:03.246Z] [INFO] HTTP GET /health | {"method":"GET","url":"/health"}
[2026-05-17T05:46:03.246Z] [INFO] HTTP GET /health | {"method":"GET","url":"/health","statusCode":200}
[2026-05-17T05:46:08.818Z] [INFO] HTTP GET /health | {"method":"GET","url":"/health"}
[2026-05-17T05:46:08.818Z] [INFO] HTTP GET /health | {"method":"GET","url":"/health"}
[2026-05-17T05:46:08.818Z] [INFO] HTTP GET /health | {"method":"GET","url":"/health","statusCode":200}
[2026-05-17T05:46:08.818Z] [INFO] HTTP GET /health | {"method":"GET","url":"/health","statusCode":200}
[2026-05-17T05:46:33.288Z] [INFO] HTTP GET /health | {"method":"GET","url":"/health"}
[2026-05-17T05:46:33.288Z] [INFO] HTTP GET /health | {"method":"GET","url":"/health","statusCode":200}
[2026-05-17T05:46:38.867Z] [INFO] HTTP GET /health | {"method":"GET","url":"/health"}
[2026-05-17T05:46:38.867Z] [INFO] HTTP GET /health | {"method":"GET","url":"/health"}
[2026-05-17T05:46:38.867Z] [INFO] HTTP GET /health | {"method":"GET","url":"/health","statusCode":200}
[2026-05-17T05:46:38.868Z] [INFO] HTTP GET /health | {"method":"GET","url":"/health","statusCode":200,"duration":"1ms"}
[2026-05-17T05:47:03.333Z] [INFO] HTTP GET /health | {"method":"GET","url":"/health"}
[2026-05-17T05:47:03.334Z] [INFO] HTTP GET /health | {"method":"GET","url":"/health","statusCode":200,"duration":"1ms"}
[2026-05-17T05:47:08.917Z] [INFO] HTTP GET /health | {"method":"GET","url":"/health"}
[2026-05-17T05:47:08.917Z] [INFO] HTTP GET /health | {"method":"GET","url":"/health"}
[2026-05-17T05:47:08.918Z] [INFO] HTTP GET /health | {"method":"GET","url":"/health","statusCode":200}
[2026-05-17T05:47:08.918Z] [INFO] HTTP GET /health | {"method":"GET","url":"/health","statusCode":200,"duration":"1ms"}
[2026-05-17T05:47:33.380Z] [INFO] HTTP GET /health | {"method":"GET","url":"/health"}
[2026-05-17T05:47:33.380Z] [INFO] HTTP GET /health | {"method":"GET","url":"/health","statusCode":200}
[2026-05-17T05:47:38.974Z] [INFO] HTTP GET /health | {"method":"GET","url":"/health"}
[2026-05-17T05:47:38.974Z] [INFO] HTTP GET /health | {"method":"GET","url":"/health"}
[2026-05-17T05:47:38.974Z] [INFO] HTTP GET /health | {"method":"GET","url":"/health","statusCode":200}
[2026-05-17T05:47:38.974Z] [INFO] HTTP GET /health | {"method":"GET","url":"/health","statusCode":200}
[2026-05-17T05:48:03.428Z] [INFO] HTTP GET /health | {"method":"GET","url":"/health"}
[2026-05-17T05:48:03.428Z] [INFO] HTTP GET /health | {"method":"GET","url":"/health","statusCode":200}
[2026-05-17T05:48:09.020Z] [INFO] HTTP GET /health | {"method":"GET","url":"/health"}
[2026-05-17T05:48:09.020Z] [INFO] HTTP GET /health | {"method":"GET","url":"/health"}
[2026-05-17T05:48:09.020Z] [INFO] HTTP GET /health | {"method":"GET","url":"/health","statusCode":200}
[2026-05-17T05:48:09.020Z] [INFO] HTTP GET /health | {"method":"GET","url":"/health","statusCode":200}
[2026-05-17T05:48:33.480Z] [INFO] HTTP GET /health | {"method":"GET","url":"/health"}
[2026-05-17T05:48:33.480Z] [INFO] HTTP GET /health | {"method":"GET","url":"/health","statusCode":200}
[2026-05-17T05:48:39.076Z] [INFO] HTTP GET /health | {"method":"GET","url":"/health"}
[2026-05-17T05:48:39.077Z] [INFO] HTTP GET /health | {"method":"GET","url":"/health"}
[2026-05-17T05:48:39.077Z] [INFO] HTTP GET /health | {"method":"GET","url":"/health","statusCode":200,"duration":"1ms"}
[2026-05-17T05:48:39.077Z] [INFO] HTTP GET /health | {"method":"GET","url":"/health","statusCode":200,"duration":"1ms"}
[2026-05-17T05:48:43.584Z] [INFO] 🛑 SPD Milestones API shutting down | {"reason":"SIGTERM received"}
[2026-05-17T05:48:43.746Z] [INFO] 🛑 SPD Milestones API shutting down | {"reason":"SIGTERM received"}
[2026-05-17T05:48:46.333Z] [INFO] Starting SPD Milestones REST Microservice | {"port":4000,"environment":"production","mongoUri":"mongodb://mongo:27017/spd","monitoringInterval":"60 minutes","graphqlPath":"/graphql","mode":"REST Microservice"}
[2026-05-17T05:48:46.353Z] [INFO] MongoDB connected successfully | {"uri":"mongodb://mongo:27017/spd"}
[2026-05-17T05:48:46.354Z] [INFO] 🚀 SPD REST Microservice started | {"port":4000,"environment":"production","apiUrl":"http://localhost:4000","mode":"REST Only"}
[2026-05-17T05:48:46.354Z] [INFO] Starting project monitoring | {"intervalMinutes":60}
[2026-05-17T05:48:46.355Z] [INFO] Project monitoring scheduler started | {"checkInterval":"60 minutes"}
[2026-05-17T05:48:46.373Z] [WARN] Critical project detected | {"projectId":"69f726d86dac1655e72089b2","projectName":"DC3 Migration","status":"critical","issues":["2 milestones are overdue"],"overdueMilestones":2,"totalMilestones":10,"completionRate":20}
[2026-05-17T05:48:46.373Z] [INFO] Monitoring report generated | {"totalProjects":1,"critical":1,"warning":0,"healthy":0}
[2026-05-17T05:48:46.374Z] [ERROR] Critical projects detected! | {"count":1,"projects":[{"name":"DC3 Migration","issues":["2 milestones are overdue"]}]}
[2026-05-17T05:48:51.080Z] [INFO] HTTP GET /health | {"method":"GET","url":"/health"}
[2026-05-17T05:48:51.081Z] [INFO] HTTP GET /health | {"method":"GET","url":"/health","statusCode":200,"duration":"1ms"}
[2026-05-17T05:48:51.920Z] [INFO] Starting SPD Milestones GraphQL API Gateway | {"port":4001,"environment":"production","mongoUri":"mongodb://mongo:27017/spd","monitoringInterval":"60 minutes","graphqlPath":"/graphql","mode":"GraphQL API Gateway"}
[2026-05-17T05:48:51.937Z] [INFO] MongoDB connected successfully | {"uri":"mongodb://mongo:27017/spd"}
[2026-05-17T05:48:51.962Z] [INFO] 🚀 SPD GraphQL API Gateway started | {"port":4001,"environment":"production","graphqlUrl":"http://localhost:4001/graphql","mode":"GraphQL Only"}
[2026-05-17T05:48:53.597Z] [INFO] HTTP GET /api/releases | {"method":"GET","url":"/api/releases"}
[2026-05-17T05:48:53.603Z] [INFO] HTTP GET /api/settings | {"method":"GET","url":"/api/settings"}
[2026-05-17T05:48:53.606Z] [INFO] HTTP GET / | {"method":"GET","url":"/","statusCode":200,"duration":"8ms"}
[2026-05-17T05:48:53.606Z] [INFO] HTTP GET /api/projects/dashboard/pipeline | {"method":"GET","url":"/api/projects/dashboard/pipeline"}
[2026-05-17T05:48:53.610Z] [INFO] HTTP GET / | {"method":"GET","url":"/","statusCode":200,"duration":"7ms"}
[2026-05-17T05:48:53.611Z] [INFO] HTTP GET /api/releases | {"method":"GET","url":"/api/releases"}
[2026-05-17T05:48:53.612Z] [INFO] HTTP GET /api/projects | {"method":"GET","url":"/api/projects"}
[2026-05-17T05:48:53.615Z] [INFO] HTTP GET / | {"method":"GET","url":"/","statusCode":200,"duration":"4ms"}
[2026-05-17T05:48:53.615Z] [INFO] HTTP GET /dashboard/pipeline | {"method":"GET","url":"/dashboard/pipeline","statusCode":200,"duration":"9ms"}
[2026-05-17T05:48:53.616Z] [INFO] HTTP GET /api/settings | {"method":"GET","url":"/api/settings"}
[2026-05-17T05:48:53.617Z] [INFO] HTTP GET / | {"method":"GET","url":"/","statusCode":200,"duration":"5ms"}
[2026-05-17T05:48:53.617Z] [INFO] HTTP GET /api/projects/dashboard/pipeline | {"method":"GET","url":"/api/projects/dashboard/pipeline"}
[2026-05-17T05:48:53.620Z] [INFO] HTTP GET / | {"method":"GET","url":"/","statusCode":200,"duration":"4ms"}
[2026-05-17T05:48:53.620Z] [INFO] HTTP GET /api/projects | {"method":"GET","url":"/api/projects"}
[2026-05-17T05:48:53.622Z] [INFO] HTTP GET /dashboard/pipeline | {"method":"GET","url":"/dashboard/pipeline","statusCode":200,"duration":"5ms"}
[2026-05-17T05:48:53.623Z] [INFO] HTTP GET / | {"method":"GET","url":"/","statusCode":200,"duration":"3ms"}
[2026-05-17T05:48:53.624Z] [INFO] HTTP GET /api/projects | {"method":"GET","url":"/api/projects"}
[2026-05-17T05:48:53.627Z] [INFO] HTTP GET / | {"method":"GET","url":"/","statusCode":200,"duration":"3ms"}
[2026-05-17T05:48:53.628Z] [INFO] HTTP GET /api/projects | {"method":"GET","url":"/api/projects"}
[2026-05-17T05:48:53.630Z] [INFO] HTTP GET / | {"method":"GET","url":"/","statusCode":200,"duration":"2ms"}
[2026-05-17T05:48:55.034Z] [INFO] HTTP GET /api/settings | {"method":"GET","url":"/api/settings"}
[2026-05-17T05:48:55.042Z] [INFO] HTTP GET /api/users | {"method":"GET","url":"/api/users"}
[2026-05-17T05:48:55.046Z] [INFO] HTTP GET / | {"method":"GET","url":"/","statusCode":200,"duration":"12ms"}
[2026-05-17T05:48:55.048Z] [INFO] HTTP GET / | {"method":"GET","url":"/","statusCode":200,"duration":"5ms"}
[2026-05-17T05:48:55.048Z] [INFO] HTTP GET /api/settings | {"method":"GET","url":"/api/settings"}
[2026-05-17T05:48:55.050Z] [INFO] HTTP GET /api/users | {"method":"GET","url":"/api/users"}
[2026-05-17T05:48:55.052Z] [INFO] HTTP GET / | {"method":"GET","url":"/","statusCode":200,"duration":"4ms"}
[2026-05-17T05:48:55.053Z] [INFO] HTTP GET / | {"method":"GET","url":"/","statusCode":200,"duration":"3ms"}
[2026-05-17T05:48:56.653Z] [INFO] HTTP GET /health | {"method":"GET","url":"/health"}
[2026-05-17T05:48:56.653Z] [INFO] HTTP GET /health | {"method":"GET","url":"/health","statusCode":200,"duration":"1ms"}
[2026-05-17T05:48:56.814Z] [INFO] HTTP GET /health | {"method":"GET","url":"/health"}
[2026-05-17T05:48:56.814Z] [INFO] HTTP GET /health | {"method":"GET","url":"/health","statusCode":200,"duration":"1ms"}
[2026-05-17T05:49:08.820Z] [INFO] HTTP GET /api/projects | {"method":"GET","url":"/api/projects"}
[2026-05-17T05:49:08.826Z] [INFO] HTTP GET /api/releases | {"method":"GET","url":"/api/releases"}
[2026-05-17T05:49:08.829Z] [INFO] HTTP GET / | {"method":"GET","url":"/","statusCode":200,"duration":"8ms"}
[2026-05-17T05:49:08.829Z] [INFO] HTTP GET /api/settings | {"method":"GET","url":"/api/settings"}
[2026-05-17T05:49:08.830Z] [INFO] HTTP GET / | {"method":"GET","url":"/","statusCode":200,"duration":"4ms"}
[2026-05-17T05:49:08.831Z] [INFO] HTTP GET /api/projects | {"method":"GET","url":"/api/projects"}
[2026-05-17T05:49:08.833Z] [INFO] HTTP GET /api/activities | {"method":"GET","url":"/api/activities"}
[2026-05-17T05:49:08.836Z] [INFO] HTTP GET / | {"method":"GET","url":"/","statusCode":200,"duration":"5ms"}
[2026-05-17T05:49:08.838Z] [INFO] HTTP GET / | {"method":"GET","url":"/","statusCode":200,"duration":"9ms"}
[2026-05-17T05:49:08.839Z] [INFO] HTTP GET /api/releases | {"method":"GET","url":"/api/releases"}
[2026-05-17T05:49:08.842Z] [INFO] HTTP GET / | {"method":"GET","url":"/","statusCode":200,"duration":"9ms"}
[2026-05-17T05:49:08.842Z] [INFO] HTTP GET /api/settings | {"method":"GET","url":"/api/settings"}
[2026-05-17T05:49:08.843Z] [INFO] HTTP GET / | {"method":"GET","url":"/","statusCode":200,"duration":"4ms"}
[2026-05-17T05:49:08.844Z] [INFO] HTTP GET /api/activities | {"method":"GET","url":"/api/activities"}
[2026-05-17T05:49:08.846Z] [INFO] HTTP GET / | {"method":"GET","url":"/","statusCode":200,"duration":"4ms"}
[2026-05-17T05:49:08.847Z] [INFO] HTTP GET / | {"method":"GET","url":"/","statusCode":200,"duration":"3ms"}
[2026-05-17T05:49:20.795Z] [INFO] HTTP GET /api/releases | {"method":"GET","url":"/api/releases"}
[2026-05-17T05:49:20.799Z] [INFO] HTTP GET /api/settings | {"method":"GET","url":"/api/settings"}
[2026-05-17T05:49:20.802Z] [INFO] HTTP GET / | {"method":"GET","url":"/","statusCode":200,"duration":"7ms"}
[2026-05-17T05:49:20.802Z] [INFO] HTTP GET /api/projects/dashboard/pipeline | {"method":"GET","url":"/api/projects/dashboard/pipeline"}
[2026-05-17T05:49:20.806Z] [INFO] HTTP GET / | {"method":"GET","url":"/","statusCode":200,"duration":"7ms"}
[2026-05-17T05:49:20.806Z] [INFO] HTTP GET /api/releases | {"method":"GET","url":"/api/releases"}
[2026-05-17T05:49:20.808Z] [INFO] HTTP GET /api/projects | {"method":"GET","url":"/api/projects"}
[2026-05-17T05:49:20.809Z] [INFO] HTTP GET / | {"method":"GET","url":"/","statusCode":200,"duration":"3ms"}
[2026-05-17T05:49:20.809Z] [INFO] HTTP GET /dashboard/pipeline | {"method":"GET","url":"/dashboard/pipeline","statusCode":200,"duration":"7ms"}
[2026-05-17T05:49:20.810Z] [INFO] HTTP GET /api/settings | {"method":"GET","url":"/api/settings"}
[2026-05-17T05:49:20.811Z] [INFO] HTTP GET / | {"method":"GET","url":"/","statusCode":200,"duration":"3ms"}
[2026-05-17T05:49:20.812Z] [INFO] HTTP GET /api/projects/dashboard/pipeline | {"method":"GET","url":"/api/projects/dashboard/pipeline"}
[2026-05-17T05:49:20.816Z] [INFO] HTTP GET / | {"method":"GET","url":"/","statusCode":200,"duration":"6ms"}
[2026-05-17T05:49:20.817Z] [INFO] HTTP GET /api/projects | {"method":"GET","url":"/api/projects"}
[2026-05-17T05:49:20.820Z] [INFO] HTTP GET / | {"method":"GET","url":"/","statusCode":200,"duration":"4ms"}
[2026-05-17T05:49:20.820Z] [INFO] HTTP GET /dashboard/pipeline | {"method":"GET","url":"/dashboard/pipeline","statusCode":200,"duration":"8ms"}
[2026-05-17T05:49:21.122Z] [INFO] HTTP GET /health | {"method":"GET","url":"/health"}
[2026-05-17T05:49:21.122Z] [INFO] HTTP GET /health | {"method":"GET","url":"/health","statusCode":200}
[2026-05-17T05:49:26.709Z] [INFO] HTTP GET /health | {"method":"GET","url":"/health"}
[2026-05-17T05:49:26.710Z] [INFO] HTTP GET /health | {"method":"GET","url":"/health","statusCode":200,"duration":"1ms"}
[2026-05-17T05:49:26.864Z] [INFO] HTTP GET /health | {"method":"GET","url":"/health"}
[2026-05-17T05:49:26.864Z] [INFO] HTTP GET /health | {"method":"GET","url":"/health","statusCode":200}
[2026-05-17T05:49:28.020Z] [INFO] HTTP GET /api/settings | {"method":"GET","url":"/api/settings"}
[2026-05-17T05:49:28.025Z] [INFO] HTTP GET /api/users | {"method":"GET","url":"/api/users"}
[2026-05-17T05:49:28.029Z] [INFO] HTTP GET / | {"method":"GET","url":"/","statusCode":200,"duration":"9ms"}
[2026-05-17T05:49:28.031Z] [INFO] HTTP GET / | {"method":"GET","url":"/","statusCode":200,"duration":"6ms"}
[2026-05-17T05:49:28.031Z] [INFO] HTTP GET /api/settings | {"method":"GET","url":"/api/settings"}
[2026-05-17T05:49:28.033Z] [INFO] HTTP GET /api/users | {"method":"GET","url":"/api/users"}
[2026-05-17T05:49:28.035Z] [INFO] HTTP GET / | {"method":"GET","url":"/","statusCode":200,"duration":"4ms"}
[2026-05-17T05:49:28.036Z] [INFO] HTTP GET / | {"method":"GET","url":"/","statusCode":200,"duration":"3ms"}
[2026-05-17T05:49:51.147Z] [INFO] HTTP GET /health | {"method":"GET","url":"/health"}
[2026-05-17T05:49:51.148Z] [INFO] HTTP GET /health | {"method":"GET","url":"/health","statusCode":200,"duration":"1ms"}
[2026-05-17T05:49:56.766Z] [INFO] HTTP GET /health | {"method":"GET","url":"/health"}
[2026-05-17T05:49:56.767Z] [INFO] HTTP GET /health | {"method":"GET","url":"/health","statusCode":200,"duration":"1ms"}
[2026-05-17T05:49:56.918Z] [INFO] HTTP GET /health | {"method":"GET","url":"/health"}
[2026-05-17T05:49:56.919Z] [INFO] HTTP GET /health | {"method":"GET","url":"/health","statusCode":200,"duration":"1ms"}
[2026-05-17T05:50:21.181Z] [INFO] HTTP GET /health | {"method":"GET","url":"/health"}
[2026-05-17T05:50:21.181Z] [INFO] HTTP GET /health | {"method":"GET","url":"/health","statusCode":200}
[2026-05-17T05:50:26.815Z] [INFO] HTTP GET /health | {"method":"GET","url":"/health"}
[2026-05-17T05:50:26.815Z] [INFO] HTTP GET /health | {"method":"GET","url":"/health","statusCode":200,"duration":"1ms"}
[2026-05-17T05:50:26.966Z] [INFO] HTTP GET /health | {"method":"GET","url":"/health"}
[2026-05-17T05:50:26.966Z] [INFO] HTTP GET /health | {"method":"GET","url":"/health","statusCode":200}
[2026-05-17T05:50:51.225Z] [INFO] HTTP GET /health | {"method":"GET","url":"/health"}
[2026-05-17T05:50:51.225Z] [INFO] HTTP GET /health | {"method":"GET","url":"/health","statusCode":200,"duration":"1ms"}
[2026-05-17T05:50:56.868Z] [INFO] HTTP GET /health | {"method":"GET","url":"/health"}
[2026-05-17T05:50:56.868Z] [INFO] HTTP GET /health | {"method":"GET","url":"/health","statusCode":200,"duration":"1ms"}
[2026-05-17T05:50:57.019Z] [INFO] HTTP GET /health | {"method":"GET","url":"/health"}
[2026-05-17T05:50:57.019Z] [INFO] HTTP GET /health | {"method":"GET","url":"/health","statusCode":200}
[2026-05-17T05:51:21.272Z] [INFO] HTTP GET /health | {"method":"GET","url":"/health"}
[2026-05-17T05:51:21.272Z] [INFO] HTTP GET /health | {"method":"GET","url":"/health","statusCode":200}
[2026-05-17T05:51:26.931Z] [INFO] HTTP GET /health | {"method":"GET","url":"/health"}
[2026-05-17T05:51:26.931Z] [INFO] HTTP GET /health | {"method":"GET","url":"/health","statusCode":200,"duration":"1ms"}
[2026-05-17T05:51:27.065Z] [INFO] HTTP GET /health | {"method":"GET","url":"/health"}
[2026-05-17T05:51:27.065Z] [INFO] HTTP GET /health | {"method":"GET","url":"/health","statusCode":200}
[2026-05-17T05:51:49.393Z] [INFO] 🛑 SPD Milestones API shutting down | {"reason":"SIGTERM received"}
[2026-05-17T05:51:49.549Z] [INFO] 🛑 SPD Milestones API shutting down | {"reason":"SIGTERM received"}
[2026-05-17T05:51:51.002Z] [INFO] Starting SPD Milestones REST Microservice | {"port":4000,"environment":"production","mongoUri":"mongodb://mongo:27017/spd","monitoringInterval":"60 minutes","graphqlPath":"/graphql","mode":"REST Microservice"}
[2026-05-17T05:51:51.017Z] [INFO] MongoDB connected successfully | {"uri":"mongodb://mongo:27017/spd"}
[2026-05-17T05:51:51.018Z] [INFO] 🚀 SPD REST Microservice started | {"port":4000,"environment":"production","apiUrl":"http://localhost:4000","mode":"REST Only"}
[2026-05-17T05:51:51.018Z] [INFO] Starting project monitoring | {"intervalMinutes":60}
[2026-05-17T05:51:51.019Z] [INFO] Project monitoring scheduler started | {"checkInterval":"60 minutes"}
[2026-05-17T05:51:51.036Z] [WARN] Critical project detected | {"projectId":"69f726d86dac1655e72089b2","projectName":"DC3 Migration","status":"critical","issues":["2 milestones are overdue"],"overdueMilestones":2,"totalMilestones":10,"completionRate":20}
[2026-05-17T05:51:51.036Z] [INFO] Monitoring report generated | {"totalProjects":1,"critical":1,"warning":0,"healthy":0}
[2026-05-17T05:51:51.036Z] [ERROR] Critical projects detected! | {"count":1,"projects":[{"name":"DC3 Migration","issues":["2 milestones are overdue"]}]}
[2026-05-17T05:51:55.785Z] [INFO] HTTP GET /health | {"method":"GET","url":"/health"}
[2026-05-17T05:51:55.785Z] [INFO] HTTP GET /health | {"method":"GET","url":"/health","statusCode":200}
[2026-05-17T05:51:56.584Z] [INFO] Starting SPD Milestones GraphQL API Gateway | {"port":4001,"environment":"production","mongoUri":"mongodb://mongo:27017/spd","monitoringInterval":"60 minutes","graphqlPath":"/graphql","mode":"GraphQL API Gateway"}
[2026-05-17T05:51:56.601Z] [INFO] MongoDB connected successfully | {"uri":"mongodb://mongo:27017/spd"}
[2026-05-17T05:51:56.623Z] [INFO] 🚀 SPD GraphQL API Gateway started | {"port":4001,"environment":"production","graphqlUrl":"http://localhost:4001/graphql","mode":"GraphQL Only"}
[2026-05-17T05:52:01.363Z] [INFO] HTTP GET /health | {"method":"GET","url":"/health"}
[2026-05-17T05:52:01.364Z] [INFO] HTTP GET /health | {"method":"GET","url":"/health","statusCode":200,"duration":"1ms"}
[2026-05-17T05:52:01.510Z] [INFO] HTTP GET /health | {"method":"GET","url":"/health"}
[2026-05-17T05:52:01.510Z] [INFO] HTTP GET /health | {"method":"GET","url":"/health","statusCode":200,"duration":"1ms"}
[2026-05-17T05:52:25.842Z] [INFO] HTTP GET /health | {"method":"GET","url":"/health"}
[2026-05-17T05:52:25.843Z] [INFO] HTTP GET /health | {"method":"GET","url":"/health","statusCode":200,"duration":"1ms"}
[2026-05-17T05:52:31.417Z] [INFO] HTTP GET /health | {"method":"GET","url":"/health"}
[2026-05-17T05:52:31.418Z] [INFO] HTTP GET /health | {"method":"GET","url":"/health","statusCode":200,"duration":"1ms"}
[2026-05-17T05:52:31.566Z] [INFO] HTTP GET /health | {"method":"GET","url":"/health"}
[2026-05-17T05:52:31.566Z] [INFO] HTTP GET /health | {"method":"GET","url":"/health","statusCode":200}
[2026-05-17T05:52:55.889Z] [INFO] HTTP GET /health | {"method":"GET","url":"/health"}
[2026-05-17T05:52:55.890Z] [INFO] HTTP GET /health | {"method":"GET","url":"/health","statusCode":200,"duration":"1ms"}
[2026-05-17T05:53:01.455Z] [INFO] HTTP GET /health | {"method":"GET","url":"/health"}
[2026-05-17T05:53:01.455Z] [INFO] HTTP GET /health | {"method":"GET","url":"/health","statusCode":200}
[2026-05-17T05:53:01.596Z] [INFO] HTTP GET /health | {"method":"GET","url":"/health"}
[2026-05-17T05:53:01.597Z] [INFO] HTTP GET /health | {"method":"GET","url":"/health","statusCode":200,"duration":"1ms"}
[2026-05-17T05:53:02.100Z] [INFO] HTTP GET /api/settings | {"method":"GET","url":"/api/settings"}
[2026-05-17T05:53:02.109Z] [INFO] HTTP GET /api/users | {"method":"GET","url":"/api/users"}
[2026-05-17T05:53:02.116Z] [INFO] HTTP GET / | {"method":"GET","url":"/","statusCode":200,"duration":"16ms"}
[2026-05-17T05:53:02.118Z] [INFO] HTTP GET /api/projects | {"method":"GET","url":"/api/projects"}
[2026-05-17T05:53:02.122Z] [INFO] HTTP GET / | {"method":"GET","url":"/","statusCode":200,"duration":"13ms"}
[2026-05-17T05:53:02.124Z] [INFO] HTTP GET /api/settings | {"method":"GET","url":"/api/settings"}
[2026-05-17T05:53:02.125Z] [INFO] HTTP GET / | {"method":"GET","url":"/","statusCode":200,"duration":"7ms"}
[2026-05-17T05:53:02.125Z] [INFO] HTTP GET /api/users | {"method":"GET","url":"/api/users"}
[2026-05-17T05:53:02.127Z] [INFO] HTTP GET / | {"method":"GET","url":"/","statusCode":200,"duration":"3ms"}
[2026-05-17T05:53:02.127Z] [INFO] HTTP GET /api/projects | {"method":"GET","url":"/api/projects"}
[2026-05-17T05:53:02.129Z] [INFO] HTTP GET / | {"method":"GET","url":"/","statusCode":200,"duration":"4ms"}
[2026-05-17T05:53:02.129Z] [INFO] HTTP GET / | {"method":"GET","url":"/","statusCode":200,"duration":"2ms"}
[2026-05-17T05:53:13.867Z] [INFO] HTTP GET /api/releases | {"method":"GET","url":"/api/releases"}
[2026-05-17T05:53:13.871Z] [INFO] HTTP GET /api/settings | {"method":"GET","url":"/api/settings"}
[2026-05-17T05:53:13.873Z] [INFO] HTTP GET / | {"method":"GET","url":"/","statusCode":200,"duration":"7ms"}
[2026-05-17T05:53:13.874Z] [INFO] HTTP GET /api/projects/dashboard/pipeline | {"method":"GET","url":"/api/projects/dashboard/pipeline"}
[2026-05-17T05:53:13.879Z] [INFO] HTTP GET / | {"method":"GET","url":"/","statusCode":200,"duration":"8ms"}
[2026-05-17T05:53:13.880Z] [INFO] HTTP GET /api/releases | {"method":"GET","url":"/api/releases"}
[2026-05-17T05:53:13.881Z] [INFO] HTTP GET /api/projects | {"method":"GET","url":"/api/projects"}
[2026-05-17T05:53:13.884Z] [INFO] HTTP GET / | {"method":"GET","url":"/","statusCode":200,"duration":"4ms"}
[2026-05-17T05:53:13.884Z] [INFO] HTTP GET /dashboard/pipeline | {"method":"GET","url":"/dashboard/pipeline","statusCode":200,"duration":"10ms"}
[2026-05-17T05:53:13.885Z] [INFO] HTTP GET /api/settings | {"method":"GET","url":"/api/settings"}
[2026-05-17T05:53:13.888Z] [INFO] HTTP GET / | {"method":"GET","url":"/","statusCode":200,"duration":"7ms"}
[2026-05-17T05:53:13.888Z] [INFO] HTTP GET /api/projects/dashboard/pipeline | {"method":"GET","url":"/api/projects/dashboard/pipeline"}
[2026-05-17T05:53:13.892Z] [INFO] HTTP GET / | {"method":"GET","url":"/","statusCode":200,"duration":"7ms"}
[2026-05-17T05:53:13.893Z] [INFO] HTTP GET /api/projects | {"method":"GET","url":"/api/projects"}
[2026-05-17T05:53:13.895Z] [INFO] HTTP GET /dashboard/pipeline | {"method":"GET","url":"/dashboard/pipeline","statusCode":200,"duration":"7ms"}
[2026-05-17T05:53:13.896Z] [INFO] HTTP GET / | {"method":"GET","url":"/","statusCode":200,"duration":"3ms"}
[2026-05-17T05:53:15.861Z] [INFO] HTTP GET /api/settings | {"method":"GET","url":"/api/settings"}
[2026-05-17T05:53:15.865Z] [INFO] HTTP GET /api/users | {"method":"GET","url":"/api/users"}
[2026-05-17T05:53:15.870Z] [INFO] HTTP GET / | {"method":"GET","url":"/","statusCode":200,"duration":"10ms"}
[2026-05-17T05:53:15.872Z] [INFO] HTTP GET / | {"method":"GET","url":"/","statusCode":200,"duration":"8ms"}
[2026-05-17T05:53:15.872Z] [INFO] HTTP GET /api/settings | {"method":"GET","url":"/api/settings"}
[2026-05-17T05:53:15.875Z] [INFO] HTTP GET /api/users | {"method":"GET","url":"/api/users"}
[2026-05-17T05:53:15.876Z] [INFO] HTTP GET / | {"method":"GET","url":"/","statusCode":200,"duration":"4ms"}
[2026-05-17T05:53:15.877Z] [INFO] HTTP GET / | {"method":"GET","url":"/","statusCode":200,"duration":"3ms"}
[2026-05-17T05:53:25.935Z] [INFO] HTTP GET /health | {"method":"GET","url":"/health"}
[2026-05-17T05:53:25.935Z] [INFO] HTTP GET /health | {"method":"GET","url":"/health","statusCode":200}
[2026-05-17T05:53:31.507Z] [INFO] HTTP GET /health | {"method":"GET","url":"/health"}
[2026-05-17T05:53:31.507Z] [INFO] HTTP GET /health | {"method":"GET","url":"/health","statusCode":200,"duration":"1ms"}
[2026-05-17T05:53:31.638Z] [INFO] HTTP GET /health | {"method":"GET","url":"/health"}
[2026-05-17T05:53:31.639Z] [INFO] HTTP GET /health | {"method":"GET","url":"/health","statusCode":200,"duration":"1ms"}
[2026-05-17T05:53:39.269Z] [INFO] HTTP GET /api/releases | {"method":"GET","url":"/api/releases"}
[2026-05-17T05:53:39.274Z] [INFO] HTTP GET /api/settings | {"method":"GET","url":"/api/settings"}
[2026-05-17T05:53:39.277Z] [INFO] HTTP GET / | {"method":"GET","url":"/","statusCode":200,"duration":"8ms"}
[2026-05-17T05:53:39.278Z] [INFO] HTTP GET /api/projects/dashboard/pipeline | {"method":"GET","url":"/api/projects/dashboard/pipeline"}
[2026-05-17T05:53:39.284Z] [INFO] HTTP GET / | {"method":"GET","url":"/","statusCode":200,"duration":"10ms"}
[2026-05-17T05:53:39.285Z] [INFO] HTTP GET /api/releases | {"method":"GET","url":"/api/releases"}
[2026-05-17T05:53:39.287Z] [INFO] HTTP GET /api/projects | {"method":"GET","url":"/api/projects"}
[2026-05-17T05:53:39.290Z] [INFO] HTTP GET / | {"method":"GET","url":"/","statusCode":200,"duration":"5ms"}
[2026-05-17T05:53:39.290Z] [INFO] HTTP GET /dashboard/pipeline | {"method":"GET","url":"/dashboard/pipeline","statusCode":200,"duration":"12ms"}
[2026-05-17T05:53:39.291Z] [INFO] HTTP GET /api/settings | {"method":"GET","url":"/api/settings"}
[2026-05-17T05:53:39.292Z] [INFO] HTTP GET / | {"method":"GET","url":"/","statusCode":200,"duration":"5ms"}
[2026-05-17T05:53:39.292Z] [INFO] HTTP GET /api/projects/dashboard/pipeline | {"method":"GET","url":"/api/projects/dashboard/pipeline"}
[2026-05-17T05:53:39.295Z] [INFO] HTTP GET / | {"method":"GET","url":"/","statusCode":200,"duration":"5ms"}
[2026-05-17T05:53:39.295Z] [INFO] HTTP GET /api/projects | {"method":"GET","url":"/api/projects"}
[2026-05-17T05:53:39.296Z] [INFO] HTTP GET /dashboard/pipeline | {"method":"GET","url":"/dashboard/pipeline","statusCode":200,"duration":"4ms"}
[2026-05-17T05:53:39.298Z] [INFO] HTTP GET / | {"method":"GET","url":"/","statusCode":200,"duration":"3ms"}
[2026-05-17T05:53:40.684Z] [INFO] HTTP GET /api/settings | {"method":"GET","url":"/api/settings"}
[2026-05-17T05:53:40.686Z] [INFO] HTTP GET /api/users | {"method":"GET","url":"/api/users"}
[2026-05-17T05:53:40.689Z] [INFO] HTTP GET / | {"method":"GET","url":"/","statusCode":200,"duration":"5ms"}
[2026-05-17T05:53:40.690Z] [INFO] HTTP GET / | {"method":"GET","url":"/","statusCode":200,"duration":"4ms"}
[2026-05-17T05:53:40.691Z] [INFO] HTTP GET /api/settings | {"method":"GET","url":"/api/settings"}
[2026-05-17T05:53:40.693Z] [INFO] HTTP GET /api/users | {"method":"GET","url":"/api/users"}
[2026-05-17T05:53:40.694Z] [INFO] HTTP GET / | {"method":"GET","url":"/","statusCode":200,"duration":"3ms"}
[2026-05-17T05:53:40.695Z] [INFO] HTTP GET / | {"method":"GET","url":"/","statusCode":200,"duration":"2ms"}
[2026-05-17T05:53:52.287Z] [INFO] HTTP GET /api/projects | {"method":"GET","url":"/api/projects"}
[2026-05-17T05:53:52.292Z] [INFO] HTTP GET / | {"method":"GET","url":"/","statusCode":200,"duration":"5ms"}
[2026-05-17T05:53:52.294Z] [INFO] HTTP GET /api/projects | {"method":"GET","url":"/api/projects"}
[2026-05-17T05:53:52.298Z] [INFO] HTTP GET / | {"method":"GET","url":"/","statusCode":200,"duration":"3ms"}
[2026-05-17T05:53:52.298Z] [INFO] HTTP GET /api/projects/69f726d86dac1655e72089b2 | {"method":"GET","url":"/api/projects/69f726d86dac1655e72089b2"}
[2026-05-17T05:53:52.305Z] [INFO] HTTP GET /69f726d86dac1655e72089b2 | {"method":"GET","url":"/69f726d86dac1655e72089b2","statusCode":200,"duration":"7ms"}
[2026-05-17T05:53:52.306Z] [INFO] HTTP GET /api/projects/69f726d86dac1655e72089b2 | {"method":"GET","url":"/api/projects/69f726d86dac1655e72089b2"}
[2026-05-17T05:53:52.308Z] [INFO] HTTP GET /api/projects/dashboard/pipeline | {"method":"GET","url":"/api/projects/dashboard/pipeline"}
[2026-05-17T05:53:52.312Z] [INFO] HTTP GET /dashboard/pipeline | {"method":"GET","url":"/dashboard/pipeline","statusCode":200,"duration":"4ms"}
[2026-05-17T05:53:52.314Z] [INFO] HTTP GET /69f726d86dac1655e72089b2 | {"method":"GET","url":"/69f726d86dac1655e72089b2","statusCode":200,"duration":"8ms"}
[2026-05-17T05:53:52.316Z] [INFO] HTTP GET /api/projects/dashboard/pipeline | {"method":"GET","url":"/api/projects/dashboard/pipeline"}
[2026-05-17T05:53:52.318Z] [INFO] HTTP GET /dashboard/pipeline | {"method":"GET","url":"/dashboard/pipeline","statusCode":200,"duration":"3ms"}
[2026-05-17T05:53:55.990Z] [INFO] HTTP GET /health | {"method":"GET","url":"/health"}
[2026-05-17T05:53:55.990Z] [INFO] HTTP GET /health | {"method":"GET","url":"/health","statusCode":200}
[2026-05-17T05:54:01.558Z] [INFO] HTTP GET /health | {"method":"GET","url":"/health"}
[2026-05-17T05:54:01.559Z] [INFO] HTTP GET /health | {"method":"GET","url":"/health","statusCode":200}
[2026-05-17T05:54:01.692Z] [INFO] HTTP GET /health | {"method":"GET","url":"/health"}
[2026-05-17T05:54:01.692Z] [INFO] HTTP GET /health | {"method":"GET","url":"/health","statusCode":200}
[2026-05-17T05:54:02.301Z] [INFO] HTTP GET /api/projects | {"method":"GET","url":"/api/projects"}
[2026-05-17T05:54:02.306Z] [INFO] HTTP GET / | {"method":"GET","url":"/","statusCode":200,"duration":"5ms"}
[2026-05-17T05:54:02.310Z] [INFO] HTTP GET /api/projects | {"method":"GET","url":"/api/projects"}
[2026-05-17T05:54:02.314Z] [INFO] HTTP GET /api/projects/69f726d86dac1655e72089b2 | {"method":"GET","url":"/api/projects/69f726d86dac1655e72089b2"}
[2026-05-17T05:54:02.317Z] [INFO] HTTP GET / | {"method":"GET","url":"/","statusCode":200,"duration":"7ms"}
[2026-05-17T05:54:02.321Z] [INFO] HTTP GET /69f726d86dac1655e72089b2 | {"method":"GET","url":"/69f726d86dac1655e72089b2","statusCode":200,"duration":"7ms"}
[2026-05-17T05:54:02.323Z] [INFO] HTTP GET /api/projects/69f726d86dac1655e72089b2 | {"method":"GET","url":"/api/projects/69f726d86dac1655e72089b2"}
[2026-05-17T05:54:02.329Z] [INFO] HTTP GET /69f726d86dac1655e72089b2 | {"method":"GET","url":"/69f726d86dac1655e72089b2","statusCode":200,"duration":"6ms"}
[2026-05-17T05:54:05.862Z] [INFO] HTTP GET /api/releases | {"method":"GET","url":"/api/releases"}
[2026-05-17T05:54:05.866Z] [INFO] HTTP GET /api/settings | {"method":"GET","url":"/api/settings"}
[2026-05-17T05:54:05.869Z] [INFO] HTTP GET / | {"method":"GET","url":"/","statusCode":200,"duration":"7ms"}
[2026-05-17T05:54:05.870Z] [INFO] HTTP GET / | {"method":"GET","url":"/","statusCode":200,"duration":"4ms"}
[2026-05-17T05:54:05.870Z] [INFO] HTTP GET /api/projects/dashboard/pipeline | {"method":"GET","url":"/api/projects/dashboard/pipeline"}
[2026-05-17T05:54:05.873Z] [INFO] HTTP GET /api/releases | {"method":"GET","url":"/api/releases"}
[2026-05-17T05:54:05.875Z] [INFO] HTTP GET /api/settings | {"method":"GET","url":"/api/settings"}
[2026-05-17T05:54:05.876Z] [INFO] HTTP GET /api/projects | {"method":"GET","url":"/api/projects"}
[2026-05-17T05:54:05.878Z] [INFO] HTTP GET /dashboard/pipeline | {"method":"GET","url":"/dashboard/pipeline","statusCode":200,"duration":"8ms"}
[2026-05-17T05:54:05.878Z] [INFO] HTTP GET / | {"method":"GET","url":"/","statusCode":200,"duration":"5ms"}
[2026-05-17T05:54:05.879Z] [INFO] HTTP GET / | {"method":"GET","url":"/","statusCode":200,"duration":"4ms"}
[2026-05-17T05:54:05.881Z] [INFO] HTTP GET / | {"method":"GET","url":"/","statusCode":200,"duration":"4ms"}
[2026-05-17T05:54:05.881Z] [INFO] HTTP GET /api/projects/dashboard/pipeline | {"method":"GET","url":"/api/projects/dashboard/pipeline"}
[2026-05-17T05:54:05.884Z] [INFO] HTTP GET /api/projects | {"method":"GET","url":"/api/projects"}
[2026-05-17T05:54:05.886Z] [INFO] HTTP GET /dashboard/pipeline | {"method":"GET","url":"/dashboard/pipeline","statusCode":200,"duration":"4ms"}
[2026-05-17T05:54:05.886Z] [INFO] HTTP GET / | {"method":"GET","url":"/","statusCode":200,"duration":"2ms"}
[2026-05-17T05:54:26.030Z] [INFO] HTTP GET /health | {"method":"GET","url":"/health"}
[2026-05-17T05:54:26.030Z] [INFO] HTTP GET /health | {"method":"GET","url":"/health","statusCode":200}
[2026-05-17T05:54:31.616Z] [INFO] HTTP GET /health | {"method":"GET","url":"/health"}
[2026-05-17T05:54:31.617Z] [INFO] HTTP GET /health | {"method":"GET","url":"/health","statusCode":200,"duration":"1ms"}
[2026-05-17T05:54:31.737Z] [INFO] HTTP GET /health | {"method":"GET","url":"/health"}
[2026-05-17T05:54:31.738Z] [INFO] HTTP GET /health | {"method":"GET","url":"/health","statusCode":200}
[2026-05-17T05:54:56.080Z] [INFO] HTTP GET /health | {"method":"GET","url":"/health"}
[2026-05-17T05:54:56.081Z] [INFO] HTTP GET /health | {"method":"GET","url":"/health","statusCode":200}
[2026-05-17T05:55:01.666Z] [INFO] HTTP GET /health | {"method":"GET","url":"/health"}
[2026-05-17T05:55:01.666Z] [INFO] HTTP GET /health | {"method":"GET","url":"/health","statusCode":200}
[2026-05-17T05:55:01.787Z] [INFO] HTTP GET /health | {"method":"GET","url":"/health"}
[2026-05-17T05:55:01.787Z] [INFO] HTTP GET /health | {"method":"GET","url":"/health","statusCode":200}
[2026-05-17T05:55:26.127Z] [INFO] HTTP GET /health | {"method":"GET","url":"/health"}
[2026-05-17T05:55:26.127Z] [INFO] HTTP GET /health | {"method":"GET","url":"/health","statusCode":200}
[2026-05-17T05:55:31.720Z] [INFO] HTTP GET /health | {"method":"GET","url":"/health"}
[2026-05-17T05:55:31.720Z] [INFO] HTTP GET /health | {"method":"GET","url":"/health","statusCode":200}
[2026-05-17T05:55:31.837Z] [INFO] HTTP GET /health | {"method":"GET","url":"/health"}
[2026-05-17T05:55:31.837Z] [INFO] HTTP GET /health | {"method":"GET","url":"/health","statusCode":200}
[2026-05-17T05:55:56.189Z] [INFO] HTTP GET /health | {"method":"GET","url":"/health"}
[2026-05-17T05:55:56.189Z] [INFO] HTTP GET /health | {"method":"GET","url":"/health","statusCode":200}
[2026-05-17T05:56:01.774Z] [INFO] HTTP GET /health | {"method":"GET","url":"/health"}
[2026-05-17T05:56:01.774Z] [INFO] HTTP GET /health | {"method":"GET","url":"/health","statusCode":200}
[2026-05-17T05:56:01.879Z] [INFO] HTTP GET /health | {"method":"GET","url":"/health"}
[2026-05-17T05:56:01.879Z] [INFO] HTTP GET /health | {"method":"GET","url":"/health","statusCode":200}
[2026-05-17T05:56:26.241Z] [INFO] HTTP GET /health | {"method":"GET","url":"/health"}
[2026-05-17T05:56:26.241Z] [INFO] HTTP GET /health | {"method":"GET","url":"/health","statusCode":200}
[2026-05-17T05:56:31.832Z] [INFO] HTTP GET /health | {"method":"GET","url":"/health"}
[2026-05-17T05:56:31.832Z] [INFO] HTTP GET /health | {"method":"GET","url":"/health","statusCode":200,"duration":"1ms"}
[2026-05-17T05:56:31.924Z] [INFO] HTTP GET /health | {"method":"GET","url":"/health"}
[2026-05-17T05:56:31.925Z] [INFO] HTTP GET /health | {"method":"GET","url":"/health","statusCode":200}
[2026-05-17T05:56:56.294Z] [INFO] HTTP GET /health | {"method":"GET","url":"/health"}
[2026-05-17T05:56:56.294Z] [INFO] HTTP GET /health | {"method":"GET","url":"/health","statusCode":200}
[2026-05-17T05:57:01.897Z] [INFO] HTTP GET /health | {"method":"GET","url":"/health"}
[2026-05-17T05:57:01.897Z] [INFO] HTTP GET /health | {"method":"GET","url":"/health","statusCode":200}
[2026-05-17T05:57:01.967Z] [INFO] HTTP GET /health | {"method":"GET","url":"/health"}
[2026-05-17T05:57:01.968Z] [INFO] HTTP GET /health | {"method":"GET","url":"/health","statusCode":200}
[2026-05-17T05:57:26.332Z] [INFO] HTTP GET /health | {"method":"GET","url":"/health"}
[2026-05-17T05:57:26.332Z] [INFO] HTTP GET /health | {"method":"GET","url":"/health","statusCode":200}
[2026-05-17T05:57:31.935Z] [INFO] HTTP GET /health | {"method":"GET","url":"/health"}
[2026-05-17T05:57:31.935Z] [INFO] HTTP GET /health | {"method":"GET","url":"/health","statusCode":200}
[2026-05-17T05:57:31.996Z] [INFO] HTTP GET /health | {"method":"GET","url":"/health"}
[2026-05-17T05:57:31.996Z] [INFO] HTTP GET /health | {"method":"GET","url":"/health","statusCode":200}
[2026-05-17T05:57:49.737Z] [INFO] HTTP GET /api/projects | {"method":"GET","url":"/api/projects"}
[2026-05-17T05:57:49.740Z] [INFO] HTTP GET /api/releases | {"method":"GET","url":"/api/releases"}
[2026-05-17T05:57:49.742Z] [INFO] HTTP GET / | {"method":"GET","url":"/","statusCode":200,"duration":"5ms"}
[2026-05-17T05:57:49.743Z] [INFO] HTTP GET /api/settings | {"method":"GET","url":"/api/settings"}
[2026-05-17T05:57:49.745Z] [INFO] HTTP GET / | {"method":"GET","url":"/","statusCode":200,"duration":"5ms"}
[2026-05-17T05:57:49.745Z] [INFO] HTTP GET /api/projects | {"method":"GET","url":"/api/projects"}
[2026-05-17T05:57:49.748Z] [INFO] HTTP GET /api/activities | {"method":"GET","url":"/api/activities"}
[2026-05-17T05:57:49.750Z] [INFO] HTTP GET / | {"method":"GET","url":"/","statusCode":200,"duration":"5ms"}
[2026-05-17T05:57:49.751Z] [INFO] HTTP GET / | {"method":"GET","url":"/","statusCode":200,"duration":"8ms"}
[2026-05-17T05:57:49.751Z] [INFO] HTTP GET /api/releases | {"method":"GET","url":"/api/releases"}
[2026-05-17T05:57:49.753Z] [INFO] HTTP GET / | {"method":"GET","url":"/","statusCode":200,"duration":"5ms"}
[2026-05-17T05:57:49.753Z] [INFO] HTTP GET /api/settings | {"method":"GET","url":"/api/settings"}
[2026-05-17T05:57:49.755Z] [INFO] HTTP GET / | {"method":"GET","url":"/","statusCode":200,"duration":"4ms"}
[2026-05-17T05:57:49.755Z] [INFO] HTTP GET /api/activities | {"method":"GET","url":"/api/activities"}
[2026-05-17T05:57:49.757Z] [INFO] HTTP GET / | {"method":"GET","url":"/","statusCode":200,"duration":"4ms"}
[2026-05-17T05:57:49.758Z] [INFO] HTTP GET / | {"method":"GET","url":"/","statusCode":200,"duration":"3ms"}
[2026-05-17T05:57:55.825Z] [INFO] HTTP GET /api/projects | {"method":"GET","url":"/api/projects"}
[2026-05-17T05:57:55.830Z] [INFO] HTTP GET / | {"method":"GET","url":"/","statusCode":200,"duration":"5ms"}
[2026-05-17T05:57:55.833Z] [INFO] HTTP GET /api/projects | {"method":"GET","url":"/api/projects"}
[2026-05-17T05:57:55.835Z] [INFO] HTTP GET / | {"method":"GET","url":"/","statusCode":200,"duration":"3ms"}
[2026-05-17T05:57:55.840Z] [INFO] HTTP GET /api/projects/69f726d86dac1655e72089b2/gantt | {"method":"GET","url":"/api/projects/69f726d86dac1655e72089b2/gantt"}
[2026-05-17T05:57:55.846Z] [INFO] HTTP GET /69f726d86dac1655e72089b2/gantt | {"method":"GET","url":"/69f726d86dac1655e72089b2/gantt","statusCode":200,"duration":"6ms"}
[2026-05-17T05:57:56.372Z] [INFO] HTTP GET /health | {"method":"GET","url":"/health"}
[2026-05-17T05:57:56.373Z] [INFO] HTTP GET /health | {"method":"GET","url":"/health","statusCode":200,"duration":"1ms"}
[2026-05-17T05:58:01.975Z] [INFO] HTTP GET /health | {"method":"GET","url":"/health"}
[2026-05-17T05:58:01.975Z] [INFO] HTTP GET /health | {"method":"GET","url":"/health","statusCode":200,"duration":"2ms"}
[2026-05-17T05:58:02.021Z] [INFO] HTTP GET /health | {"method":"GET","url":"/health"}
[2026-05-17T05:58:02.021Z] [INFO] HTTP GET /health | {"method":"GET","url":"/health","statusCode":200}
[2026-05-17T05:58:08.293Z] [INFO] HTTP GET /api/activities | {"method":"GET","url":"/api/activities"}
[2026-05-17T05:58:08.299Z] [INFO] HTTP GET / | {"method":"GET","url":"/","statusCode":200,"duration":"6ms"}
[2026-05-17T05:58:08.301Z] [INFO] HTTP GET /api/activities | {"method":"GET","url":"/api/activities"}
[2026-05-17T05:58:08.304Z] [INFO] HTTP GET / | {"method":"GET","url":"/","statusCode":200,"duration":"3ms"}
[2026-05-17T05:58:11.846Z] [INFO] HTTP GET /api/settings | {"method":"GET","url":"/api/settings"}
[2026-05-17T05:58:11.850Z] [INFO] HTTP GET /api/users | {"method":"GET","url":"/api/users"}
[2026-05-17T05:58:11.855Z] [INFO] HTTP GET / | {"method":"GET","url":"/","statusCode":200,"duration":"9ms"}
[2026-05-17T05:58:11.856Z] [INFO] HTTP GET / | {"method":"GET","url":"/","statusCode":200,"duration":"7ms"}
[2026-05-17T05:58:11.856Z] [INFO] HTTP GET /api/settings | {"method":"GET","url":"/api/settings"}
[2026-05-17T05:58:11.858Z] [INFO] HTTP GET /api/users | {"method":"GET","url":"/api/users"}
[2026-05-17T05:58:11.860Z] [INFO] HTTP GET / | {"method":"GET","url":"/","statusCode":200,"duration":"4ms"}
[2026-05-17T05:58:11.861Z] [INFO] HTTP GET / | {"method":"GET","url":"/","statusCode":200,"duration":"3ms"}
[2026-05-17T05:58:18.524Z] [INFO] HTTP GET /api/projects | {"method":"GET","url":"/api/projects"}
[2026-05-17T05:58:18.529Z] [INFO] HTTP GET / | {"method":"GET","url":"/","statusCode":200,"duration":"5ms"}
[2026-05-17T05:58:18.531Z] [INFO] HTTP GET /api/projects | {"method":"GET","url":"/api/projects"}
[2026-05-17T05:58:18.535Z] [INFO] HTTP GET /api/projects/69f726d86dac1655e72089b2 | {"method":"GET","url":"/api/projects/69f726d86dac1655e72089b2"}
[2026-05-17T05:58:18.537Z] [INFO] HTTP GET / | {"method":"GET","url":"/","statusCode":200,"duration":"6ms"}
[2026-05-17T05:58:18.540Z] [INFO] HTTP GET /69f726d86dac1655e72089b2 | {"method":"GET","url":"/69f726d86dac1655e72089b2","statusCode":200,"duration":"5ms"}
[2026-05-17T05:58:18.541Z] [INFO] HTTP GET /api/projects/69f726d86dac1655e72089b2 | {"method":"GET","url":"/api/projects/69f726d86dac1655e72089b2"}
[2026-05-17T05:58:18.543Z] [INFO] HTTP GET /api/projects/dashboard/pipeline | {"method":"GET","url":"/api/projects/dashboard/pipeline"}
[2026-05-17T05:58:18.546Z] [INFO] HTTP GET /dashboard/pipeline | {"method":"GET","url":"/dashboard/pipeline","statusCode":200,"duration":"3ms"}
[2026-05-17T05:58:18.548Z] [INFO] HTTP GET /69f726d86dac1655e72089b2 | {"method":"GET","url":"/69f726d86dac1655e72089b2","statusCode":200,"duration":"7ms"}
[2026-05-17T05:58:18.555Z] [INFO] HTTP GET /api/projects/dashboard/pipeline | {"method":"GET","url":"/api/projects/dashboard/pipeline"}
[2026-05-17T05:58:18.557Z] [INFO] HTTP GET /dashboard/pipeline | {"method":"GET","url":"/dashboard/pipeline","statusCode":200,"duration":"3ms"}
[2026-05-17T05:58:26.423Z] [INFO] HTTP GET /health | {"method":"GET","url":"/health"}
[2026-05-17T05:58:26.423Z] [INFO] HTTP GET /health | {"method":"GET","url":"/health","statusCode":200}
[2026-05-17T05:58:32.027Z] [INFO] HTTP GET /health | {"method":"GET","url":"/health"}
[2026-05-17T05:58:32.027Z] [INFO] HTTP GET /health | {"method":"GET","url":"/health","statusCode":200}
[2026-05-17T05:58:32.064Z] [INFO] HTTP GET /health | {"method":"GET","url":"/health"}
[2026-05-17T05:58:32.064Z] [INFO] HTTP GET /health | {"method":"GET","url":"/health","statusCode":200}
[2026-05-17T05:58:56.478Z] [INFO] HTTP GET /health | {"method":"GET","url":"/health"}
[2026-05-17T05:58:56.478Z] [INFO] HTTP GET /health | {"method":"GET","url":"/health","statusCode":200,"duration":"1ms"}
[2026-05-17T05:59:02.074Z] [INFO] HTTP GET /health | {"method":"GET","url":"/health"}
[2026-05-17T05:59:02.075Z] [INFO] HTTP GET /health | {"method":"GET","url":"/health","statusCode":200,"duration":"1ms"}
[2026-05-17T05:59:02.085Z] [INFO] HTTP GET /health | {"method":"GET","url":"/health"}
[2026-05-17T05:59:02.085Z] [INFO] HTTP GET /health | {"method":"GET","url":"/health","statusCode":200}
[2026-05-17T05:59:26.536Z] [INFO] HTTP GET /health | {"method":"GET","url":"/health"}
[2026-05-17T05:59:26.537Z] [INFO] HTTP GET /health | {"method":"GET","url":"/health","statusCode":200}
[2026-05-17T05:59:32.118Z] [INFO] HTTP GET /health | {"method":"GET","url":"/health"}
[2026-05-17T05:59:32.118Z] [INFO] HTTP GET /health | {"method":"GET","url":"/health"}
[2026-05-17T05:59:32.118Z] [INFO] HTTP GET /health | {"method":"GET","url":"/health","statusCode":200}
[2026-05-17T05:59:32.118Z] [INFO] HTTP GET /health | {"method":"GET","url":"/health","statusCode":200}
[2026-05-17T05:59:56.588Z] [INFO] HTTP GET /health | {"method":"GET","url":"/health"}
[2026-05-17T05:59:56.588Z] [INFO] HTTP GET /health | {"method":"GET","url":"/health","statusCode":200,"duration":"1ms"}
[2026-05-17T06:00:02.177Z] [INFO] HTTP GET /health | {"method":"GET","url":"/health"}
[2026-05-17T06:00:02.177Z] [INFO] HTTP GET /health | {"method":"GET","url":"/health"}
[2026-05-17T06:00:02.177Z] [INFO] HTTP GET /health | {"method":"GET","url":"/health","statusCode":200,"duration":"1ms"}
[2026-05-17T06:00:02.177Z] [INFO] HTTP GET /health | {"method":"GET","url":"/health","statusCode":200}
[2026-05-17T06:00:26.639Z] [INFO] HTTP GET /health | {"method":"GET","url":"/health"}
[2026-05-17T06:00:26.640Z] [INFO] HTTP GET /health | {"method":"GET","url":"/health","statusCode":200,"duration":"1ms"}
[2026-05-17T06:00:32.223Z] [INFO] HTTP GET /health | {"method":"GET","url":"/health"}
[2026-05-17T06:00:32.223Z] [INFO] HTTP GET /health | {"method":"GET","url":"/health"}
[2026-05-17T06:00:32.223Z] [INFO] HTTP GET /health | {"method":"GET","url":"/health","statusCode":200}
[2026-05-17T06:00:32.224Z] [INFO] HTTP GET /health | {"method":"GET","url":"/health","statusCode":200,"duration":"1ms"}
[2026-05-17T06:00:56.699Z] [INFO] HTTP GET /health | {"method":"GET","url":"/health"}
[2026-05-17T06:00:56.699Z] [INFO] HTTP GET /health | {"method":"GET","url":"/health","statusCode":200,"duration":"1ms"}
[2026-05-17T06:01:02.281Z] [INFO] HTTP GET /health | {"method":"GET","url":"/health"}
[2026-05-17T06:01:02.281Z] [INFO] HTTP GET /health | {"method":"GET","url":"/health"}
[2026-05-17T06:01:02.281Z] [INFO] HTTP GET /health | {"method":"GET","url":"/health","statusCode":200}
[2026-05-17T06:01:02.281Z] [INFO] HTTP GET /health | {"method":"GET","url":"/health","statusCode":200}
[2026-05-17T06:01:26.754Z] [INFO] HTTP GET /health | {"method":"GET","url":"/health"}
[2026-05-17T06:01:26.755Z] [INFO] HTTP GET /health | {"method":"GET","url":"/health","statusCode":200,"duration":"1ms"}
[2026-05-17T06:01:32.345Z] [INFO] HTTP GET /health | {"method":"GET","url":"/health"}
[2026-05-17T06:01:32.345Z] [INFO] HTTP GET /health | {"method":"GET","url":"/health"}
[2026-05-17T06:01:32.345Z] [INFO] HTTP GET /health | {"method":"GET","url":"/health","statusCode":200,"duration":"1ms"}
[2026-05-17T06:01:32.345Z] [INFO] HTTP GET /health | {"method":"GET","url":"/health","statusCode":200,"duration":"1ms"}
[2026-05-17T06:01:56.814Z] [INFO] HTTP GET /health | {"method":"GET","url":"/health"}
[2026-05-17T06:01:56.814Z] [INFO] HTTP GET /health | {"method":"GET","url":"/health","statusCode":200}
[2026-05-17T06:02:02.388Z] [INFO] HTTP GET /health | {"method":"GET","url":"/health"}
[2026-05-17T06:02:02.388Z] [INFO] HTTP GET /health | {"method":"GET","url":"/health"}
[2026-05-17T06:02:02.389Z] [INFO] HTTP GET /health | {"method":"GET","url":"/health","statusCode":200,"duration":"1ms"}
[2026-05-17T06:02:02.389Z] [INFO] HTTP GET /health | {"method":"GET","url":"/health","statusCode":200,"duration":"1ms"}
[2026-05-17T06:02:26.853Z] [INFO] HTTP GET /health | {"method":"GET","url":"/health"}
[2026-05-17T06:02:26.854Z] [INFO] HTTP GET /health | {"method":"GET","url":"/health","statusCode":200,"duration":"1ms"}
[2026-05-17T06:02:32.437Z] [INFO] HTTP GET /health | {"method":"GET","url":"/health"}
[2026-05-17T06:02:32.438Z] [INFO] HTTP GET /health | {"method":"GET","url":"/health"}
[2026-05-17T06:02:32.438Z] [INFO] HTTP GET /health | {"method":"GET","url":"/health","statusCode":200,"duration":"1ms"}
[2026-05-17T06:02:32.438Z] [INFO] HTTP GET /health | {"method":"GET","url":"/health","statusCode":200}
[2026-05-17T06:02:56.908Z] [INFO] HTTP GET /health | {"method":"GET","url":"/health"}
[2026-05-17T06:02:56.908Z] [INFO] HTTP GET /health | {"method":"GET","url":"/health","statusCode":200}
[2026-05-17T06:03:02.493Z] [INFO] HTTP GET /health | {"method":"GET","url":"/health"}
[2026-05-17T06:03:02.493Z] [INFO] HTTP GET /health | {"method":"GET","url":"/health"}
[2026-05-17T06:03:02.493Z] [INFO] HTTP GET /health | {"method":"GET","url":"/health","statusCode":200,"duration":"1ms"}
[2026-05-17T06:03:02.493Z] [INFO] HTTP GET /health | {"method":"GET","url":"/health","statusCode":200}
[2026-05-17T06:03:26.965Z] [INFO] HTTP GET /health | {"method":"GET","url":"/health"}
[2026-05-17T06:03:26.966Z] [INFO] HTTP GET /health | {"method":"GET","url":"/health","statusCode":200,"duration":"1ms"}
[2026-05-17T06:03:32.542Z] [INFO] HTTP GET /health | {"method":"GET","url":"/health"}
[2026-05-17T06:03:32.542Z] [INFO] HTTP GET /health | {"method":"GET","url":"/health"}
[2026-05-17T06:03:32.542Z] [INFO] HTTP GET /health | {"method":"GET","url":"/health","statusCode":200}
[2026-05-17T06:03:32.543Z] [INFO] HTTP GET /health | {"method":"GET","url":"/health","statusCode":200}
[2026-05-17T06:03:57.026Z] [INFO] HTTP GET /health | {"method":"GET","url":"/health"}
[2026-05-17T06:03:57.026Z] [INFO] HTTP GET /health | {"method":"GET","url":"/health","statusCode":200}
[2026-05-17T06:04:02.597Z] [INFO] HTTP GET /health | {"method":"GET","url":"/health"}
[2026-05-17T06:04:02.597Z] [INFO] HTTP GET /health | {"method":"GET","url":"/health"}
[2026-05-17T06:04:02.598Z] [INFO] HTTP GET /health | {"method":"GET","url":"/health","statusCode":200,"duration":"1ms"}
[2026-05-17T06:04:02.598Z] [INFO] HTTP GET /health | {"method":"GET","url":"/health","statusCode":200,"duration":"1ms"}
[2026-05-17T06:04:27.078Z] [INFO] HTTP GET /health | {"method":"GET","url":"/health"}
[2026-05-17T06:04:27.079Z] [INFO] HTTP GET /health | {"method":"GET","url":"/health","statusCode":200}
[2026-05-17T06:04:32.647Z] [INFO] HTTP GET /health | {"method":"GET","url":"/health"}
[2026-05-17T06:04:32.647Z] [INFO] HTTP GET /health | {"method":"GET","url":"/health"}
[2026-05-17T06:04:32.647Z] [INFO] HTTP GET /health | {"method":"GET","url":"/health","statusCode":200}
[2026-05-17T06:04:32.648Z] [INFO] HTTP GET /health | {"method":"GET","url":"/health","statusCode":200}
[2026-05-17T06:04:57.125Z] [INFO] HTTP GET /health | {"method":"GET","url":"/health"}
[2026-05-17T06:04:57.125Z] [INFO] HTTP GET /health | {"method":"GET","url":"/health","statusCode":200,"duration":"1ms"}
[2026-05-17T06:05:02.699Z] [INFO] HTTP GET /health | {"method":"GET","url":"/health"}
[2026-05-17T06:05:02.700Z] [INFO] HTTP GET /health | {"method":"GET","url":"/health"}
[2026-05-17T06:05:02.699Z] [INFO] HTTP GET /health | {"method":"GET","url":"/health","statusCode":200,"duration":"1ms"}
[2026-05-17T06:05:02.704Z] [INFO] HTTP GET /health | {"method":"GET","url":"/health","statusCode":200,"duration":"1ms"}
[2026-05-17T06:05:22.240Z] [INFO] 🛑 SPD Milestones API shutting down | {"reason":"SIGTERM received"}
[2026-05-17T06:05:22.396Z] [INFO] 🛑 SPD Milestones API shutting down | {"reason":"SIGTERM received"}
[2026-05-17T06:05:23.880Z] [INFO] Starting SPD Milestones REST Microservice | {"port":4000,"environment":"production","mongoUri":"mongodb://mongo:27017/spd","monitoringInterval":"60 minutes","graphqlPath":"/graphql","mode":"REST Microservice"}
[2026-05-17T06:05:23.895Z] [INFO] MongoDB connected successfully | {"uri":"mongodb://mongo:27017/spd"}
[2026-05-17T06:05:23.897Z] [INFO] 🚀 SPD REST Microservice started | {"port":4000,"environment":"production","apiUrl":"http://localhost:4000","mode":"REST Only"}
[2026-05-17T06:05:23.897Z] [INFO] Starting project monitoring | {"intervalMinutes":60}
[2026-05-17T06:05:23.897Z] [INFO] Project monitoring scheduler started | {"checkInterval":"60 minutes"}
[2026-05-17T06:05:23.912Z] [WARN] Critical project detected | {"projectId":"69f726d86dac1655e72089b2","projectName":"DC3 Migration","status":"critical","issues":["2 milestones are overdue"],"overdueMilestones":2,"totalMilestones":10,"completionRate":20}
[2026-05-17T06:05:23.912Z] [INFO] Monitoring report generated | {"totalProjects":1,"critical":1,"warning":0,"healthy":0}
[2026-05-17T06:05:23.912Z] [ERROR] Critical projects detected! | {"count":1,"projects":[{"name":"DC3 Migration","issues":["2 milestones are overdue"]}]}
[2026-05-17T06:05:28.683Z] [INFO] HTTP GET /health | {"method":"GET","url":"/health"}
[2026-05-17T06:05:28.684Z] [INFO] HTTP GET /health | {"method":"GET","url":"/health","statusCode":200,"duration":"1ms"}
[2026-05-17T06:05:29.505Z] [INFO] Starting SPD Milestones GraphQL API Gateway | {"port":4001,"environment":"production","mongoUri":"mongodb://mongo:27017/spd","monitoringInterval":"60 minutes","graphqlPath":"/graphql","mode":"GraphQL API Gateway"}
[2026-05-17T06:05:29.519Z] [INFO] MongoDB connected successfully | {"uri":"mongodb://mongo:27017/spd"}
[2026-05-17T06:05:29.552Z] [INFO] 🚀 SPD GraphQL API Gateway started | {"port":4001,"environment":"production","graphqlUrl":"http://localhost:4001/graphql","mode":"GraphQL Only"}
[2026-05-17T06:05:34.287Z] [INFO] HTTP GET /health | {"method":"GET","url":"/health"}
[2026-05-17T06:05:34.287Z] [INFO] HTTP GET /health | {"method":"GET","url":"/health","statusCode":200,"duration":"1ms"}
[2026-05-17T06:05:34.419Z] [INFO] HTTP GET /health | {"method":"GET","url":"/health"}
[2026-05-17T06:05:34.419Z] [INFO] HTTP GET /health | {"method":"GET","url":"/health","statusCode":200}
[2026-05-17T06:05:58.745Z] [INFO] HTTP GET /health | {"method":"GET","url":"/health"}
[2026-05-17T06:05:58.745Z] [INFO] HTTP GET /health | {"method":"GET","url":"/health","statusCode":200}
[2026-05-17T06:06:04.336Z] [INFO] HTTP GET /health | {"method":"GET","url":"/health"}
[2026-05-17T06:06:04.337Z] [INFO] HTTP GET /health | {"method":"GET","url":"/health","statusCode":200,"duration":"1ms"}
[2026-05-17T06:06:04.467Z] [INFO] HTTP GET /health | {"method":"GET","url":"/health"}
[2026-05-17T06:06:04.467Z] [INFO] HTTP GET /health | {"method":"GET","url":"/health","statusCode":200}
[2026-05-17T06:06:28.814Z] [INFO] HTTP GET /health | {"method":"GET","url":"/health"}
[2026-05-17T06:06:28.814Z] [INFO] HTTP GET /health | {"method":"GET","url":"/health","statusCode":200}
[2026-05-17T06:06:34.389Z] [INFO] HTTP GET /health | {"method":"GET","url":"/health"}
[2026-05-17T06:06:34.390Z] [INFO] HTTP GET /health | {"method":"GET","url":"/health","statusCode":200,"duration":"1ms"}
[2026-05-17T06:06:34.511Z] [INFO] HTTP GET /health | {"method":"GET","url":"/health"}
[2026-05-17T06:06:34.511Z] [INFO] HTTP GET /health | {"method":"GET","url":"/health","statusCode":200}
[2026-05-17T06:06:58.861Z] [INFO] HTTP GET /health | {"method":"GET","url":"/health"}
[2026-05-17T06:06:58.862Z] [INFO] HTTP GET /health | {"method":"GET","url":"/health","statusCode":200}
[2026-05-17T06:07:04.442Z] [INFO] HTTP GET /health | {"method":"GET","url":"/health"}
[2026-05-17T06:07:04.442Z] [INFO] HTTP GET /health | {"method":"GET","url":"/health","statusCode":200,"duration":"1ms"}
[2026-05-17T06:07:04.553Z] [INFO] HTTP GET /health | {"method":"GET","url":"/health"}
[2026-05-17T06:07:04.553Z] [INFO] HTTP GET /health | {"method":"GET","url":"/health","statusCode":200}
[2026-05-17T06:07:28.914Z] [INFO] HTTP GET /health | {"method":"GET","url":"/health"}
[2026-05-17T06:07:28.914Z] [INFO] HTTP GET /health | {"method":"GET","url":"/health","statusCode":200,"duration":"1ms"}
[2026-05-17T06:07:34.475Z] [INFO] HTTP GET /health | {"method":"GET","url":"/health"}
[2026-05-17T06:07:34.476Z] [INFO] HTTP GET /health | {"method":"GET","url":"/health","statusCode":200}
[2026-05-17T06:07:34.591Z] [INFO] HTTP GET /health | {"method":"GET","url":"/health"}
[2026-05-17T06:07:34.591Z] [INFO] HTTP GET /health | {"method":"GET","url":"/health","statusCode":200}
[2026-05-17T06:07:58.969Z] [INFO] HTTP GET /health | {"method":"GET","url":"/health"}
[2026-05-17T06:07:58.969Z] [INFO] HTTP GET /health | {"method":"GET","url":"/health","statusCode":200}
[2026-05-17T06:08:04.526Z] [INFO] HTTP GET /health | {"method":"GET","url":"/health"}
[2026-05-17T06:08:04.526Z] [INFO] HTTP GET /health | {"method":"GET","url":"/health","statusCode":200,"duration":"1ms"}
[2026-05-17T06:08:04.650Z] [INFO] HTTP GET /health | {"method":"GET","url":"/health"}
[2026-05-17T06:08:04.650Z] [INFO] HTTP GET /health | {"method":"GET","url":"/health","statusCode":200}
[2026-05-17T06:08:29.021Z] [INFO] HTTP GET /health | {"method":"GET","url":"/health"}
[2026-05-17T06:08:29.021Z] [INFO] HTTP GET /health | {"method":"GET","url":"/health","statusCode":200}
[2026-05-17T06:08:34.578Z] [INFO] HTTP GET /health | {"method":"GET","url":"/health"}
[2026-05-17T06:08:34.578Z] [INFO] HTTP GET /health | {"method":"GET","url":"/health","statusCode":200,"duration":"1ms"}
[2026-05-17T06:08:34.698Z] [INFO] HTTP GET /health | {"method":"GET","url":"/health"}
[2026-05-17T06:08:34.698Z] [INFO] HTTP GET /health | {"method":"GET","url":"/health","statusCode":200}
[2026-05-17T06:08:59.072Z] [INFO] HTTP GET /health | {"method":"GET","url":"/health"}
[2026-05-17T06:08:59.072Z] [INFO] HTTP GET /health | {"method":"GET","url":"/health","statusCode":200}
[2026-05-17T06:09:04.630Z] [INFO] HTTP GET /health | {"method":"GET","url":"/health"}
[2026-05-17T06:09:04.631Z] [INFO] HTTP GET /health | {"method":"GET","url":"/health","statusCode":200,"duration":"1ms"}
[2026-05-17T06:09:04.746Z] [INFO] HTTP GET /health | {"method":"GET","url":"/health"}
[2026-05-17T06:09:04.746Z] [INFO] HTTP GET /health | {"method":"GET","url":"/health","statusCode":200}
[2026-05-17T06:09:29.125Z] [INFO] HTTP GET /health | {"method":"GET","url":"/health"}
[2026-05-17T06:09:29.125Z] [INFO] HTTP GET /health | {"method":"GET","url":"/health","statusCode":200}
[2026-05-17T06:09:34.682Z] [INFO] HTTP GET /health | {"method":"GET","url":"/health"}
[2026-05-17T06:09:34.682Z] [INFO] HTTP GET /health | {"method":"GET","url":"/health","statusCode":200}
[2026-05-17T06:09:34.784Z] [INFO] HTTP GET /health | {"method":"GET","url":"/health"}
[2026-05-17T06:09:34.784Z] [INFO] HTTP GET /health | {"method":"GET","url":"/health","statusCode":200}
[2026-05-17T06:09:59.176Z] [INFO] HTTP GET /health | {"method":"GET","url":"/health"}
[2026-05-17T06:09:59.177Z] [INFO] HTTP GET /health | {"method":"GET","url":"/health","statusCode":200}
[2026-05-17T06:10:04.734Z] [INFO] HTTP GET /health | {"method":"GET","url":"/health"}
[2026-05-17T06:10:04.734Z] [INFO] HTTP GET /health | {"method":"GET","url":"/health","statusCode":200}
[2026-05-17T06:10:04.823Z] [INFO] HTTP GET /health | {"method":"GET","url":"/health"}
[2026-05-17T06:10:04.824Z] [INFO] HTTP GET /health | {"method":"GET","url":"/health","statusCode":200,"duration":"1ms"}
[2026-05-17T06:10:12.653Z] [INFO] HTTP GET /api/projects | {"method":"GET","url":"/api/projects"}
[2026-05-17T06:10:12.674Z] [INFO] HTTP GET / | {"method":"GET","url":"/","statusCode":200,"duration":"21ms"}
[2026-05-17T06:10:12.675Z] [INFO] HTTP GET /api/projects | {"method":"GET","url":"/api/projects"}
[2026-05-17T06:10:12.678Z] [INFO] HTTP GET / | {"method":"GET","url":"/","statusCode":200,"duration":"3ms"}
[2026-05-17T06:10:12.679Z] [INFO] HTTP GET /api/projects/69f726d86dac1655e72089b2 | {"method":"GET","url":"/api/projects/69f726d86dac1655e72089b2"}
[2026-05-17T06:10:12.682Z] [INFO] HTTP GET /api/projects | {"method":"GET","url":"/api/projects"}
[2026-05-17T06:10:12.685Z] [INFO] HTTP GET / | {"method":"GET","url":"/","statusCode":200,"duration":"3ms"}
[2026-05-17T06:10:12.688Z] [INFO] HTTP GET /69f726d86dac1655e72089b2 | {"method":"GET","url":"/69f726d86dac1655e72089b2","statusCode":200,"duration":"8ms"}
[2026-05-17T06:10:12.688Z] [INFO] HTTP GET /api/projects | {"method":"GET","url":"/api/projects"}
[2026-05-17T06:10:12.690Z] [INFO] HTTP GET /api/projects/69f726d86dac1655e72089b2 | {"method":"GET","url":"/api/projects/69f726d86dac1655e72089b2"}
[2026-05-17T06:10:12.692Z] [INFO] HTTP GET / | {"method":"GET","url":"/","statusCode":200,"duration":"3ms"}
[2026-05-17T06:10:12.692Z] [INFO] HTTP GET /api/projects/dashboard/pipeline | {"method":"GET","url":"/api/projects/dashboard/pipeline"}
[2026-05-17T06:10:12.697Z] [INFO] HTTP GET /dashboard/pipeline | {"method":"GET","url":"/dashboard/pipeline","statusCode":200,"duration":"5ms"}
[2026-05-17T06:10:12.699Z] [INFO] HTTP GET /69f726d86dac1655e72089b2 | {"method":"GET","url":"/69f726d86dac1655e72089b2","statusCode":200,"duration":"9ms"}
[2026-05-17T06:10:12.702Z] [INFO] HTTP GET /api/projects/dashboard/pipeline | {"method":"GET","url":"/api/projects/dashboard/pipeline"}
[2026-05-17T06:10:12.705Z] [INFO] HTTP GET /dashboard/pipeline | {"method":"GET","url":"/dashboard/pipeline","statusCode":200,"duration":"2ms"}
[2026-05-17T06:10:15.139Z] [INFO] HTTP GET /api/settings | {"method":"GET","url":"/api/settings"}
[2026-05-17T06:10:15.144Z] [INFO] HTTP GET /api/users | {"method":"GET","url":"/api/users"}
[2026-05-17T06:10:15.150Z] [INFO] HTTP GET / | {"method":"GET","url":"/","statusCode":200,"duration":"11ms"}
[2026-05-17T06:10:15.153Z] [INFO] HTTP GET / | {"method":"GET","url":"/","statusCode":200,"duration":"9ms"}
[2026-05-17T06:10:15.154Z] [INFO] HTTP GET /api/settings | {"method":"GET","url":"/api/settings"}
[2026-05-17T06:10:15.156Z] [INFO] HTTP GET /api/users | {"method":"GET","url":"/api/users"}
[2026-05-17T06:10:15.158Z] [INFO] HTTP GET / | {"method":"GET","url":"/","statusCode":200,"duration":"5ms"}
[2026-05-17T06:10:15.159Z] [INFO] HTTP GET / | {"method":"GET","url":"/","statusCode":200,"duration":"3ms"}
[2026-05-17T06:10:17.598Z] [INFO] HTTP PUT /api/settings | {"method":"PUT","url":"/api/settings"}
[2026-05-17T06:10:17.614Z] [INFO] HTTP PUT / | {"method":"PUT","url":"/","statusCode":200,"duration":"17ms"}
[2026-05-17T06:10:19.963Z] [INFO] HTTP GET /api/projects | {"method":"GET","url":"/api/projects"}
[2026-05-17T06:10:19.969Z] [INFO] HTTP GET / | {"method":"GET","url":"/","statusCode":200,"duration":"7ms"}
[2026-05-17T06:10:19.971Z] [INFO] HTTP GET /api/projects | {"method":"GET","url":"/api/projects"}
[2026-05-17T06:10:19.974Z] [INFO] HTTP GET /api/projects/69f726d86dac1655e72089b2 | {"method":"GET","url":"/api/projects/69f726d86dac1655e72089b2"}
[2026-05-17T06:10:19.978Z] [INFO] HTTP GET / | {"method":"GET","url":"/","statusCode":200,"duration":"7ms"}
[2026-05-17T06:10:19.983Z] [INFO] HTTP GET /69f726d86dac1655e72089b2 | {"method":"GET","url":"/69f726d86dac1655e72089b2","statusCode":200,"duration":"9ms"}
[2026-05-17T06:10:19.985Z] [INFO] HTTP GET /api/projects/69f726d86dac1655e72089b2 | {"method":"GET","url":"/api/projects/69f726d86dac1655e72089b2"}
[2026-05-17T06:10:19.991Z] [INFO] HTTP GET /69f726d86dac1655e72089b2 | {"method":"GET","url":"/69f726d86dac1655e72089b2","statusCode":200,"duration":"6ms"}
[2026-05-17T06:10:21.152Z] [INFO] HTTP GET /api/settings | {"method":"GET","url":"/api/settings"}
[2026-05-17T06:10:21.156Z] [INFO] HTTP GET /api/users | {"method":"GET","url":"/api/users"}
[2026-05-17T06:10:21.159Z] [INFO] HTTP GET / | {"method":"GET","url":"/","statusCode":200,"duration":"8ms"}
[2026-05-17T06:10:21.162Z] [INFO] HTTP GET / | {"method":"GET","url":"/","statusCode":200,"duration":"6ms"}
[2026-05-17T06:10:21.162Z] [INFO] HTTP GET /api/settings | {"method":"GET","url":"/api/settings"}
[2026-05-17T06:10:21.164Z] [INFO] HTTP GET /api/users | {"method":"GET","url":"/api/users"}
[2026-05-17T06:10:21.166Z] [INFO] HTTP GET / | {"method":"GET","url":"/","statusCode":200,"duration":"4ms"}
[2026-05-17T06:10:21.167Z] [INFO] HTTP GET / | {"method":"GET","url":"/","statusCode":200,"duration":"3ms"}
[2026-05-17T06:10:29.223Z] [INFO] HTTP GET /health | {"method":"GET","url":"/health"}
[2026-05-17T06:10:29.223Z] [INFO] HTTP GET /health | {"method":"GET","url":"/health","statusCode":200}
[2026-05-17T06:10:34.788Z] [INFO] HTTP GET /health | {"method":"GET","url":"/health"}
[2026-05-17T06:10:34.788Z] [INFO] HTTP GET /health | {"method":"GET","url":"/health","statusCode":200,"duration":"1ms"}
[2026-05-17T06:10:34.862Z] [INFO] HTTP GET /health | {"method":"GET","url":"/health"}
[2026-05-17T06:10:34.862Z] [INFO] HTTP GET /health | {"method":"GET","url":"/health","statusCode":200}
[2026-05-17T06:10:45.950Z] [INFO] HTTP GET /api/projects | {"method":"GET","url":"/api/projects"}
[2026-05-17T06:10:45.956Z] [INFO] HTTP GET / | {"method":"GET","url":"/","statusCode":200,"duration":"6ms"}
[2026-05-17T06:10:45.958Z] [INFO] HTTP GET /api/projects | {"method":"GET","url":"/api/projects"}
[2026-05-17T06:10:45.962Z] [INFO] HTTP GET / | {"method":"GET","url":"/","statusCode":200,"duration":"4ms"}
[2026-05-17T06:10:45.963Z] [INFO] HTTP GET /api/projects/69f726d86dac1655e72089b2 | {"method":"GET","url":"/api/projects/69f726d86dac1655e72089b2"}
[2026-05-17T06:10:45.968Z] [INFO] HTTP GET /69f726d86dac1655e72089b2 | {"method":"GET","url":"/69f726d86dac1655e72089b2","statusCode":200,"duration":"5ms"}
[2026-05-17T06:10:45.970Z] [INFO] HTTP GET /api/projects/69f726d86dac1655e72089b2 | {"method":"GET","url":"/api/projects/69f726d86dac1655e72089b2"}
[2026-05-17T06:10:45.971Z] [INFO] HTTP GET /api/projects/dashboard/pipeline | {"method":"GET","url":"/api/projects/dashboard/pipeline"}
[2026-05-17T06:10:45.977Z] [INFO] HTTP GET /69f726d86dac1655e72089b2 | {"method":"GET","url":"/69f726d86dac1655e72089b2","statusCode":200,"duration":"7ms"}
[2026-05-17T06:10:45.977Z] [INFO] HTTP GET /dashboard/pipeline | {"method":"GET","url":"/dashboard/pipeline","statusCode":200,"duration":"6ms"}
[2026-05-17T06:10:45.979Z] [INFO] HTTP GET /api/projects/dashboard/pipeline | {"method":"GET","url":"/api/projects/dashboard/pipeline"}
[2026-05-17T06:10:45.981Z] [INFO] HTTP GET /dashboard/pipeline | {"method":"GET","url":"/dashboard/pipeline","statusCode":200,"duration":"2ms"}
[2026-05-17T06:10:52.007Z] [INFO] HTTP GET /api/projects | {"method":"GET","url":"/api/projects"}
[2026-05-17T06:10:52.012Z] [INFO] HTTP GET / | {"method":"GET","url":"/","statusCode":200,"duration":"5ms"}
[2026-05-17T06:10:52.015Z] [INFO] HTTP GET /api/projects | {"method":"GET","url":"/api/projects"}
[2026-05-17T06:10:52.018Z] [INFO] HTTP GET /api/projects/69f726d86dac1655e72089b2 | {"method":"GET","url":"/api/projects/69f726d86dac1655e72089b2"}
[2026-05-17T06:10:52.022Z] [INFO] HTTP GET / | {"method":"GET","url":"/","statusCode":200,"duration":"7ms"}
[2026-05-17T06:10:52.027Z] [INFO] HTTP GET /69f726d86dac1655e72089b2 | {"method":"GET","url":"/69f726d86dac1655e72089b2","statusCode":200,"duration":"9ms"}
[2026-05-17T06:10:52.029Z] [INFO] HTTP GET /api/projects/69f726d86dac1655e72089b2 | {"method":"GET","url":"/api/projects/69f726d86dac1655e72089b2"}
[2026-05-17T06:10:52.034Z] [INFO] HTTP GET /69f726d86dac1655e72089b2 | {"method":"GET","url":"/69f726d86dac1655e72089b2","statusCode":200,"duration":"4ms"}
[2026-05-17T06:10:59.274Z] [INFO] HTTP GET /health | {"method":"GET","url":"/health"}
[2026-05-17T06:10:59.274Z] [INFO] HTTP GET /health | {"method":"GET","url":"/health","statusCode":200}
[2026-05-17T06:11:04.841Z] [INFO] HTTP GET /health | {"method":"GET","url":"/health"}
[2026-05-17T06:11:04.842Z] [INFO] HTTP GET /health | {"method":"GET","url":"/health","statusCode":200}
[2026-05-17T06:11:04.903Z] [INFO] HTTP GET /health | {"method":"GET","url":"/health"}
[2026-05-17T06:11:04.903Z] [INFO] HTTP GET /health | {"method":"GET","url":"/health","statusCode":200}
[2026-05-17T06:11:13.862Z] [INFO] HTTP GET /api/releases | {"method":"GET","url":"/api/releases"}
[2026-05-17T06:11:13.866Z] [INFO] HTTP GET /api/settings | {"method":"GET","url":"/api/settings"}
[2026-05-17T06:11:13.869Z] [INFO] HTTP GET / | {"method":"GET","url":"/","statusCode":200,"duration":"7ms"}
[2026-05-17T06:11:13.870Z] [INFO] HTTP GET /api/projects/dashboard/pipeline | {"method":"GET","url":"/api/projects/dashboard/pipeline"}
[2026-05-17T06:11:13.873Z] [INFO] HTTP GET / | {"method":"GET","url":"/","statusCode":200,"duration":"7ms"}
[2026-05-17T06:11:13.873Z] [INFO] HTTP GET /api/releases | {"method":"GET","url":"/api/releases"}
[2026-05-17T06:11:13.876Z] [INFO] HTTP GET /api/projects | {"method":"GET","url":"/api/projects"}
[2026-05-17T06:11:13.878Z] [INFO] HTTP GET / | {"method":"GET","url":"/","statusCode":200,"duration":"5ms"}
[2026-05-17T06:11:13.878Z] [INFO] HTTP GET /dashboard/pipeline | {"method":"GET","url":"/dashboard/pipeline","statusCode":200,"duration":"8ms"}
[2026-05-17T06:11:13.879Z] [INFO] HTTP GET /api/settings | {"method":"GET","url":"/api/settings"}
[2026-05-17T06:11:13.880Z] [INFO] HTTP GET / | {"method":"GET","url":"/","statusCode":200,"duration":"4ms"}
[2026-05-17T06:11:13.880Z] [INFO] HTTP GET /api/projects/dashboard/pipeline | {"method":"GET","url":"/api/projects/dashboard/pipeline"}
[2026-05-17T06:11:13.883Z] [INFO] HTTP GET / | {"method":"GET","url":"/","statusCode":200,"duration":"5ms"}
[2026-05-17T06:11:13.884Z] [INFO] HTTP GET /api/projects | {"method":"GET","url":"/api/projects"}
[2026-05-17T06:11:13.885Z] [INFO] HTTP GET /dashboard/pipeline | {"method":"GET","url":"/dashboard/pipeline","statusCode":200,"duration":"5ms"}
[2026-05-17T06:11:13.886Z] [INFO] HTTP GET / | {"method":"GET","url":"/","statusCode":200,"duration":"2ms"}
[2026-05-17T06:11:15.453Z] [INFO] HTTP GET /api/projects | {"method":"GET","url":"/api/projects"}
[2026-05-17T06:11:15.458Z] [INFO] HTTP GET /api/releases | {"method":"GET","url":"/api/releases"}
[2026-05-17T06:11:15.460Z] [INFO] HTTP GET /api/settings | {"method":"GET","url":"/api/settings"}
[2026-05-17T06:11:15.462Z] [INFO] HTTP GET /api/activities | {"method":"GET","url":"/api/activities"}
[2026-05-17T06:11:15.465Z] [INFO] HTTP GET / | {"method":"GET","url":"/","statusCode":200,"duration":"12ms"}
[2026-05-17T06:11:15.465Z] [INFO] HTTP GET / | {"method":"GET","url":"/","statusCode":200,"duration":"8ms"}
[2026-05-17T06:11:15.466Z] [INFO] HTTP GET / | {"method":"GET","url":"/","statusCode":200,"duration":"6ms"}
[2026-05-17T06:11:15.468Z] [INFO] HTTP GET / | {"method":"GET","url":"/","statusCode":200,"duration":"6ms"}
[2026-05-17T06:11:15.468Z] [INFO] HTTP GET /api/projects | {"method":"GET","url":"/api/projects"}
[2026-05-17T06:11:15.470Z] [INFO] HTTP GET /api/releases | {"method":"GET","url":"/api/releases"}
[2026-05-17T06:11:15.471Z] [INFO] HTTP GET /api/settings | {"method":"GET","url":"/api/settings"}
[2026-05-17T06:11:15.473Z] [INFO] HTTP GET /api/activities | {"method":"GET","url":"/api/activities"}
[2026-05-17T06:11:15.475Z] [INFO] HTTP GET / | {"method":"GET","url":"/","statusCode":200,"duration":"6ms"}
[2026-05-17T06:11:15.475Z] [INFO] HTTP GET / | {"method":"GET","url":"/","statusCode":200,"duration":"5ms"}
[2026-05-17T06:11:15.476Z] [INFO] HTTP GET / | {"method":"GET","url":"/","statusCode":200,"duration":"5ms"}
[2026-05-17T06:11:15.477Z] [INFO] HTTP GET / | {"method":"GET","url":"/","statusCode":200,"duration":"4ms"}
[2026-05-17T06:11:29.331Z] [INFO] HTTP GET /health | {"method":"GET","url":"/health"}
[2026-05-17T06:11:29.331Z] [INFO] HTTP GET /health | {"method":"GET","url":"/health","statusCode":200}
[2026-05-17T06:11:34.895Z] [INFO] HTTP GET /health | {"method":"GET","url":"/health"}
[2026-05-17T06:11:34.895Z] [INFO] HTTP GET /health | {"method":"GET","url":"/health","statusCode":200}
[2026-05-17T06:11:34.949Z] [INFO] HTTP GET /health | {"method":"GET","url":"/health"}
[2026-05-17T06:11:34.949Z] [INFO] HTTP GET /health | {"method":"GET","url":"/health","statusCode":200}
[2026-05-17T06:11:59.385Z] [INFO] HTTP GET /health | {"method":"GET","url":"/health"}
[2026-05-17T06:11:59.385Z] [INFO] HTTP GET /health | {"method":"GET","url":"/health","statusCode":200,"duration":"1ms"}
[2026-05-17T06:12:04.946Z] [INFO] HTTP GET /health | {"method":"GET","url":"/health"}
[2026-05-17T06:12:04.946Z] [INFO] HTTP GET /health | {"method":"GET","url":"/health","statusCode":200}
[2026-05-17T06:12:04.986Z] [INFO] HTTP GET /health | {"method":"GET","url":"/health"}
[2026-05-17T06:12:04.987Z] [INFO] HTTP GET /health | {"method":"GET","url":"/health","statusCode":200,"duration":"1ms"}
[2026-05-17T06:12:29.443Z] [INFO] HTTP GET /health | {"method":"GET","url":"/health"}
[2026-05-17T06:12:29.443Z] [INFO] HTTP GET /health | {"method":"GET","url":"/health","statusCode":200}
[2026-05-17T06:12:35.009Z] [INFO] HTTP GET /health | {"method":"GET","url":"/health"}
[2026-05-17T06:12:35.009Z] [INFO] HTTP GET /health | {"method":"GET","url":"/health","statusCode":200}
[2026-05-17T06:12:35.010Z] [INFO] HTTP GET /health | {"method":"GET","url":"/health"}
[2026-05-17T06:12:35.010Z] [INFO] HTTP GET /health | {"method":"GET","url":"/health","statusCode":200}
[2026-05-17T06:12:59.504Z] [INFO] HTTP GET /health | {"method":"GET","url":"/health"}
[2026-05-17T06:12:59.504Z] [INFO] HTTP GET /health | {"method":"GET","url":"/health","statusCode":200}
[2026-05-17T06:13:05.070Z] [INFO] HTTP GET /health | {"method":"GET","url":"/health"}
[2026-05-17T06:13:05.070Z] [INFO] HTTP GET /health | {"method":"GET","url":"/health"}
[2026-05-17T06:13:05.071Z] [INFO] HTTP GET /health | {"method":"GET","url":"/health","statusCode":200}
[2026-05-17T06:13:05.071Z] [INFO] HTTP GET /health | {"method":"GET","url":"/health","statusCode":200,"duration":"1ms"}
[2026-05-17T06:13:29.573Z] [INFO] HTTP GET /health | {"method":"GET","url":"/health"}
[2026-05-17T06:13:29.573Z] [INFO] HTTP GET /health | {"method":"GET","url":"/health","statusCode":200}
[2026-05-17T06:13:35.121Z] [INFO] HTTP GET /health | {"method":"GET","url":"/health"}
[2026-05-17T06:13:35.121Z] [INFO] HTTP GET /health | {"method":"GET","url":"/health"}
[2026-05-17T06:13:35.121Z] [INFO] HTTP GET /health | {"method":"GET","url":"/health","statusCode":200,"duration":"1ms"}
[2026-05-17T06:13:35.122Z] [INFO] HTTP GET /health | {"method":"GET","url":"/health","statusCode":200}
[2026-05-17T06:13:59.615Z] [INFO] HTTP GET /health | {"method":"GET","url":"/health"}
[2026-05-17T06:13:59.615Z] [INFO] HTTP GET /health | {"method":"GET","url":"/health","statusCode":200}
[2026-05-17T06:14:05.176Z] [INFO] HTTP GET /health | {"method":"GET","url":"/health"}
[2026-05-17T06:14:05.176Z] [INFO] HTTP GET /health | {"method":"GET","url":"/health"}
[2026-05-17T06:14:05.176Z] [INFO] HTTP GET /health | {"method":"GET","url":"/health","statusCode":200}
[2026-05-17T06:14:05.176Z] [INFO] HTTP GET /health | {"method":"GET","url":"/health","statusCode":200}
[2026-05-17T06:14:29.664Z] [INFO] HTTP GET /health | {"method":"GET","url":"/health"}
[2026-05-17T06:14:29.664Z] [INFO] HTTP GET /health | {"method":"GET","url":"/health","statusCode":200}
[2026-05-17T06:14:35.221Z] [INFO] HTTP GET /health | {"method":"GET","url":"/health"}
[2026-05-17T06:14:35.222Z] [INFO] HTTP GET /health | {"method":"GET","url":"/health","statusCode":200,"duration":"1ms"}
[2026-05-17T06:14:35.222Z] [INFO] HTTP GET /health | {"method":"GET","url":"/health"}
[2026-05-17T06:14:35.223Z] [INFO] HTTP GET /health | {"method":"GET","url":"/health","statusCode":200,"duration":"1ms"}
[2026-05-17T06:14:59.708Z] [INFO] HTTP GET /health | {"method":"GET","url":"/health"}
[2026-05-17T06:14:59.708Z] [INFO] HTTP GET /health | {"method":"GET","url":"/health","statusCode":200,"duration":"1ms"}
[2026-05-17T06:15:05.274Z] [INFO] HTTP GET /health | {"method":"GET","url":"/health"}
[2026-05-17T06:15:05.274Z] [INFO] HTTP GET /health | {"method":"GET","url":"/health","statusCode":200}
[2026-05-17T06:15:05.275Z] [INFO] HTTP GET /health | {"method":"GET","url":"/health"}
[2026-05-17T06:15:05.276Z] [INFO] HTTP GET /health | {"method":"GET","url":"/health","statusCode":200,"duration":"1ms"}
[2026-05-17T06:15:29.754Z] [INFO] HTTP GET /health | {"method":"GET","url":"/health"}
[2026-05-17T06:15:29.754Z] [INFO] HTTP GET /health | {"method":"GET","url":"/health","statusCode":200}
[2026-05-17T06:15:35.325Z] [INFO] HTTP GET /health | {"method":"GET","url":"/health"}
[2026-05-17T06:15:35.325Z] [INFO] HTTP GET /health | {"method":"GET","url":"/health","statusCode":200}
[2026-05-17T06:15:35.326Z] [INFO] HTTP GET /health | {"method":"GET","url":"/health"}
[2026-05-17T06:15:35.327Z] [INFO] HTTP GET /health | {"method":"GET","url":"/health","statusCode":200}
[2026-05-17T06:15:59.808Z] [INFO] HTTP GET /health | {"method":"GET","url":"/health"}
[2026-05-17T06:15:59.808Z] [INFO] HTTP GET /health | {"method":"GET","url":"/health","statusCode":200,"duration":"1ms"}
[2026-05-17T06:16:05.371Z] [INFO] HTTP GET /health | {"method":"GET","url":"/health"}
[2026-05-17T06:16:05.371Z] [INFO] HTTP GET /health | {"method":"GET","url":"/health","statusCode":200}
[2026-05-17T06:16:05.372Z] [INFO] HTTP GET /health | {"method":"GET","url":"/health"}
[2026-05-17T06:16:05.372Z] [INFO] HTTP GET /health | {"method":"GET","url":"/health","statusCode":200}
[2026-05-17T06:16:29.857Z] [INFO] HTTP GET /health | {"method":"GET","url":"/health"}
[2026-05-17T06:16:29.857Z] [INFO] HTTP GET /health | {"method":"GET","url":"/health","statusCode":200}
[2026-05-17T06:16:35.422Z] [INFO] HTTP GET /health | {"method":"GET","url":"/health"}
[2026-05-17T06:16:35.423Z] [INFO] HTTP GET /health | {"method":"GET","url":"/health","statusCode":200,"duration":"1ms"}
[2026-05-17T06:16:35.424Z] [INFO] HTTP GET /health | {"method":"GET","url":"/health"}
[2026-05-17T06:16:35.425Z] [INFO] HTTP GET /health | {"method":"GET","url":"/health","statusCode":200}
[2026-05-17T06:16:59.909Z] [INFO] HTTP GET /health | {"method":"GET","url":"/health"}
[2026-05-17T06:16:59.909Z] [INFO] HTTP GET /health | {"method":"GET","url":"/health","statusCode":200}
[2026-05-17T06:17:05.474Z] [INFO] HTTP GET /health | {"method":"GET","url":"/health"}
[2026-05-17T06:17:05.475Z] [INFO] HTTP GET /health | {"method":"GET","url":"/health"}
[2026-05-17T06:17:05.474Z] [INFO] HTTP GET /health | {"method":"GET","url":"/health","statusCode":200}
[2026-05-17T06:17:05.475Z] [INFO] HTTP GET /health | {"method":"GET","url":"/health","statusCode":200,"duration":"1ms"}
[2026-05-17T06:17:29.966Z] [INFO] HTTP GET /health | {"method":"GET","url":"/health"}
[2026-05-17T06:17:29.966Z] [INFO] HTTP GET /health | {"method":"GET","url":"/health","statusCode":200,"duration":"1ms"}
[2026-05-17T06:17:35.528Z] [INFO] HTTP GET /health | {"method":"GET","url":"/health"}
[2026-05-17T06:17:35.528Z] [INFO] HTTP GET /health | {"method":"GET","url":"/health"}
[2026-05-17T06:17:35.528Z] [INFO] HTTP GET /health | {"method":"GET","url":"/health","statusCode":200}
[2026-05-17T06:17:35.528Z] [INFO] HTTP GET /health | {"method":"GET","url":"/health","statusCode":200}
[2026-05-17T06:18:00.007Z] [INFO] HTTP GET /health | {"method":"GET","url":"/health"}
[2026-05-17T06:18:00.007Z] [INFO] HTTP GET /health | {"method":"GET","url":"/health","statusCode":200}
[2026-05-17T06:18:05.579Z] [INFO] HTTP GET /health | {"method":"GET","url":"/health"}
[2026-05-17T06:18:05.579Z] [INFO] HTTP GET /health | {"method":"GET","url":"/health"}
[2026-05-17T06:18:05.579Z] [INFO] HTTP GET /health | {"method":"GET","url":"/health","statusCode":200}
[2026-05-17T06:18:05.579Z] [INFO] HTTP GET /health | {"method":"GET","url":"/health","statusCode":200}
[2026-05-17T06:18:30.056Z] [INFO] HTTP GET /health | {"method":"GET","url":"/health"}
[2026-05-17T06:18:30.056Z] [INFO] HTTP GET /health | {"method":"GET","url":"/health","statusCode":200}
[2026-05-17T06:18:35.635Z] [INFO] HTTP GET /health | {"method":"GET","url":"/health"}
[2026-05-17T06:18:35.636Z] [INFO] HTTP GET /health | {"method":"GET","url":"/health"}
[2026-05-17T06:18:35.636Z] [INFO] HTTP GET /health | {"method":"GET","url":"/health","statusCode":200,"duration":"1ms"}
[2026-05-17T06:18:35.639Z] [INFO] HTTP GET /health | {"method":"GET","url":"/health","statusCode":200,"duration":"3ms"}
[2026-05-17T06:19:00.102Z] [INFO] HTTP GET /health | {"method":"GET","url":"/health"}
[2026-05-17T06:19:00.102Z] [INFO] HTTP GET /health | {"method":"GET","url":"/health","statusCode":200}
[2026-05-17T06:19:05.678Z] [INFO] HTTP GET /health | {"method":"GET","url":"/health"}
[2026-05-17T06:19:05.679Z] [INFO] HTTP GET /health | {"method":"GET","url":"/health","statusCode":200,"duration":"1ms"}
[2026-05-17T06:19:05.679Z] [INFO] HTTP GET /health | {"method":"GET","url":"/health"}
[2026-05-17T06:19:05.680Z] [INFO] HTTP GET /health | {"method":"GET","url":"/health","statusCode":200,"duration":"1ms"}
[2026-05-17T06:19:30.159Z] [INFO] HTTP GET /health | {"method":"GET","url":"/health"}
[2026-05-17T06:19:30.159Z] [INFO] HTTP GET /health | {"method":"GET","url":"/health","statusCode":200}
[2026-05-17T06:19:35.720Z] [INFO] HTTP GET /health | {"method":"GET","url":"/health"}
[2026-05-17T06:19:35.720Z] [INFO] HTTP GET /health | {"method":"GET","url":"/health"}
[2026-05-17T06:19:35.721Z] [INFO] HTTP GET /health | {"method":"GET","url":"/health","statusCode":200,"duration":"1ms"}
[2026-05-17T06:19:35.721Z] [INFO] HTTP GET /health | {"method":"GET","url":"/health","statusCode":200}
[2026-05-17T06:20:00.219Z] [INFO] HTTP GET /health | {"method":"GET","url":"/health"}
[2026-05-17T06:20:00.219Z] [INFO] HTTP GET /health | {"method":"GET","url":"/health","statusCode":200}
[2026-05-17T06:20:05.763Z] [INFO] HTTP GET /health | {"method":"GET","url":"/health"}
[2026-05-17T06:20:05.763Z] [INFO] HTTP GET /health | {"method":"GET","url":"/health"}
[2026-05-17T06:20:05.764Z] [INFO] HTTP GET /health | {"method":"GET","url":"/health","statusCode":200,"duration":"1ms"}
[2026-05-17T06:20:05.764Z] [INFO] HTTP GET /health | {"method":"GET","url":"/health","statusCode":200,"duration":"1ms"}
[2026-05-17T06:20:30.280Z] [INFO] HTTP GET /health | {"method":"GET","url":"/health"}
[2026-05-17T06:20:30.281Z] [INFO] HTTP GET /health | {"method":"GET","url":"/health","statusCode":200,"duration":"1ms"}
[2026-05-17T06:20:35.819Z] [INFO] HTTP GET /health | {"method":"GET","url":"/health"}
[2026-05-17T06:20:35.820Z] [INFO] HTTP GET /health | {"method":"GET","url":"/health"}
[2026-05-17T06:20:35.820Z] [INFO] HTTP GET /health | {"method":"GET","url":"/health","statusCode":200,"duration":"1ms"}
[2026-05-17T06:20:35.820Z] [INFO] HTTP GET /health | {"method":"GET","url":"/health","statusCode":200}
[2026-05-17T06:21:00.351Z] [INFO] HTTP GET /health | {"method":"GET","url":"/health"}
[2026-05-17T06:21:00.352Z] [INFO] HTTP GET /health | {"method":"GET","url":"/health","statusCode":200,"duration":"1ms"}
[2026-05-17T06:21:05.874Z] [INFO] HTTP GET /health | {"method":"GET","url":"/health"}
[2026-05-17T06:21:05.874Z] [INFO] HTTP GET /health | {"method":"GET","url":"/health"}
[2026-05-17T06:21:05.874Z] [INFO] HTTP GET /health | {"method":"GET","url":"/health","statusCode":200}
[2026-05-17T06:21:05.875Z] [INFO] HTTP GET /health | {"method":"GET","url":"/health","statusCode":200,"duration":"1ms"}
[2026-05-17T06:21:30.406Z] [INFO] HTTP GET /health | {"method":"GET","url":"/health"}
[2026-05-17T06:21:30.406Z] [INFO] HTTP GET /health | {"method":"GET","url":"/health","statusCode":200}
[2026-05-17T06:21:35.919Z] [INFO] HTTP GET /health | {"method":"GET","url":"/health"}
[2026-05-17T06:21:35.919Z] [INFO] HTTP GET /health | {"method":"GET","url":"/health"}
[2026-05-17T06:21:35.919Z] [INFO] HTTP GET /health | {"method":"GET","url":"/health","statusCode":200}
[2026-05-17T06:21:35.919Z] [INFO] HTTP GET /health | {"method":"GET","url":"/health","statusCode":200}
[2026-05-17T06:22:00.470Z] [INFO] HTTP GET /health | {"method":"GET","url":"/health"}
[2026-05-17T06:22:00.471Z] [INFO] HTTP GET /health | {"method":"GET","url":"/health","statusCode":200,"duration":"1ms"}
[2026-05-17T06:22:05.970Z] [INFO] HTTP GET /health | {"method":"GET","url":"/health"}
[2026-05-17T06:22:05.970Z] [INFO] HTTP GET /health | {"method":"GET","url":"/health"}
[2026-05-17T06:22:05.971Z] [INFO] HTTP GET /health | {"method":"GET","url":"/health","statusCode":200,"duration":"1ms"}
[2026-05-17T06:22:05.971Z] [INFO] HTTP GET /health | {"method":"GET","url":"/health","statusCode":200,"duration":"1ms"}
[2026-05-17T06:22:30.600Z] [INFO] HTTP GET /health | {"method":"GET","url":"/health"}
[2026-05-17T06:22:30.601Z] [INFO] HTTP GET /health | {"method":"GET","url":"/health","statusCode":200,"duration":"1ms"}
[2026-05-17T06:22:36.025Z] [INFO] HTTP GET /health | {"method":"GET","url":"/health"}
[2026-05-17T06:22:36.025Z] [INFO] HTTP GET /health | {"method":"GET","url":"/health","statusCode":200}
[2026-05-17T06:22:36.026Z] [INFO] HTTP GET /health | {"method":"GET","url":"/health"}
[2026-05-17T06:22:36.027Z] [INFO] HTTP GET /health | {"method":"GET","url":"/health","statusCode":200,"duration":"1ms"}
[2026-05-17T06:23:00.646Z] [INFO] HTTP GET /health | {"method":"GET","url":"/health"}
[2026-05-17T06:23:00.646Z] [INFO] HTTP GET /health | {"method":"GET","url":"/health","statusCode":200}
[2026-05-17T06:23:06.075Z] [INFO] HTTP GET /health | {"method":"GET","url":"/health"}
[2026-05-17T06:23:06.076Z] [INFO] HTTP GET /health | {"method":"GET","url":"/health"}
[2026-05-17T06:23:06.076Z] [INFO] HTTP GET /health | {"method":"GET","url":"/health","statusCode":200,"duration":"1ms"}
[2026-05-17T06:23:06.077Z] [INFO] HTTP GET /health | {"method":"GET","url":"/health","statusCode":200,"duration":"1ms"}
[2026-05-17T06:23:30.686Z] [INFO] HTTP GET /health | {"method":"GET","url":"/health"}
[2026-05-17T06:23:30.686Z] [INFO] HTTP GET /health | {"method":"GET","url":"/health","statusCode":200}
[2026-05-17T06:23:36.130Z] [INFO] HTTP GET /health | {"method":"GET","url":"/health"}
[2026-05-17T06:23:36.130Z] [INFO] HTTP GET /health | {"method":"GET","url":"/health"}
[2026-05-17T06:23:36.130Z] [INFO] HTTP GET /health | {"method":"GET","url":"/health","statusCode":200}
[2026-05-17T06:23:36.130Z] [INFO] HTTP GET /health | {"method":"GET","url":"/health","statusCode":200}
[2026-05-17T06:24:00.737Z] [INFO] HTTP GET /health | {"method":"GET","url":"/health"}
[2026-05-17T06:24:00.737Z] [INFO] HTTP GET /health | {"method":"GET","url":"/health","statusCode":200}
[2026-05-17T06:24:06.194Z] [INFO] HTTP GET /health | {"method":"GET","url":"/health"}
[2026-05-17T06:24:06.194Z] [INFO] HTTP GET /health | {"method":"GET","url":"/health"}
[2026-05-17T06:24:06.195Z] [INFO] HTTP GET /health | {"method":"GET","url":"/health","statusCode":200,"duration":"1ms"}
[2026-05-17T06:24:06.195Z] [INFO] HTTP GET /health | {"method":"GET","url":"/health","statusCode":200,"duration":"1ms"}
[2026-05-17T06:24:30.776Z] [INFO] HTTP GET /health | {"method":"GET","url":"/health"}
[2026-05-17T06:24:30.776Z] [INFO] HTTP GET /health | {"method":"GET","url":"/health","statusCode":200}
[2026-05-17T06:24:36.246Z] [INFO] HTTP GET /health | {"method":"GET","url":"/health"}
[2026-05-17T06:24:36.246Z] [INFO] HTTP GET /health | {"method":"GET","url":"/health"}
[2026-05-17T06:24:36.246Z] [INFO] HTTP GET /health | {"method":"GET","url":"/health","statusCode":200}
[2026-05-17T06:24:36.246Z] [INFO] HTTP GET /health | {"method":"GET","url":"/health","statusCode":200}
[2026-05-17T06:25:00.803Z] [INFO] HTTP GET /health | {"method":"GET","url":"/health"}
[2026-05-17T06:25:00.803Z] [INFO] HTTP GET /health | {"method":"GET","url":"/health","statusCode":200}
[2026-05-17T06:25:06.294Z] [INFO] HTTP GET /health | {"method":"GET","url":"/health"}
[2026-05-17T06:25:06.294Z] [INFO] HTTP GET /health | {"method":"GET","url":"/health"}
[2026-05-17T06:25:06.294Z] [INFO] HTTP GET /health | {"method":"GET","url":"/health","statusCode":200}
[2026-05-17T06:25:06.295Z] [INFO] HTTP GET /health | {"method":"GET","url":"/health","statusCode":200}
[2026-05-17T06:25:30.852Z] [INFO] HTTP GET /health | {"method":"GET","url":"/health"}
[2026-05-17T06:25:30.853Z] [INFO] HTTP GET /health | {"method":"GET","url":"/health","statusCode":200,"duration":"6ms"}
[2026-05-17T06:25:36.354Z] [INFO] HTTP GET /health | {"method":"GET","url":"/health"}
[2026-05-17T06:25:36.354Z] [INFO] HTTP GET /health | {"method":"GET","url":"/health","statusCode":200,"duration":"1ms"}
[2026-05-17T06:25:36.358Z] [INFO] HTTP GET /health | {"method":"GET","url":"/health"}
[2026-05-17T06:25:36.359Z] [INFO] HTTP GET /health | {"method":"GET","url":"/health","statusCode":200,"duration":"2ms"}
[2026-05-17T06:26:00.903Z] [INFO] HTTP GET /health | {"method":"GET","url":"/health"}
[2026-05-17T06:26:00.904Z] [INFO] HTTP GET /health | {"method":"GET","url":"/health","statusCode":200,"duration":"1ms"}
[2026-05-17T06:26:06.407Z] [INFO] HTTP GET /health | {"method":"GET","url":"/health"}
[2026-05-17T06:26:06.408Z] [INFO] HTTP GET /health | {"method":"GET","url":"/health"}
[2026-05-17T06:26:06.408Z] [INFO] HTTP GET /health | {"method":"GET","url":"/health","statusCode":200}
[2026-05-17T06:26:06.408Z] [INFO] HTTP GET /health | {"method":"GET","url":"/health","statusCode":200}
[2026-05-17T06:26:30.962Z] [INFO] HTTP GET /health | {"method":"GET","url":"/health"}
[2026-05-17T06:26:30.962Z] [INFO] HTTP GET /health | {"method":"GET","url":"/health","statusCode":200}
[2026-05-17T06:26:36.466Z] [INFO] HTTP GET /health | {"method":"GET","url":"/health"}
[2026-05-17T06:26:36.466Z] [INFO] HTTP GET /health | {"method":"GET","url":"/health","statusCode":200}
[2026-05-17T06:26:36.467Z] [INFO] HTTP GET /health | {"method":"GET","url":"/health"}
[2026-05-17T06:26:36.467Z] [INFO] HTTP GET /health | {"method":"GET","url":"/health","statusCode":200,"duration":"1ms"}
[2026-05-17T06:27:01.017Z] [INFO] HTTP GET /health | {"method":"GET","url":"/health"}
[2026-05-17T06:27:01.018Z] [INFO] HTTP GET /health | {"method":"GET","url":"/health","statusCode":200,"duration":"1ms"}
[2026-05-17T06:27:06.524Z] [INFO] HTTP GET /health | {"method":"GET","url":"/health"}
[2026-05-17T06:27:06.524Z] [INFO] HTTP GET /health | {"method":"GET","url":"/health"}
[2026-05-17T06:27:06.525Z] [INFO] HTTP GET /health | {"method":"GET","url":"/health","statusCode":200}
[2026-05-17T06:27:06.525Z] [INFO] HTTP GET /health | {"method":"GET","url":"/health","statusCode":200,"duration":"1ms"}
[2026-05-17T06:27:31.068Z] [INFO] HTTP GET /health | {"method":"GET","url":"/health"}
[2026-05-17T06:27:31.069Z] [INFO] HTTP GET /health | {"method":"GET","url":"/health","statusCode":200,"duration":"1ms"}
[2026-05-17T06:27:36.577Z] [INFO] HTTP GET /health | {"method":"GET","url":"/health"}
[2026-05-17T06:27:36.577Z] [INFO] HTTP GET /health | {"method":"GET","url":"/health"}
[2026-05-17T06:27:36.577Z] [INFO] HTTP GET /health | {"method":"GET","url":"/health","statusCode":200}
[2026-05-17T06:27:36.577Z] [INFO] HTTP GET /health | {"method":"GET","url":"/health","statusCode":200}
[2026-05-17T06:28:01.128Z] [INFO] HTTP GET /health | {"method":"GET","url":"/health"}
[2026-05-17T06:28:01.129Z] [INFO] HTTP GET /health | {"method":"GET","url":"/health","statusCode":200,"duration":"1ms"}
[2026-05-17T06:28:06.616Z] [INFO] HTTP GET /health | {"method":"GET","url":"/health"}
[2026-05-17T06:28:06.616Z] [INFO] HTTP GET /health | {"method":"GET","url":"/health","statusCode":200,"duration":"1ms"}
[2026-05-17T06:28:06.618Z] [INFO] HTTP GET /health | {"method":"GET","url":"/health"}
[2026-05-17T06:28:06.618Z] [INFO] HTTP GET /health | {"method":"GET","url":"/health","statusCode":200}
[2026-05-17T06:28:31.173Z] [INFO] HTTP GET /health | {"method":"GET","url":"/health"}
[2026-05-17T06:28:31.174Z] [INFO] HTTP GET /health | {"method":"GET","url":"/health","statusCode":200,"duration":"1ms"}
[2026-05-17T06:28:36.669Z] [INFO] HTTP GET /health | {"method":"GET","url":"/health"}
[2026-05-17T06:28:36.669Z] [INFO] HTTP GET /health | {"method":"GET","url":"/health"}
[2026-05-17T06:28:36.670Z] [INFO] HTTP GET /health | {"method":"GET","url":"/health","statusCode":200,"duration":"1ms"}
[2026-05-17T06:28:36.669Z] [INFO] HTTP GET /health | {"method":"GET","url":"/health","statusCode":200}
[2026-05-17T06:29:01.247Z] [INFO] HTTP GET /health | {"method":"GET","url":"/health"}
[2026-05-17T06:29:01.248Z] [INFO] HTTP GET /health | {"method":"GET","url":"/health","statusCode":200,"duration":"1ms"}
[2026-05-17T06:29:06.720Z] [INFO] HTTP GET /health | {"method":"GET","url":"/health"}
[2026-05-17T06:29:06.720Z] [INFO] HTTP GET /health | {"method":"GET","url":"/health"}
[2026-05-17T06:29:06.720Z] [INFO] HTTP GET /health | {"method":"GET","url":"/health","statusCode":200}
[2026-05-17T06:29:06.720Z] [INFO] HTTP GET /health | {"method":"GET","url":"/health","statusCode":200}
[2026-05-17T06:29:31.278Z] [INFO] HTTP GET /health | {"method":"GET","url":"/health"}
[2026-05-17T06:29:31.280Z] [INFO] HTTP GET /health | {"method":"GET","url":"/health","statusCode":200}
[2026-05-17T06:29:36.747Z] [INFO] HTTP GET /health | {"method":"GET","url":"/health"}
[2026-05-17T06:29:36.747Z] [INFO] HTTP GET /health | {"method":"GET","url":"/health"}
[2026-05-17T06:29:36.747Z] [INFO] HTTP GET /health | {"method":"GET","url":"/health","statusCode":200,"duration":"1ms"}
[2026-05-17T06:29:36.748Z] [INFO] HTTP GET /health | {"method":"GET","url":"/health","statusCode":200,"duration":"1ms"}
[2026-05-17T06:30:01.321Z] [INFO] HTTP GET /health | {"method":"GET","url":"/health"}
[2026-05-17T06:30:01.322Z] [INFO] HTTP GET /health | {"method":"GET","url":"/health","statusCode":200,"duration":"1ms"}
[2026-05-17T06:30:06.784Z] [INFO] HTTP GET /health | {"method":"GET","url":"/health"}
[2026-05-17T06:30:06.785Z] [INFO] HTTP GET /health | {"method":"GET","url":"/health","statusCode":200,"duration":"1ms"}
[2026-05-17T06:30:06.787Z] [INFO] HTTP GET /health | {"method":"GET","url":"/health"}
[2026-05-17T06:30:06.787Z] [INFO] HTTP GET /health | {"method":"GET","url":"/health","statusCode":200,"duration":"1ms"}
[2026-05-17T06:30:31.381Z] [INFO] HTTP GET /health | {"method":"GET","url":"/health"}
[2026-05-17T06:30:31.383Z] [INFO] HTTP GET /health | {"method":"GET","url":"/health","statusCode":200,"duration":"3ms"}
[2026-05-17T06:30:36.834Z] [INFO] HTTP GET /health | {"method":"GET","url":"/health"}
[2026-05-17T06:30:36.834Z] [INFO] HTTP GET /health | {"method":"GET","url":"/health"}
[2026-05-17T06:30:36.834Z] [INFO] HTTP GET /health | {"method":"GET","url":"/health","statusCode":200}
[2026-05-17T06:30:36.835Z] [INFO] HTTP GET /health | {"method":"GET","url":"/health","statusCode":200,"duration":"1ms"}
[2026-05-17T06:31:01.442Z] [INFO] HTTP GET /health | {"method":"GET","url":"/health"}
[2026-05-17T06:31:01.442Z] [INFO] HTTP GET /health | {"method":"GET","url":"/health","statusCode":200}
[2026-05-17T06:31:06.891Z] [INFO] HTTP GET /health | {"method":"GET","url":"/health"}
[2026-05-17T06:31:06.891Z] [INFO] HTTP GET /health | {"method":"GET","url":"/health"}
[2026-05-17T06:31:06.891Z] [INFO] HTTP GET /health | {"method":"GET","url":"/health","statusCode":200}
[2026-05-17T06:31:06.892Z] [INFO] HTTP GET /health | {"method":"GET","url":"/health","statusCode":200,"duration":"1ms"}
[2026-05-17T06:31:31.501Z] [INFO] HTTP GET /health | {"method":"GET","url":"/health"}
[2026-05-17T06:31:31.502Z] [INFO] HTTP GET /health | {"method":"GET","url":"/health","statusCode":200,"duration":"1ms"}
[2026-05-17T06:31:36.945Z] [INFO] HTTP GET /health | {"method":"GET","url":"/health"}
[2026-05-17T06:31:36.945Z] [INFO] HTTP GET /health | {"method":"GET","url":"/health"}
[2026-05-17T06:31:36.946Z] [INFO] HTTP GET /health | {"method":"GET","url":"/health","statusCode":200,"duration":"1ms"}
[2026-05-17T06:31:36.946Z] [INFO] HTTP GET /health | {"method":"GET","url":"/health","statusCode":200,"duration":"1ms"}
[2026-05-17T06:32:01.551Z] [INFO] HTTP GET /health | {"method":"GET","url":"/health"}
[2026-05-17T06:32:01.551Z] [INFO] HTTP GET /health | {"method":"GET","url":"/health","statusCode":200}
[2026-05-17T06:32:06.995Z] [INFO] HTTP GET /health | {"method":"GET","url":"/health"}
[2026-05-17T06:32:06.995Z] [INFO] HTTP GET /health | {"method":"GET","url":"/health","statusCode":200}
[2026-05-17T06:32:06.998Z] [INFO] HTTP GET /health | {"method":"GET","url":"/health"}
[2026-05-17T06:32:06.998Z] [INFO] HTTP GET /health | {"method":"GET","url":"/health","statusCode":200,"duration":"1ms"}
[2026-05-17T06:32:31.608Z] [INFO] HTTP GET /health | {"method":"GET","url":"/health"}
[2026-05-17T06:32:31.608Z] [INFO] HTTP GET /health | {"method":"GET","url":"/health","statusCode":200}
[2026-05-17T06:32:37.042Z] [INFO] HTTP GET /health | {"method":"GET","url":"/health"}
[2026-05-17T06:32:37.043Z] [INFO] HTTP GET /health | {"method":"GET","url":"/health"}
[2026-05-17T06:32:37.043Z] [INFO] HTTP GET /health | {"method":"GET","url":"/health","statusCode":200,"duration":"1ms"}
[2026-05-17T06:32:37.043Z] [INFO] HTTP GET /health | {"method":"GET","url":"/health","statusCode":200}
[2026-05-17T06:33:01.668Z] [INFO] HTTP GET /health | {"method":"GET","url":"/health"}
[2026-05-17T06:33:01.668Z] [INFO] HTTP GET /health | {"method":"GET","url":"/health","statusCode":200}
[2026-05-17T06:33:07.083Z] [INFO] HTTP GET /health | {"method":"GET","url":"/health"}
[2026-05-17T06:33:07.083Z] [INFO] HTTP GET /health | {"method":"GET","url":"/health"}
[2026-05-17T06:33:07.083Z] [INFO] HTTP GET /health | {"method":"GET","url":"/health","statusCode":200}
[2026-05-17T06:33:07.083Z] [INFO] HTTP GET /health | {"method":"GET","url":"/health","statusCode":200}
[2026-05-17T06:33:31.715Z] [INFO] HTTP GET /health | {"method":"GET","url":"/health"}
[2026-05-17T06:33:31.715Z] [INFO] HTTP GET /health | {"method":"GET","url":"/health","statusCode":200,"duration":"1ms"}
[2026-05-17T06:33:37.121Z] [INFO] HTTP GET /health | {"method":"GET","url":"/health"}
[2026-05-17T06:33:37.121Z] [INFO] HTTP GET /health | {"method":"GET","url":"/health"}
[2026-05-17T06:33:37.121Z] [INFO] HTTP GET /health | {"method":"GET","url":"/health","statusCode":200,"duration":"1ms"}
[2026-05-17T06:33:37.122Z] [INFO] HTTP GET /health | {"method":"GET","url":"/health","statusCode":200,"duration":"1ms"}
[2026-05-17T06:34:01.771Z] [INFO] HTTP GET /health | {"method":"GET","url":"/health"}
[2026-05-17T06:34:01.771Z] [INFO] HTTP GET /health | {"method":"GET","url":"/health","statusCode":200,"duration":"1ms"}
[2026-05-17T06:34:07.158Z] [INFO] HTTP GET /health | {"method":"GET","url":"/health"}
[2026-05-17T06:34:07.159Z] [INFO] HTTP GET /health | {"method":"GET","url":"/health"}
[2026-05-17T06:34:07.158Z] [INFO] HTTP GET /health | {"method":"GET","url":"/health","statusCode":200}
[2026-05-17T06:34:07.159Z] [INFO] HTTP GET /health | {"method":"GET","url":"/health","statusCode":200}
[2026-05-17T06:34:31.840Z] [INFO] HTTP GET /health | {"method":"GET","url":"/health"}
[2026-05-17T06:34:31.841Z] [INFO] HTTP GET /health | {"method":"GET","url":"/health","statusCode":200,"duration":"1ms"}
[2026-05-17T06:34:37.200Z] [INFO] HTTP GET /health | {"method":"GET","url":"/health"}
[2026-05-17T06:34:37.200Z] [INFO] HTTP GET /health | {"method":"GET","url":"/health"}
[2026-05-17T06:34:37.200Z] [INFO] HTTP GET /health | {"method":"GET","url":"/health","statusCode":200}
[2026-05-17T06:34:37.200Z] [INFO] HTTP GET /health | {"method":"GET","url":"/health","statusCode":200}
[2026-05-17T06:35:01.893Z] [INFO] HTTP GET /health | {"method":"GET","url":"/health"}
[2026-05-17T06:35:01.893Z] [INFO] HTTP GET /health | {"method":"GET","url":"/health","statusCode":200,"duration":"1ms"}
[2026-05-17T06:35:07.245Z] [INFO] HTTP GET /health | {"method":"GET","url":"/health"}
[2026-05-17T06:35:07.246Z] [INFO] HTTP GET /health | {"method":"GET","url":"/health"}
[2026-05-17T06:35:07.246Z] [INFO] HTTP GET /health | {"method":"GET","url":"/health","statusCode":200}
[2026-05-17T06:35:07.246Z] [INFO] HTTP GET /health | {"method":"GET","url":"/health","statusCode":200,"duration":"1ms"}
[2026-05-17T06:35:31.939Z] [INFO] HTTP GET /health | {"method":"GET","url":"/health"}
[2026-05-17T06:35:31.939Z] [INFO] HTTP GET /health | {"method":"GET","url":"/health","statusCode":200,"duration":"1ms"}
[2026-05-17T06:35:37.301Z] [INFO] HTTP GET /health | {"method":"GET","url":"/health"}
[2026-05-17T06:35:37.301Z] [INFO] HTTP GET /health | {"method":"GET","url":"/health"}
[2026-05-17T06:35:37.301Z] [INFO] HTTP GET /health | {"method":"GET","url":"/health","statusCode":200,"duration":"1ms"}
[2026-05-17T06:35:37.301Z] [INFO] HTTP GET /health | {"method":"GET","url":"/health","statusCode":200}
[2026-05-17T06:36:01.978Z] [INFO] HTTP GET /health | {"method":"GET","url":"/health"}
[2026-05-17T06:36:01.978Z] [INFO] HTTP GET /health | {"method":"GET","url":"/health","statusCode":200}
[2026-05-17T06:36:07.369Z] [INFO] HTTP GET /health | {"method":"GET","url":"/health"}
[2026-05-17T06:36:07.369Z] [INFO] HTTP GET /health | {"method":"GET","url":"/health"}
[2026-05-17T06:36:07.369Z] [INFO] HTTP GET /health | {"method":"GET","url":"/health","statusCode":200}
[2026-05-17T06:36:07.369Z] [INFO] HTTP GET /health | {"method":"GET","url":"/health","statusCode":200}
[2026-05-17T06:36:32.017Z] [INFO] HTTP GET /health | {"method":"GET","url":"/health"}
[2026-05-17T06:36:32.017Z] [INFO] HTTP GET /health | {"method":"GET","url":"/health","statusCode":200}
[2026-05-17T06:36:37.421Z] [INFO] HTTP GET /health | {"method":"GET","url":"/health"}
[2026-05-17T06:36:37.422Z] [INFO] HTTP GET /health | {"method":"GET","url":"/health"}
[2026-05-17T06:36:37.422Z] [INFO] HTTP GET /health | {"method":"GET","url":"/health","statusCode":200,"duration":"1ms"}
[2026-05-17T06:36:37.422Z] [INFO] HTTP GET /health | {"method":"GET","url":"/health","statusCode":200}
[2026-05-17T06:37:02.054Z] [INFO] HTTP GET /health | {"method":"GET","url":"/health"}
[2026-05-17T06:37:02.054Z] [INFO] HTTP GET /health | {"method":"GET","url":"/health","statusCode":200}
[2026-05-17T06:37:07.480Z] [INFO] HTTP GET /health | {"method":"GET","url":"/health"}
[2026-05-17T06:37:07.480Z] [INFO] HTTP GET /health | {"method":"GET","url":"/health","statusCode":200}
[2026-05-17T06:37:07.481Z] [INFO] HTTP GET /health | {"method":"GET","url":"/health"}
[2026-05-17T06:37:07.481Z] [INFO] HTTP GET /health | {"method":"GET","url":"/health","statusCode":200}
[2026-05-17T06:37:32.096Z] [INFO] HTTP GET /health | {"method":"GET","url":"/health"}
[2026-05-17T06:37:32.096Z] [INFO] HTTP GET /health | {"method":"GET","url":"/health","statusCode":200}
[2026-05-17T06:37:37.539Z] [INFO] HTTP GET /health | {"method":"GET","url":"/health"}
[2026-05-17T06:37:37.540Z] [INFO] HTTP GET /health | {"method":"GET","url":"/health"}
[2026-05-17T06:37:37.540Z] [INFO] HTTP GET /health | {"method":"GET","url":"/health","statusCode":200,"duration":"1ms"}
[2026-05-17T06:37:37.540Z] [INFO] HTTP GET /health | {"method":"GET","url":"/health","statusCode":200}
[2026-05-17T06:38:02.144Z] [INFO] HTTP GET /health | {"method":"GET","url":"/health"}
[2026-05-17T06:38:02.144Z] [INFO] HTTP GET /health | {"method":"GET","url":"/health","statusCode":200}
[2026-05-17T06:38:07.588Z] [INFO] HTTP GET /health | {"method":"GET","url":"/health"}
[2026-05-17T06:38:07.588Z] [INFO] HTTP GET /health | {"method":"GET","url":"/health"}
[2026-05-17T06:38:07.588Z] [INFO] HTTP GET /health | {"method":"GET","url":"/health","statusCode":200}
[2026-05-17T06:38:07.588Z] [INFO] HTTP GET /health | {"method":"GET","url":"/health","statusCode":200}
[2026-05-17T06:38:32.181Z] [INFO] HTTP GET /health | {"method":"GET","url":"/health"}
[2026-05-17T06:38:32.181Z] [INFO] HTTP GET /health | {"method":"GET","url":"/health","statusCode":200}
[2026-05-17T06:38:37.636Z] [INFO] HTTP GET /health | {"method":"GET","url":"/health"}
[2026-05-17T06:38:37.636Z] [INFO] HTTP GET /health | {"method":"GET","url":"/health"}
[2026-05-17T06:38:37.636Z] [INFO] HTTP GET /health | {"method":"GET","url":"/health","statusCode":200}
[2026-05-17T06:38:37.636Z] [INFO] HTTP GET /health | {"method":"GET","url":"/health","statusCode":200}
[2026-05-17T06:39:02.216Z] [INFO] HTTP GET /health | {"method":"GET","url":"/health"}
[2026-05-17T06:39:02.216Z] [INFO] HTTP GET /health | {"method":"GET","url":"/health","statusCode":200}
[2026-05-17T06:39:07.690Z] [INFO] HTTP GET /health | {"method":"GET","url":"/health"}
[2026-05-17T06:39:07.690Z] [INFO] HTTP GET /health | {"method":"GET","url":"/health"}
[2026-05-17T06:39:07.690Z] [INFO] HTTP GET /health | {"method":"GET","url":"/health","statusCode":200}
[2026-05-17T06:39:07.690Z] [INFO] HTTP GET /health | {"method":"GET","url":"/health","statusCode":200,"duration":"1ms"}
[2026-05-17T06:39:32.272Z] [INFO] HTTP GET /health | {"method":"GET","url":"/health"}
[2026-05-17T06:39:32.273Z] [INFO] HTTP GET /health | {"method":"GET","url":"/health","statusCode":200,"duration":"1ms"}
[2026-05-17T06:39:37.738Z] [INFO] HTTP GET /health | {"method":"GET","url":"/health"}
[2026-05-17T06:39:37.738Z] [INFO] HTTP GET /health | {"method":"GET","url":"/health"}
[2026-05-17T06:39:37.738Z] [INFO] HTTP GET /health | {"method":"GET","url":"/health","statusCode":200}
[2026-05-17T06:39:37.738Z] [INFO] HTTP GET /health | {"method":"GET","url":"/health","statusCode":200}
[2026-05-17T06:40:02.334Z] [INFO] HTTP GET /health | {"method":"GET","url":"/health"}
[2026-05-17T06:40:02.334Z] [INFO] HTTP GET /health | {"method":"GET","url":"/health","statusCode":200}
[2026-05-17T06:40:07.794Z] [INFO] HTTP GET /health | {"method":"GET","url":"/health"}
[2026-05-17T06:40:07.795Z] [INFO] HTTP GET /health | {"method":"GET","url":"/health"}
[2026-05-17T06:40:07.795Z] [INFO] HTTP GET /health | {"method":"GET","url":"/health","statusCode":200,"duration":"1ms"}
[2026-05-17T06:40:07.795Z] [INFO] HTTP GET /health | {"method":"GET","url":"/health","statusCode":200}
[2026-05-17T06:40:32.383Z] [INFO] HTTP GET /health | {"method":"GET","url":"/health"}
[2026-05-17T06:40:32.384Z] [INFO] HTTP GET /health | {"method":"GET","url":"/health","statusCode":200,"duration":"1ms"}
[2026-05-17T06:40:37.838Z] [INFO] HTTP GET /health | {"method":"GET","url":"/health"}
[2026-05-17T06:40:37.838Z] [INFO] HTTP GET /health | {"method":"GET","url":"/health"}
[2026-05-17T06:40:37.838Z] [INFO] HTTP GET /health | {"method":"GET","url":"/health","statusCode":200}
[2026-05-17T06:40:37.838Z] [INFO] HTTP GET /health | {"method":"GET","url":"/health","statusCode":200}
[2026-05-17T06:41:02.444Z] [INFO] HTTP GET /health | {"method":"GET","url":"/health"}
[2026-05-17T06:41:02.444Z] [INFO] HTTP GET /health | {"method":"GET","url":"/health","statusCode":200}
[2026-05-17T06:41:07.893Z] [INFO] HTTP GET /health | {"method":"GET","url":"/health"}
[2026-05-17T06:41:07.893Z] [INFO] HTTP GET /health | {"method":"GET","url":"/health"}
[2026-05-17T06:41:07.893Z] [INFO] HTTP GET /health | {"method":"GET","url":"/health","statusCode":200}
[2026-05-17T06:41:07.893Z] [INFO] HTTP GET /health | {"method":"GET","url":"/health","statusCode":200}
[2026-05-17T06:41:32.493Z] [INFO] HTTP GET /health | {"method":"GET","url":"/health"}
[2026-05-17T06:41:32.494Z] [INFO] HTTP GET /health | {"method":"GET","url":"/health","statusCode":200}
[2026-05-17T06:41:37.946Z] [INFO] HTTP GET /health | {"method":"GET","url":"/health"}
[2026-05-17T06:41:37.946Z] [INFO] HTTP GET /health | {"method":"GET","url":"/health"}
[2026-05-17T06:41:37.947Z] [INFO] HTTP GET /health | {"method":"GET","url":"/health","statusCode":200,"duration":"1ms"}
[2026-05-17T06:41:37.946Z] [INFO] HTTP GET /health | {"method":"GET","url":"/health","statusCode":200}
[2026-05-17T06:42:02.551Z] [INFO] HTTP GET /health | {"method":"GET","url":"/health"}
[2026-05-17T06:42:02.552Z] [INFO] HTTP GET /health | {"method":"GET","url":"/health","statusCode":200,"duration":"1ms"}
[2026-05-17T06:42:07.993Z] [INFO] HTTP GET /health | {"method":"GET","url":"/health"}
[2026-05-17T06:42:07.994Z] [INFO] HTTP GET /health | {"method":"GET","url":"/health"}
[2026-05-17T06:42:07.994Z] [INFO] HTTP GET /health | {"method":"GET","url":"/health","statusCode":200,"duration":"1ms"}
[2026-05-17T06:42:07.994Z] [INFO] HTTP GET /health | {"method":"GET","url":"/health","statusCode":200}
[2026-05-17T06:42:32.608Z] [INFO] HTTP GET /health | {"method":"GET","url":"/health"}
[2026-05-17T06:42:32.608Z] [INFO] HTTP GET /health | {"method":"GET","url":"/health","statusCode":200,"duration":"1ms"}
[2026-05-17T06:42:38.056Z] [INFO] HTTP GET /health | {"method":"GET","url":"/health"}
[2026-05-17T06:42:38.057Z] [INFO] HTTP GET /health | {"method":"GET","url":"/health"}
[2026-05-17T06:42:38.057Z] [INFO] HTTP GET /health | {"method":"GET","url":"/health","statusCode":200,"duration":"1ms"}
[2026-05-17T06:42:38.056Z] [INFO] HTTP GET /health | {"method":"GET","url":"/health","statusCode":200}
[2026-05-17T06:43:02.656Z] [INFO] HTTP GET /health | {"method":"GET","url":"/health"}
[2026-05-17T06:43:02.656Z] [INFO] HTTP GET /health | {"method":"GET","url":"/health","statusCode":200}
[2026-05-17T06:43:08.090Z] [INFO] HTTP GET /health | {"method":"GET","url":"/health"}
[2026-05-17T06:43:08.090Z] [INFO] HTTP GET /health | {"method":"GET","url":"/health"}
[2026-05-17T06:43:08.091Z] [INFO] HTTP GET /health | {"method":"GET","url":"/health","statusCode":200,"duration":"1ms"}
[2026-05-17T06:43:08.091Z] [INFO] HTTP GET /health | {"method":"GET","url":"/health","statusCode":200,"duration":"1ms"}
[2026-05-17T06:43:32.713Z] [INFO] HTTP GET /health | {"method":"GET","url":"/health"}
[2026-05-17T06:43:32.713Z] [INFO] HTTP GET /health | {"method":"GET","url":"/health","statusCode":200}
[2026-05-17T06:43:38.145Z] [INFO] HTTP GET /health | {"method":"GET","url":"/health"}
[2026-05-17T06:43:38.146Z] [INFO] HTTP GET /health | {"method":"GET","url":"/health","statusCode":200,"duration":"1ms"}
[2026-05-17T06:43:38.146Z] [INFO] HTTP GET /health | {"method":"GET","url":"/health"}
[2026-05-17T06:43:38.146Z] [INFO] HTTP GET /health | {"method":"GET","url":"/health","statusCode":200}
[2026-05-17T06:44:02.774Z] [INFO] HTTP GET /health | {"method":"GET","url":"/health"}
[2026-05-17T06:44:02.774Z] [INFO] HTTP GET /health | {"method":"GET","url":"/health","statusCode":200}
[2026-05-17T06:44:08.192Z] [INFO] HTTP GET /health | {"method":"GET","url":"/health"}
[2026-05-17T06:44:08.193Z] [INFO] HTTP GET /health | {"method":"GET","url":"/health"}
[2026-05-17T06:44:08.193Z] [INFO] HTTP GET /health | {"method":"GET","url":"/health","statusCode":200}
[2026-05-17T06:44:08.193Z] [INFO] HTTP GET /health | {"method":"GET","url":"/health","statusCode":200}
[2026-05-17T06:44:32.830Z] [INFO] HTTP GET /health | {"method":"GET","url":"/health"}
[2026-05-17T06:44:32.830Z] [INFO] HTTP GET /health | {"method":"GET","url":"/health","statusCode":200}
[2026-05-17T06:44:38.242Z] [INFO] HTTP GET /health | {"method":"GET","url":"/health"}
[2026-05-17T06:44:38.242Z] [INFO] HTTP GET /health | {"method":"GET","url":"/health"}
[2026-05-17T06:44:38.242Z] [INFO] HTTP GET /health | {"method":"GET","url":"/health","statusCode":200}
[2026-05-17T06:44:38.242Z] [INFO] HTTP GET /health | {"method":"GET","url":"/health","statusCode":200}
[2026-05-17T06:45:02.889Z] [INFO] HTTP GET /health | {"method":"GET","url":"/health"}
[2026-05-17T06:45:02.889Z] [INFO] HTTP GET /health | {"method":"GET","url":"/health","statusCode":200}
[2026-05-17T06:45:08.287Z] [INFO] HTTP GET /health | {"method":"GET","url":"/health"}
[2026-05-17T06:45:08.287Z] [INFO] HTTP GET /health | {"method":"GET","url":"/health"}
[2026-05-17T06:45:08.287Z] [INFO] HTTP GET /health | {"method":"GET","url":"/health","statusCode":200}
[2026-05-17T06:45:08.287Z] [INFO] HTTP GET /health | {"method":"GET","url":"/health","statusCode":200}
[2026-05-17T06:45:32.946Z] [INFO] HTTP GET /health | {"method":"GET","url":"/health"}
[2026-05-17T06:45:32.946Z] [INFO] HTTP GET /health | {"method":"GET","url":"/health","statusCode":200}
[2026-05-17T06:45:38.343Z] [INFO] HTTP GET /health | {"method":"GET","url":"/health"}
[2026-05-17T06:45:38.343Z] [INFO] HTTP GET /health | {"method":"GET","url":"/health"}
[2026-05-17T06:45:38.343Z] [INFO] HTTP GET /health | {"method":"GET","url":"/health","statusCode":200}
[2026-05-17T06:45:38.343Z] [INFO] HTTP GET /health | {"method":"GET","url":"/health","statusCode":200}
[2026-05-17T06:46:02.992Z] [INFO] HTTP GET /health | {"method":"GET","url":"/health"}
[2026-05-17T06:46:02.992Z] [INFO] HTTP GET /health | {"method":"GET","url":"/health","statusCode":200}
[2026-05-17T06:46:08.396Z] [INFO] HTTP GET /health | {"method":"GET","url":"/health"}
[2026-05-17T06:46:08.396Z] [INFO] HTTP GET /health | {"method":"GET","url":"/health"}
[2026-05-17T06:46:08.396Z] [INFO] HTTP GET /health | {"method":"GET","url":"/health","statusCode":200}
[2026-05-17T06:46:08.396Z] [INFO] HTTP GET /health | {"method":"GET","url":"/health","statusCode":200}
[2026-05-17T06:46:33.032Z] [INFO] HTTP GET /health | {"method":"GET","url":"/health"}
[2026-05-17T06:46:33.032Z] [INFO] HTTP GET /health | {"method":"GET","url":"/health","statusCode":200}
[2026-05-17T06:46:38.438Z] [INFO] HTTP GET /health | {"method":"GET","url":"/health"}
[2026-05-17T06:46:38.438Z] [INFO] HTTP GET /health | {"method":"GET","url":"/health"}
[2026-05-17T06:46:38.438Z] [INFO] HTTP GET /health | {"method":"GET","url":"/health","statusCode":200,"duration":"1ms"}
[2026-05-17T06:46:38.438Z] [INFO] HTTP GET /health | {"method":"GET","url":"/health","statusCode":200,"duration":"1ms"}
[2026-05-17T06:47:03.090Z] [INFO] HTTP GET /health | {"method":"GET","url":"/health"}
[2026-05-17T06:47:03.090Z] [INFO] HTTP GET /health | {"method":"GET","url":"/health","statusCode":200}
[2026-05-17T06:47:08.492Z] [INFO] HTTP GET /health | {"method":"GET","url":"/health"}
[2026-05-17T06:47:08.492Z] [INFO] HTTP GET /health | {"method":"GET","url":"/health"}
[2026-05-17T06:47:08.492Z] [INFO] HTTP GET /health | {"method":"GET","url":"/health","statusCode":200,"duration":"1ms"}
[2026-05-17T06:47:08.492Z] [INFO] HTTP GET /health | {"method":"GET","url":"/health","statusCode":200}
[2026-05-17T06:47:33.142Z] [INFO] HTTP GET /health | {"method":"GET","url":"/health"}
[2026-05-17T06:47:33.143Z] [INFO] HTTP GET /health | {"method":"GET","url":"/health","statusCode":200,"duration":"1ms"}
[2026-05-17T06:47:38.540Z] [INFO] HTTP GET /health | {"method":"GET","url":"/health"}
[2026-05-17T06:47:38.540Z] [INFO] HTTP GET /health | {"method":"GET","url":"/health"}
[2026-05-17T06:47:38.540Z] [INFO] HTTP GET /health | {"method":"GET","url":"/health","statusCode":200}
[2026-05-17T06:47:38.540Z] [INFO] HTTP GET /health | {"method":"GET","url":"/health","statusCode":200}
[2026-05-17T06:48:03.211Z] [INFO] HTTP GET /health | {"method":"GET","url":"/health"}
[2026-05-17T06:48:03.211Z] [INFO] HTTP GET /health | {"method":"GET","url":"/health","statusCode":200}
[2026-05-17T06:48:08.589Z] [INFO] HTTP GET /health | {"method":"GET","url":"/health"}
[2026-05-17T06:48:08.589Z] [INFO] HTTP GET /health | {"method":"GET","url":"/health","statusCode":200,"duration":"1ms"}
[2026-05-17T06:48:08.589Z] [INFO] HTTP GET /health | {"method":"GET","url":"/health"}
[2026-05-17T06:48:08.589Z] [INFO] HTTP GET /health | {"method":"GET","url":"/health","statusCode":200}
[2026-05-17T06:48:33.277Z] [INFO] HTTP GET /health | {"method":"GET","url":"/health"}
[2026-05-17T06:48:33.277Z] [INFO] HTTP GET /health | {"method":"GET","url":"/health","statusCode":200}
[2026-05-17T06:48:38.643Z] [INFO] HTTP GET /health | {"method":"GET","url":"/health"}
[2026-05-17T06:48:38.643Z] [INFO] HTTP GET /health | {"method":"GET","url":"/health"}
[2026-05-17T06:48:38.643Z] [INFO] HTTP GET /health | {"method":"GET","url":"/health","statusCode":200,"duration":"1ms"}
[2026-05-17T06:48:38.643Z] [INFO] HTTP GET /health | {"method":"GET","url":"/health","statusCode":200}
[2026-05-17T06:49:03.338Z] [INFO] HTTP GET /health | {"method":"GET","url":"/health"}
[2026-05-17T06:49:03.338Z] [INFO] HTTP GET /health | {"method":"GET","url":"/health","statusCode":200}
[2026-05-17T06:49:08.693Z] [INFO] HTTP GET /health | {"method":"GET","url":"/health"}
[2026-05-17T06:49:08.693Z] [INFO] HTTP GET /health | {"method":"GET","url":"/health"}
[2026-05-17T06:49:08.693Z] [INFO] HTTP GET /health | {"method":"GET","url":"/health","statusCode":200,"duration":"1ms"}
[2026-05-17T06:49:08.693Z] [INFO] HTTP GET /health | {"method":"GET","url":"/health","statusCode":200}
[2026-05-17T06:49:33.391Z] [INFO] HTTP GET /health | {"method":"GET","url":"/health"}
[2026-05-17T06:49:33.392Z] [INFO] HTTP GET /health | {"method":"GET","url":"/health","statusCode":200}
[2026-05-17T06:49:38.745Z] [INFO] HTTP GET /health | {"method":"GET","url":"/health"}
[2026-05-17T06:49:38.745Z] [INFO] HTTP GET /health | {"method":"GET","url":"/health"}
[2026-05-17T06:49:38.745Z] [INFO] HTTP GET /health | {"method":"GET","url":"/health","statusCode":200}
[2026-05-17T06:49:38.745Z] [INFO] HTTP GET /health | {"method":"GET","url":"/health","statusCode":200}
[2026-05-17T06:50:03.445Z] [INFO] HTTP GET /health | {"method":"GET","url":"/health"}
[2026-05-17T06:50:03.446Z] [INFO] HTTP GET /health | {"method":"GET","url":"/health","statusCode":200,"duration":"1ms"}
[2026-05-17T06:50:08.806Z] [INFO] HTTP GET /health | {"method":"GET","url":"/health"}
[2026-05-17T06:50:08.807Z] [INFO] HTTP GET /health | {"method":"GET","url":"/health"}
[2026-05-17T06:50:08.806Z] [INFO] HTTP GET /health | {"method":"GET","url":"/health","statusCode":200}
[2026-05-17T06:50:08.807Z] [INFO] HTTP GET /health | {"method":"GET","url":"/health","statusCode":200,"duration":"1ms"}
[2026-05-17T06:50:33.495Z] [INFO] HTTP GET /health | {"method":"GET","url":"/health"}
[2026-05-17T06:50:33.495Z] [INFO] HTTP GET /health | {"method":"GET","url":"/health","statusCode":200}
[2026-05-17T06:50:38.855Z] [INFO] HTTP GET /health | {"method":"GET","url":"/health"}
[2026-05-17T06:50:38.855Z] [INFO] HTTP GET /health | {"method":"GET","url":"/health"}
[2026-05-17T06:50:38.855Z] [INFO] HTTP GET /health | {"method":"GET","url":"/health","statusCode":200}
[2026-05-17T06:50:38.856Z] [INFO] HTTP GET /health | {"method":"GET","url":"/health","statusCode":200}
[2026-05-17T06:51:03.554Z] [INFO] HTTP GET /health | {"method":"GET","url":"/health"}
[2026-05-17T06:51:03.555Z] [INFO] HTTP GET /health | {"method":"GET","url":"/health","statusCode":200,"duration":"1ms"}
[2026-05-17T06:51:08.904Z] [INFO] HTTP GET /health | {"method":"GET","url":"/health"}
[2026-05-17T06:51:08.904Z] [INFO] HTTP GET /health | {"method":"GET","url":"/health"}
[2026-05-17T06:51:08.904Z] [INFO] HTTP GET /health | {"method":"GET","url":"/health","statusCode":200}
[2026-05-17T06:51:08.904Z] [INFO] HTTP GET /health | {"method":"GET","url":"/health","statusCode":200}
[2026-05-17T06:51:33.604Z] [INFO] HTTP GET /health | {"method":"GET","url":"/health"}
[2026-05-17T06:51:33.604Z] [INFO] HTTP GET /health | {"method":"GET","url":"/health","statusCode":200}
[2026-05-17T06:51:38.952Z] [INFO] HTTP GET /health | {"method":"GET","url":"/health"}
[2026-05-17T06:51:38.952Z] [INFO] HTTP GET /health | {"method":"GET","url":"/health"}
[2026-05-17T06:51:38.952Z] [INFO] HTTP GET /health | {"method":"GET","url":"/health","statusCode":200,"duration":"1ms"}
[2026-05-17T06:51:38.952Z] [INFO] HTTP GET /health | {"method":"GET","url":"/health","statusCode":200}
[2026-05-17T06:52:03.651Z] [INFO] HTTP GET /health | {"method":"GET","url":"/health"}
[2026-05-17T06:52:03.652Z] [INFO] HTTP GET /health | {"method":"GET","url":"/health","statusCode":200,"duration":"1ms"}
[2026-05-17T06:52:09.011Z] [INFO] HTTP GET /health | {"method":"GET","url":"/health"}
[2026-05-17T06:52:09.011Z] [INFO] HTTP GET /health | {"method":"GET","url":"/health"}
[2026-05-17T06:52:09.011Z] [INFO] HTTP GET /health | {"method":"GET","url":"/health","statusCode":200}
[2026-05-17T06:52:09.011Z] [INFO] HTTP GET /health | {"method":"GET","url":"/health","statusCode":200}
[2026-05-17T06:52:33.703Z] [INFO] HTTP GET /health | {"method":"GET","url":"/health"}
[2026-05-17T06:52:33.703Z] [INFO] HTTP GET /health | {"method":"GET","url":"/health","statusCode":200}
[2026-05-17T06:52:39.055Z] [INFO] HTTP GET /health | {"method":"GET","url":"/health"}
[2026-05-17T06:52:39.055Z] [INFO] HTTP GET /health | {"method":"GET","url":"/health"}
[2026-05-17T06:52:39.055Z] [INFO] HTTP GET /health | {"method":"GET","url":"/health","statusCode":200}
[2026-05-17T06:52:39.055Z] [INFO] HTTP GET /health | {"method":"GET","url":"/health","statusCode":200}
[2026-05-17T06:53:03.763Z] [INFO] HTTP GET /health | {"method":"GET","url":"/health"}
[2026-05-17T06:53:03.763Z] [INFO] HTTP GET /health | {"method":"GET","url":"/health","statusCode":200}
[2026-05-17T06:53:09.107Z] [INFO] HTTP GET /health | {"method":"GET","url":"/health"}
[2026-05-17T06:53:09.108Z] [INFO] HTTP GET /health | {"method":"GET","url":"/health"}
[2026-05-17T06:53:09.107Z] [INFO] HTTP GET /health | {"method":"GET","url":"/health","statusCode":200}
[2026-05-17T06:53:09.108Z] [INFO] HTTP GET /health | {"method":"GET","url":"/health","statusCode":200,"duration":"1ms"}
[2026-05-17T06:53:33.834Z] [INFO] HTTP GET /health | {"method":"GET","url":"/health"}
[2026-05-17T06:53:33.835Z] [INFO] HTTP GET /health | {"method":"GET","url":"/health","statusCode":200,"duration":"1ms"}
[2026-05-17T06:53:39.150Z] [INFO] HTTP GET /health | {"method":"GET","url":"/health"}
[2026-05-17T06:53:39.151Z] [INFO] HTTP GET /health | {"method":"GET","url":"/health","statusCode":200,"duration":"1ms"}
[2026-05-17T06:53:39.151Z] [INFO] HTTP GET /health | {"method":"GET","url":"/health"}
[2026-05-17T06:53:39.151Z] [INFO] HTTP GET /health | {"method":"GET","url":"/health","statusCode":200}
[2026-05-17T06:54:03.887Z] [INFO] HTTP GET /health | {"method":"GET","url":"/health"}
[2026-05-17T06:54:03.888Z] [INFO] HTTP GET /health | {"method":"GET","url":"/health","statusCode":200,"duration":"1ms"}
[2026-05-17T06:54:09.210Z] [INFO] HTTP GET /health | {"method":"GET","url":"/health"}
[2026-05-17T06:54:09.211Z] [INFO] HTTP GET /health | {"method":"GET","url":"/health"}
[2026-05-17T06:54:09.210Z] [INFO] HTTP GET /health | {"method":"GET","url":"/health","statusCode":200}
[2026-05-17T06:54:09.211Z] [INFO] HTTP GET /health | {"method":"GET","url":"/health","statusCode":200,"duration":"1ms"}
[2026-05-17T06:54:33.948Z] [INFO] HTTP GET /health | {"method":"GET","url":"/health"}
[2026-05-17T06:54:33.949Z] [INFO] HTTP GET /health | {"method":"GET","url":"/health","statusCode":200,"duration":"1ms"}
[2026-05-17T06:54:39.260Z] [INFO] HTTP GET /health | {"method":"GET","url":"/health"}
[2026-05-17T06:54:39.260Z] [INFO] HTTP GET /health | {"method":"GET","url":"/health"}
[2026-05-17T06:54:39.260Z] [INFO] HTTP GET /health | {"method":"GET","url":"/health","statusCode":200}
[2026-05-17T06:54:39.260Z] [INFO] HTTP GET /health | {"method":"GET","url":"/health","statusCode":200}
[2026-05-17T06:55:04.007Z] [INFO] HTTP GET /health | {"method":"GET","url":"/health"}
[2026-05-17T06:55:04.007Z] [INFO] HTTP GET /health | {"method":"GET","url":"/health","statusCode":200,"duration":"1ms"}
[2026-05-17T06:55:09.310Z] [INFO] HTTP GET /health | {"method":"GET","url":"/health"}
[2026-05-17T06:55:09.311Z] [INFO] HTTP GET /health | {"method":"GET","url":"/health"}
[2026-05-17T06:55:09.311Z] [INFO] HTTP GET /health | {"method":"GET","url":"/health","statusCode":200,"duration":"1ms"}
[2026-05-17T06:55:09.311Z] [INFO] HTTP GET /health | {"method":"GET","url":"/health","statusCode":200}
[2026-05-17T06:55:34.061Z] [INFO] HTTP GET /health | {"method":"GET","url":"/health"}
[2026-05-17T06:55:34.061Z] [INFO] HTTP GET /health | {"method":"GET","url":"/health","statusCode":200}
[2026-05-17T06:55:39.362Z] [INFO] HTTP GET /health | {"method":"GET","url":"/health"}
[2026-05-17T06:55:39.362Z] [INFO] HTTP GET /health | {"method":"GET","url":"/health"}
[2026-05-17T06:55:39.362Z] [INFO] HTTP GET /health | {"method":"GET","url":"/health","statusCode":200}
[2026-05-17T06:55:39.362Z] [INFO] HTTP GET /health | {"method":"GET","url":"/health","statusCode":200}
[2026-05-17T06:56:04.111Z] [INFO] HTTP GET /health | {"method":"GET","url":"/health"}
[2026-05-17T06:56:04.111Z] [INFO] HTTP GET /health | {"method":"GET","url":"/health","statusCode":200}
[2026-05-17T06:56:09.413Z] [INFO] HTTP GET /health | {"method":"GET","url":"/health"}
[2026-05-17T06:56:09.413Z] [INFO] HTTP GET /health | {"method":"GET","url":"/health"}
[2026-05-17T06:56:09.413Z] [INFO] HTTP GET /health | {"method":"GET","url":"/health","statusCode":200}
[2026-05-17T06:56:09.413Z] [INFO] HTTP GET /health | {"method":"GET","url":"/health","statusCode":200}
[2026-05-17T06:56:34.162Z] [INFO] HTTP GET /health | {"method":"GET","url":"/health"}
[2026-05-17T06:56:34.163Z] [INFO] HTTP GET /health | {"method":"GET","url":"/health","statusCode":200,"duration":"1ms"}
[2026-05-17T06:56:39.460Z] [INFO] HTTP GET /health | {"method":"GET","url":"/health"}
[2026-05-17T06:56:39.460Z] [INFO] HTTP GET /health | {"method":"GET","url":"/health"}
[2026-05-17T06:56:39.460Z] [INFO] HTTP GET /health | {"method":"GET","url":"/health","statusCode":200}
[2026-05-17T06:56:39.460Z] [INFO] HTTP GET /health | {"method":"GET","url":"/health","statusCode":200}
[2026-05-17T06:57:04.214Z] [INFO] HTTP GET /health | {"method":"GET","url":"/health"}
[2026-05-17T06:57:04.214Z] [INFO] HTTP GET /health | {"method":"GET","url":"/health","statusCode":200,"duration":"1ms"}
[2026-05-17T06:57:09.514Z] [INFO] HTTP GET /health | {"method":"GET","url":"/health"}
[2026-05-17T06:57:09.515Z] [INFO] HTTP GET /health | {"method":"GET","url":"/health"}
[2026-05-17T06:57:09.515Z] [INFO] HTTP GET /health | {"method":"GET","url":"/health","statusCode":200}
[2026-05-17T06:57:09.515Z] [INFO] HTTP GET /health | {"method":"GET","url":"/health","statusCode":200}
[2026-05-17T06:57:34.266Z] [INFO] HTTP GET /health | {"method":"GET","url":"/health"}
[2026-05-17T06:57:34.266Z] [INFO] HTTP GET /health | {"method":"GET","url":"/health","statusCode":200}
[2026-05-17T06:57:39.562Z] [INFO] HTTP GET /health | {"method":"GET","url":"/health"}
[2026-05-17T06:57:39.562Z] [INFO] HTTP GET /health | {"method":"GET","url":"/health"}
[2026-05-17T06:57:39.562Z] [INFO] HTTP GET /health | {"method":"GET","url":"/health","statusCode":200}
[2026-05-17T06:57:39.562Z] [INFO] HTTP GET /health | {"method":"GET","url":"/health","statusCode":200}
[2026-05-17T06:58:04.320Z] [INFO] HTTP GET /health | {"method":"GET","url":"/health"}
[2026-05-17T06:58:04.320Z] [INFO] HTTP GET /health | {"method":"GET","url":"/health","statusCode":200}
[2026-05-17T06:58:09.611Z] [INFO] HTTP GET /health | {"method":"GET","url":"/health"}
[2026-05-17T06:58:09.611Z] [INFO] HTTP GET /health | {"method":"GET","url":"/health"}
[2026-05-17T06:58:09.611Z] [INFO] HTTP GET /health | {"method":"GET","url":"/health","statusCode":200}
[2026-05-17T06:58:09.611Z] [INFO] HTTP GET /health | {"method":"GET","url":"/health","statusCode":200}
[2026-05-17T06:58:34.372Z] [INFO] HTTP GET /health | {"method":"GET","url":"/health"}
[2026-05-17T06:58:34.372Z] [INFO] HTTP GET /health | {"method":"GET","url":"/health","statusCode":200}
[2026-05-17T06:58:39.655Z] [INFO] HTTP GET /health | {"method":"GET","url":"/health"}
[2026-05-17T06:58:39.655Z] [INFO] HTTP GET /health | {"method":"GET","url":"/health"}
[2026-05-17T06:58:39.655Z] [INFO] HTTP GET /health | {"method":"GET","url":"/health","statusCode":200}
[2026-05-17T06:58:39.655Z] [INFO] HTTP GET /health | {"method":"GET","url":"/health","statusCode":200}
[2026-05-17T06:59:04.428Z] [INFO] HTTP GET /health | {"method":"GET","url":"/health"}
[2026-05-17T06:59:04.428Z] [INFO] HTTP GET /health | {"method":"GET","url":"/health","statusCode":200,"duration":"1ms"}
[2026-05-17T06:59:09.703Z] [INFO] HTTP GET /health | {"method":"GET","url":"/health"}
[2026-05-17T06:59:09.703Z] [INFO] HTTP GET /health | {"method":"GET","url":"/health"}
[2026-05-17T06:59:09.703Z] [INFO] HTTP GET /health | {"method":"GET","url":"/health","statusCode":200}
[2026-05-17T06:59:09.703Z] [INFO] HTTP GET /health | {"method":"GET","url":"/health","statusCode":200}
[2026-05-17T06:59:34.479Z] [INFO] HTTP GET /health | {"method":"GET","url":"/health"}
[2026-05-17T06:59:34.479Z] [INFO] HTTP GET /health | {"method":"GET","url":"/health","statusCode":200}
[2026-05-17T06:59:39.748Z] [INFO] HTTP GET /health | {"method":"GET","url":"/health"}
[2026-05-17T06:59:39.748Z] [INFO] HTTP GET /health | {"method":"GET","url":"/health"}
[2026-05-17T06:59:39.748Z] [INFO] HTTP GET /health | {"method":"GET","url":"/health","statusCode":200}
[2026-05-17T06:59:39.748Z] [INFO] HTTP GET /health | {"method":"GET","url":"/health","statusCode":200}
[2026-05-17T07:00:04.530Z] [INFO] HTTP GET /health | {"method":"GET","url":"/health"}
[2026-05-17T07:00:04.530Z] [INFO] HTTP GET /health | {"method":"GET","url":"/health","statusCode":200}
[2026-05-17T07:00:09.809Z] [INFO] HTTP GET /health | {"method":"GET","url":"/health"}
[2026-05-17T07:00:09.809Z] [INFO] HTTP GET /health | {"method":"GET","url":"/health"}
[2026-05-17T07:00:09.809Z] [INFO] HTTP GET /health | {"method":"GET","url":"/health","statusCode":200}
[2026-05-17T07:00:09.809Z] [INFO] HTTP GET /health | {"method":"GET","url":"/health","statusCode":200}
[2026-05-17T07:00:34.568Z] [INFO] HTTP GET /health | {"method":"GET","url":"/health"}
[2026-05-17T07:00:34.568Z] [INFO] HTTP GET /health | {"method":"GET","url":"/health","statusCode":200}
[2026-05-17T07:00:39.855Z] [INFO] HTTP GET /health | {"method":"GET","url":"/health"}
[2026-05-17T07:00:39.855Z] [INFO] HTTP GET /health | {"method":"GET","url":"/health"}
[2026-05-17T07:00:39.855Z] [INFO] HTTP GET /health | {"method":"GET","url":"/health","statusCode":200}
[2026-05-17T07:00:39.855Z] [INFO] HTTP GET /health | {"method":"GET","url":"/health","statusCode":200}
[2026-05-17T07:01:04.620Z] [INFO] HTTP GET /health | {"method":"GET","url":"/health"}
[2026-05-17T07:01:04.620Z] [INFO] HTTP GET /health | {"method":"GET","url":"/health","statusCode":200}
[2026-05-17T07:01:09.904Z] [INFO] HTTP GET /health | {"method":"GET","url":"/health"}
[2026-05-17T07:01:09.904Z] [INFO] HTTP GET /health | {"method":"GET","url":"/health"}
[2026-05-17T07:01:09.904Z] [INFO] HTTP GET /health | {"method":"GET","url":"/health","statusCode":200}
[2026-05-17T07:01:09.904Z] [INFO] HTTP GET /health | {"method":"GET","url":"/health","statusCode":200}
[2026-05-17T07:01:34.685Z] [INFO] HTTP GET /health | {"method":"GET","url":"/health"}
[2026-05-17T07:01:34.686Z] [INFO] HTTP GET /health | {"method":"GET","url":"/health","statusCode":200,"duration":"1ms"}
[2026-05-17T07:01:39.941Z] [INFO] HTTP GET /health | {"method":"GET","url":"/health"}
[2026-05-17T07:01:39.941Z] [INFO] HTTP GET /health | {"method":"GET","url":"/health"}
[2026-05-17T07:01:39.941Z] [INFO] HTTP GET /health | {"method":"GET","url":"/health","statusCode":200}
[2026-05-17T07:01:39.941Z] [INFO] HTTP GET /health | {"method":"GET","url":"/health","statusCode":200}
[2026-05-17T07:02:04.748Z] [INFO] HTTP GET /health | {"method":"GET","url":"/health"}
[2026-05-17T07:02:04.748Z] [INFO] HTTP GET /health | {"method":"GET","url":"/health","statusCode":200}
[2026-05-17T07:02:09.999Z] [INFO] HTTP GET /health | {"method":"GET","url":"/health"}
[2026-05-17T07:02:09.999Z] [INFO] HTTP GET /health | {"method":"GET","url":"/health","statusCode":200}
[2026-05-17T07:02:09.999Z] [INFO] HTTP GET /health | {"method":"GET","url":"/health"}
[2026-05-17T07:02:10.000Z] [INFO] HTTP GET /health | {"method":"GET","url":"/health","statusCode":200}
[2026-05-17T07:02:34.796Z] [INFO] HTTP GET /health | {"method":"GET","url":"/health"}
[2026-05-17T07:02:34.796Z] [INFO] HTTP GET /health | {"method":"GET","url":"/health","statusCode":200,"duration":"1ms"}
[2026-05-17T07:02:40.053Z] [INFO] HTTP GET /health | {"method":"GET","url":"/health"}
[2026-05-17T07:02:40.053Z] [INFO] HTTP GET /health | {"method":"GET","url":"/health","statusCode":200}
[2026-05-17T07:02:40.053Z] [INFO] HTTP GET /health | {"method":"GET","url":"/health"}
[2026-05-17T07:02:40.053Z] [INFO] HTTP GET /health | {"method":"GET","url":"/health","statusCode":200}
[2026-05-17T07:03:04.855Z] [INFO] HTTP GET /health | {"method":"GET","url":"/health"}
[2026-05-17T07:03:04.855Z] [INFO] HTTP GET /health | {"method":"GET","url":"/health","statusCode":200}
[2026-05-17T07:03:10.099Z] [INFO] HTTP GET /health | {"method":"GET","url":"/health"}
[2026-05-17T07:03:10.100Z] [INFO] HTTP GET /health | {"method":"GET","url":"/health"}
[2026-05-17T07:03:10.100Z] [INFO] HTTP GET /health | {"method":"GET","url":"/health","statusCode":200,"duration":"1ms"}
[2026-05-17T07:03:10.100Z] [INFO] HTTP GET /health | {"method":"GET","url":"/health","statusCode":200,"duration":"1ms"}
[2026-05-17T07:03:34.901Z] [INFO] HTTP GET /health | {"method":"GET","url":"/health"}
[2026-05-17T07:03:34.902Z] [INFO] HTTP GET /health | {"method":"GET","url":"/health","statusCode":200,"duration":"1ms"}
[2026-05-17T07:03:40.151Z] [INFO] HTTP GET /health | {"method":"GET","url":"/health"}
[2026-05-17T07:03:40.151Z] [INFO] HTTP GET /health | {"method":"GET","url":"/health"}
[2026-05-17T07:03:40.151Z] [INFO] HTTP GET /health | {"method":"GET","url":"/health","statusCode":200}
[2026-05-17T07:03:40.151Z] [INFO] HTTP GET /health | {"method":"GET","url":"/health","statusCode":200}
[2026-05-17T07:04:04.944Z] [INFO] HTTP GET /health | {"method":"GET","url":"/health"}
[2026-05-17T07:04:04.945Z] [INFO] HTTP GET /health | {"method":"GET","url":"/health","statusCode":200,"duration":"1ms"}
[2026-05-17T07:04:10.199Z] [INFO] HTTP GET /health | {"method":"GET","url":"/health"}
[2026-05-17T07:04:10.199Z] [INFO] HTTP GET /health | {"method":"GET","url":"/health"}
[2026-05-17T07:04:10.199Z] [INFO] HTTP GET /health | {"method":"GET","url":"/health","statusCode":200}
[2026-05-17T07:04:10.199Z] [INFO] HTTP GET /health | {"method":"GET","url":"/health","statusCode":200}
[2026-05-17T07:04:34.992Z] [INFO] HTTP GET /health | {"method":"GET","url":"/health"}
[2026-05-17T07:04:34.992Z] [INFO] HTTP GET /health | {"method":"GET","url":"/health","statusCode":200}
[2026-05-17T07:04:40.256Z] [INFO] HTTP GET /health | {"method":"GET","url":"/health"}
[2026-05-17T07:04:40.256Z] [INFO] HTTP GET /health | {"method":"GET","url":"/health"}
[2026-05-17T07:04:40.256Z] [INFO] HTTP GET /health | {"method":"GET","url":"/health","statusCode":200}
[2026-05-17T07:04:40.256Z] [INFO] HTTP GET /health | {"method":"GET","url":"/health","statusCode":200}
[2026-05-17T07:05:05.029Z] [INFO] HTTP GET /health | {"method":"GET","url":"/health"}
[2026-05-17T07:05:05.029Z] [INFO] HTTP GET /health | {"method":"GET","url":"/health","statusCode":200}
[2026-05-17T07:05:10.287Z] [INFO] HTTP GET /health | {"method":"GET","url":"/health"}
[2026-05-17T07:05:10.287Z] [INFO] HTTP GET /health | {"method":"GET","url":"/health"}
[2026-05-17T07:05:10.287Z] [INFO] HTTP GET /health | {"method":"GET","url":"/health","statusCode":200}
[2026-05-17T07:05:10.287Z] [INFO] HTTP GET /health | {"method":"GET","url":"/health","statusCode":200}
[2026-05-17T07:05:23.868Z] [WARN] Critical project detected | {"projectId":"69f726d86dac1655e72089b2","projectName":"DC3 Migration","status":"critical","issues":["2 milestones are overdue"],"overdueMilestones":2,"totalMilestones":10,"completionRate":20}
[2026-05-17T07:05:23.868Z] [INFO] Monitoring report generated | {"totalProjects":1,"critical":1,"warning":0,"healthy":0}
[2026-05-17T07:05:23.868Z] [ERROR] Critical projects detected! | {"count":1,"projects":[{"name":"DC3 Migration","issues":["2 milestones are overdue"]}]}
[2026-05-17T07:05:35.068Z] [INFO] HTTP GET /health | {"method":"GET","url":"/health"}
[2026-05-17T07:05:35.069Z] [INFO] HTTP GET /health | {"method":"GET","url":"/health","statusCode":200}
[2026-05-17T07:05:40.339Z] [INFO] HTTP GET /health | {"method":"GET","url":"/health"}
[2026-05-17T07:05:40.339Z] [INFO] HTTP GET /health | {"method":"GET","url":"/health","statusCode":200,"duration":"1ms"}
[2026-05-17T07:05:40.340Z] [INFO] HTTP GET /health | {"method":"GET","url":"/health"}
[2026-05-17T07:05:40.341Z] [INFO] HTTP GET /health | {"method":"GET","url":"/health","statusCode":200,"duration":"1ms"}
[2026-05-17T07:06:05.118Z] [INFO] HTTP GET /health | {"method":"GET","url":"/health"}
[2026-05-17T07:06:05.119Z] [INFO] HTTP GET /health | {"method":"GET","url":"/health","statusCode":200,"duration":"1ms"}
[2026-05-17T07:06:10.390Z] [INFO] HTTP GET /health | {"method":"GET","url":"/health"}
[2026-05-17T07:06:10.390Z] [INFO] HTTP GET /health | {"method":"GET","url":"/health"}
[2026-05-17T07:06:10.390Z] [INFO] HTTP GET /health | {"method":"GET","url":"/health","statusCode":200}
[2026-05-17T07:06:10.390Z] [INFO] HTTP GET /health | {"method":"GET","url":"/health","statusCode":200}
[2026-05-17T07:06:35.153Z] [INFO] HTTP GET /health | {"method":"GET","url":"/health"}
[2026-05-17T07:06:35.153Z] [INFO] HTTP GET /health | {"method":"GET","url":"/health","statusCode":200}
[2026-05-17T07:06:40.439Z] [INFO] HTTP GET /health | {"method":"GET","url":"/health"}
[2026-05-17T07:06:40.439Z] [INFO] HTTP GET /health | {"method":"GET","url":"/health"}
[2026-05-17T07:06:40.439Z] [INFO] HTTP GET /health | {"method":"GET","url":"/health","statusCode":200}
[2026-05-17T07:06:40.439Z] [INFO] HTTP GET /health | {"method":"GET","url":"/health","statusCode":200}
[2026-05-17T07:07:05.205Z] [INFO] HTTP GET /health | {"method":"GET","url":"/health"}
[2026-05-17T07:07:05.205Z] [INFO] HTTP GET /health | {"method":"GET","url":"/health","statusCode":200}
[2026-05-17T07:07:10.489Z] [INFO] HTTP GET /health | {"method":"GET","url":"/health"}
[2026-05-17T07:07:10.489Z] [INFO] HTTP GET /health | {"method":"GET","url":"/health"}
[2026-05-17T07:07:10.489Z] [INFO] HTTP GET /health | {"method":"GET","url":"/health","statusCode":200}
[2026-05-17T07:07:10.490Z] [INFO] HTTP GET /health | {"method":"GET","url":"/health","statusCode":200}
[2026-05-17T07:07:35.260Z] [INFO] HTTP GET /health | {"method":"GET","url":"/health"}
[2026-05-17T07:07:35.260Z] [INFO] HTTP GET /health | {"method":"GET","url":"/health","statusCode":200}
[2026-05-17T07:07:40.538Z] [INFO] HTTP GET /health | {"method":"GET","url":"/health"}
[2026-05-17T07:07:40.538Z] [INFO] HTTP GET /health | {"method":"GET","url":"/health"}
[2026-05-17T07:07:40.538Z] [INFO] HTTP GET /health | {"method":"GET","url":"/health","statusCode":200}
[2026-05-17T07:07:40.538Z] [INFO] HTTP GET /health | {"method":"GET","url":"/health","statusCode":200}
[2026-05-17T07:08:05.312Z] [INFO] HTTP GET /health | {"method":"GET","url":"/health"}
[2026-05-17T07:08:05.312Z] [INFO] HTTP GET /health | {"method":"GET","url":"/health","statusCode":200}
[2026-05-17T07:08:10.590Z] [INFO] HTTP GET /health | {"method":"GET","url":"/health"}
[2026-05-17T07:08:10.590Z] [INFO] HTTP GET /health | {"method":"GET","url":"/health"}
[2026-05-17T07:08:10.590Z] [INFO] HTTP GET /health | {"method":"GET","url":"/health","statusCode":200}
[2026-05-17T07:08:10.590Z] [INFO] HTTP GET /health | {"method":"GET","url":"/health","statusCode":200}
[2026-05-17T07:08:35.347Z] [INFO] HTTP GET /health | {"method":"GET","url":"/health"}
[2026-05-17T07:08:35.348Z] [INFO] HTTP GET /health | {"method":"GET","url":"/health","statusCode":200,"duration":"1ms"}
[2026-05-17T07:08:40.635Z] [INFO] HTTP GET /health | {"method":"GET","url":"/health"}
[2026-05-17T07:08:40.635Z] [INFO] HTTP GET /health | {"method":"GET","url":"/health"}
[2026-05-17T07:08:40.635Z] [INFO] HTTP GET /health | {"method":"GET","url":"/health","statusCode":200}
[2026-05-17T07:08:40.636Z] [INFO] HTTP GET /health | {"method":"GET","url":"/health","statusCode":200,"duration":"1ms"}
[2026-05-17T07:09:05.404Z] [INFO] HTTP GET /health | {"method":"GET","url":"/health"}
[2026-05-17T07:09:05.404Z] [INFO] HTTP GET /health | {"method":"GET","url":"/health","statusCode":200}
[2026-05-17T07:09:10.666Z] [INFO] HTTP GET /health | {"method":"GET","url":"/health"}
[2026-05-17T07:09:10.666Z] [INFO] HTTP GET /health | {"method":"GET","url":"/health"}
[2026-05-17T07:09:10.666Z] [INFO] HTTP GET /health | {"method":"GET","url":"/health","statusCode":200}
[2026-05-17T07:09:10.666Z] [INFO] HTTP GET /health | {"method":"GET","url":"/health","statusCode":200}
[2026-05-17T07:09:35.461Z] [INFO] HTTP GET /health | {"method":"GET","url":"/health"}
[2026-05-17T07:09:35.461Z] [INFO] HTTP GET /health | {"method":"GET","url":"/health","statusCode":200,"duration":"1ms"}
[2026-05-17T07:09:40.698Z] [INFO] HTTP GET /health | {"method":"GET","url":"/health"}
[2026-05-17T07:09:40.698Z] [INFO] HTTP GET /health | {"method":"GET","url":"/health"}
[2026-05-17T07:09:40.698Z] [INFO] HTTP GET /health | {"method":"GET","url":"/health","statusCode":200}
[2026-05-17T07:09:40.698Z] [INFO] HTTP GET /health | {"method":"GET","url":"/health","statusCode":200}
[2026-05-17T07:10:05.503Z] [INFO] HTTP GET /health | {"method":"GET","url":"/health"}
[2026-05-17T07:10:05.503Z] [INFO] HTTP GET /health | {"method":"GET","url":"/health","statusCode":200}
[2026-05-17T07:10:10.749Z] [INFO] HTTP GET /health | {"method":"GET","url":"/health"}
[2026-05-17T07:10:10.749Z] [INFO] HTTP GET /health | {"method":"GET","url":"/health"}
[2026-05-17T07:10:10.749Z] [INFO] HTTP GET /health | {"method":"GET","url":"/health","statusCode":200}
[2026-05-17T07:10:10.750Z] [INFO] HTTP GET /health | {"method":"GET","url":"/health","statusCode":200,"duration":"1ms"}
[2026-05-17T07:10:35.570Z] [INFO] HTTP GET /health | {"method":"GET","url":"/health"}
[2026-05-17T07:10:35.571Z] [INFO] HTTP GET /health | {"method":"GET","url":"/health","statusCode":200,"duration":"1ms"}
[2026-05-17T07:10:40.812Z] [INFO] HTTP GET /health | {"method":"GET","url":"/health"}
[2026-05-17T07:10:40.812Z] [INFO] HTTP GET /health | {"method":"GET","url":"/health"}
[2026-05-17T07:10:40.812Z] [INFO] HTTP GET /health | {"method":"GET","url":"/health","statusCode":200}
[2026-05-17T07:10:40.812Z] [INFO] HTTP GET /health | {"method":"GET","url":"/health","statusCode":200}
[2026-05-17T07:11:05.647Z] [INFO] HTTP GET /health | {"method":"GET","url":"/health"}
[2026-05-17T07:11:05.647Z] [INFO] HTTP GET /health | {"method":"GET","url":"/health","statusCode":200}
[2026-05-17T07:11:10.894Z] [INFO] HTTP GET /health | {"method":"GET","url":"/health"}
[2026-05-17T07:11:10.894Z] [INFO] HTTP GET /health | {"method":"GET","url":"/health"}
[2026-05-17T07:11:10.894Z] [INFO] HTTP GET /health | {"method":"GET","url":"/health","statusCode":200,"duration":"1ms"}
[2026-05-17T07:11:10.894Z] [INFO] HTTP GET /health | {"method":"GET","url":"/health","statusCode":200,"duration":"1ms"}
[2026-05-17T07:11:35.693Z] [INFO] HTTP GET /health | {"method":"GET","url":"/health"}
[2026-05-17T07:11:35.693Z] [INFO] HTTP GET /health | {"method":"GET","url":"/health","statusCode":200}
[2026-05-17T07:11:40.953Z] [INFO] HTTP GET /health | {"method":"GET","url":"/health"}
[2026-05-17T07:11:40.953Z] [INFO] HTTP GET /health | {"method":"GET","url":"/health"}
[2026-05-17T07:11:40.953Z] [INFO] HTTP GET /health | {"method":"GET","url":"/health","statusCode":200}
[2026-05-17T07:11:40.953Z] [INFO] HTTP GET /health | {"method":"GET","url":"/health","statusCode":200}
[2026-05-17T07:12:05.741Z] [INFO] HTTP GET /health | {"method":"GET","url":"/health"}
[2026-05-17T07:12:05.742Z] [INFO] HTTP GET /health | {"method":"GET","url":"/health","statusCode":200,"duration":"1ms"}
[2026-05-17T07:12:11.000Z] [INFO] HTTP GET /health | {"method":"GET","url":"/health"}
[2026-05-17T07:12:11.001Z] [INFO] HTTP GET /health | {"method":"GET","url":"/health","statusCode":200}
[2026-05-17T07:12:11.003Z] [INFO] HTTP GET /health | {"method":"GET","url":"/health"}
[2026-05-17T07:12:11.003Z] [INFO] HTTP GET /health | {"method":"GET","url":"/health","statusCode":200}
[2026-05-17T07:12:35.807Z] [INFO] HTTP GET /health | {"method":"GET","url":"/health"}
[2026-05-17T07:12:35.808Z] [INFO] HTTP GET /health | {"method":"GET","url":"/health","statusCode":200,"duration":"1ms"}
[2026-05-17T07:12:41.054Z] [INFO] HTTP GET /health | {"method":"GET","url":"/health"}
[2026-05-17T07:12:41.055Z] [INFO] HTTP GET /health | {"method":"GET","url":"/health"}
[2026-05-17T07:12:41.054Z] [INFO] HTTP GET /health | {"method":"GET","url":"/health","statusCode":200}
[2026-05-17T07:12:41.055Z] [INFO] HTTP GET /health | {"method":"GET","url":"/health","statusCode":200}
[2026-05-17T07:13:05.855Z] [INFO] HTTP GET /health | {"method":"GET","url":"/health"}
[2026-05-17T07:13:05.855Z] [INFO] HTTP GET /health | {"method":"GET","url":"/health","statusCode":200}
[2026-05-17T07:13:11.097Z] [INFO] HTTP GET /health | {"method":"GET","url":"/health"}
[2026-05-17T07:13:11.097Z] [INFO] HTTP GET /health | {"method":"GET","url":"/health","statusCode":200}
[2026-05-17T07:13:11.100Z] [INFO] HTTP GET /health | {"method":"GET","url":"/health"}
[2026-05-17T07:13:11.100Z] [INFO] HTTP GET /health | {"method":"GET","url":"/health","statusCode":200}
[2026-05-17T07:13:35.906Z] [INFO] HTTP GET /health | {"method":"GET","url":"/health"}
[2026-05-17T07:13:35.906Z] [INFO] HTTP GET /health | {"method":"GET","url":"/health","statusCode":200}
[2026-05-17T07:13:41.143Z] [INFO] HTTP GET /health | {"method":"GET","url":"/health"}
[2026-05-17T07:13:41.144Z] [INFO] HTTP GET /health | {"method":"GET","url":"/health"}
[2026-05-17T07:13:41.143Z] [INFO] HTTP GET /health | {"method":"GET","url":"/health","statusCode":200}
[2026-05-17T07:13:41.144Z] [INFO] HTTP GET /health | {"method":"GET","url":"/health","statusCode":200}
[2026-05-17T07:14:05.961Z] [INFO] HTTP GET /health | {"method":"GET","url":"/health"}
[2026-05-17T07:14:05.961Z] [INFO] HTTP GET /health | {"method":"GET","url":"/health","statusCode":200}
[2026-05-17T07:14:11.202Z] [INFO] HTTP GET /health | {"method":"GET","url":"/health"}
[2026-05-17T07:14:11.203Z] [INFO] HTTP GET /health | {"method":"GET","url":"/health"}
[2026-05-17T07:14:11.202Z] [INFO] HTTP GET /health | {"method":"GET","url":"/health","statusCode":200}
[2026-05-17T07:14:11.203Z] [INFO] HTTP GET /health | {"method":"GET","url":"/health","statusCode":200}
[2026-05-17T07:14:36.028Z] [INFO] HTTP GET /health | {"method":"GET","url":"/health"}
[2026-05-17T07:14:36.028Z] [INFO] HTTP GET /health | {"method":"GET","url":"/health","statusCode":200}
[2026-05-17T07:14:41.255Z] [INFO] HTTP GET /health | {"method":"GET","url":"/health"}
[2026-05-17T07:14:41.255Z] [INFO] HTTP GET /health | {"method":"GET","url":"/health"}
[2026-05-17T07:14:41.255Z] [INFO] HTTP GET /health | {"method":"GET","url":"/health","statusCode":200}
[2026-05-17T07:14:41.256Z] [INFO] HTTP GET /health | {"method":"GET","url":"/health","statusCode":200}
[2026-05-17T07:15:06.078Z] [INFO] HTTP GET /health | {"method":"GET","url":"/health"}
[2026-05-17T07:15:06.078Z] [INFO] HTTP GET /health | {"method":"GET","url":"/health","statusCode":200}
[2026-05-17T07:15:11.299Z] [INFO] HTTP GET /health | {"method":"GET","url":"/health"}
[2026-05-17T07:15:11.299Z] [INFO] HTTP GET /health | {"method":"GET","url":"/health"}
[2026-05-17T07:15:11.299Z] [INFO] HTTP GET /health | {"method":"GET","url":"/health","statusCode":200}
[2026-05-17T07:15:11.299Z] [INFO] HTTP GET /health | {"method":"GET","url":"/health","statusCode":200}
[2026-05-17T07:15:36.137Z] [INFO] HTTP GET /health | {"method":"GET","url":"/health"}
[2026-05-17T07:15:36.137Z] [INFO] HTTP GET /health | {"method":"GET","url":"/health","statusCode":200}
[2026-05-17T07:15:41.348Z] [INFO] HTTP GET /health | {"method":"GET","url":"/health"}
[2026-05-17T07:15:41.348Z] [INFO] HTTP GET /health | {"method":"GET","url":"/health"}
[2026-05-17T07:15:41.348Z] [INFO] HTTP GET /health | {"method":"GET","url":"/health","statusCode":200}
[2026-05-17T07:15:41.349Z] [INFO] HTTP GET /health | {"method":"GET","url":"/health","statusCode":200,"duration":"1ms"}
[2026-05-17T07:16:06.187Z] [INFO] HTTP GET /health | {"method":"GET","url":"/health"}
[2026-05-17T07:16:06.187Z] [INFO] HTTP GET /health | {"method":"GET","url":"/health","statusCode":200,"duration":"1ms"}
[2026-05-17T07:16:11.402Z] [INFO] HTTP GET /health | {"method":"GET","url":"/health"}
[2026-05-17T07:16:11.403Z] [INFO] HTTP GET /health | {"method":"GET","url":"/health"}
[2026-05-17T07:16:11.403Z] [INFO] HTTP GET /health | {"method":"GET","url":"/health","statusCode":200}
[2026-05-17T07:16:11.403Z] [INFO] HTTP GET /health | {"method":"GET","url":"/health","statusCode":200}
[2026-05-17T07:16:36.249Z] [INFO] HTTP GET /health | {"method":"GET","url":"/health"}
[2026-05-17T07:16:36.249Z] [INFO] HTTP GET /health | {"method":"GET","url":"/health","statusCode":200}
[2026-05-17T07:16:41.456Z] [INFO] HTTP GET /health | {"method":"GET","url":"/health"}
[2026-05-17T07:16:41.456Z] [INFO] HTTP GET /health | {"method":"GET","url":"/health"}
[2026-05-17T07:16:41.456Z] [INFO] HTTP GET /health | {"method":"GET","url":"/health","statusCode":200}
[2026-05-17T07:16:41.456Z] [INFO] HTTP GET /health | {"method":"GET","url":"/health","statusCode":200}
[2026-05-17T07:17:06.299Z] [INFO] HTTP GET /health | {"method":"GET","url":"/health"}
[2026-05-17T07:17:06.299Z] [INFO] HTTP GET /health | {"method":"GET","url":"/health","statusCode":200}
[2026-05-17T07:17:11.502Z] [INFO] HTTP GET /health | {"method":"GET","url":"/health"}
[2026-05-17T07:17:11.503Z] [INFO] HTTP GET /health | {"method":"GET","url":"/health"}
[2026-05-17T07:17:11.503Z] [INFO] HTTP GET /health | {"method":"GET","url":"/health","statusCode":200,"duration":"1ms"}
[2026-05-17T07:17:11.503Z] [INFO] HTTP GET /health | {"method":"GET","url":"/health","statusCode":200,"duration":"1ms"}
[2026-05-17T07:17:36.350Z] [INFO] HTTP GET /health | {"method":"GET","url":"/health"}
[2026-05-17T07:17:36.351Z] [INFO] HTTP GET /health | {"method":"GET","url":"/health","statusCode":200,"duration":"1ms"}
[2026-05-17T07:17:41.552Z] [INFO] HTTP GET /health | {"method":"GET","url":"/health"}
[2026-05-17T07:17:41.553Z] [INFO] HTTP GET /health | {"method":"GET","url":"/health"}
[2026-05-17T07:17:41.553Z] [INFO] HTTP GET /health | {"method":"GET","url":"/health","statusCode":200,"duration":"1ms"}
[2026-05-17T07:17:41.553Z] [INFO] HTTP GET /health | {"method":"GET","url":"/health","statusCode":200,"duration":"1ms"}
[2026-05-17T07:18:06.406Z] [INFO] HTTP GET /health | {"method":"GET","url":"/health"}
[2026-05-17T07:18:06.406Z] [INFO] HTTP GET /health | {"method":"GET","url":"/health","statusCode":200}
[2026-05-17T07:18:11.601Z] [INFO] HTTP GET /health | {"method":"GET","url":"/health"}
[2026-05-17T07:18:11.601Z] [INFO] HTTP GET /health | {"method":"GET","url":"/health"}
[2026-05-17T07:18:11.601Z] [INFO] HTTP GET /health | {"method":"GET","url":"/health","statusCode":200,"duration":"1ms"}
[2026-05-17T07:18:11.601Z] [INFO] HTTP GET /health | {"method":"GET","url":"/health","statusCode":200}
[2026-05-17T07:18:36.463Z] [INFO] HTTP GET /health | {"method":"GET","url":"/health"}
[2026-05-17T07:18:36.463Z] [INFO] HTTP GET /health | {"method":"GET","url":"/health","statusCode":200,"duration":"1ms"}
[2026-05-17T07:18:41.646Z] [INFO] HTTP GET /health | {"method":"GET","url":"/health"}
[2026-05-17T07:18:41.646Z] [INFO] HTTP GET /health | {"method":"GET","url":"/health"}
[2026-05-17T07:18:41.646Z] [INFO] HTTP GET /health | {"method":"GET","url":"/health","statusCode":200}
[2026-05-17T07:18:41.646Z] [INFO] HTTP GET /health | {"method":"GET","url":"/health","statusCode":200}
[2026-05-17T07:19:06.514Z] [INFO] HTTP GET /health | {"method":"GET","url":"/health"}
[2026-05-17T07:19:06.514Z] [INFO] HTTP GET /health | {"method":"GET","url":"/health","statusCode":200}
[2026-05-17T07:19:11.696Z] [INFO] HTTP GET /health | {"method":"GET","url":"/health"}
[2026-05-17T07:19:11.697Z] [INFO] HTTP GET /health | {"method":"GET","url":"/health"}
[2026-05-17T07:19:11.697Z] [INFO] HTTP GET /health | {"method":"GET","url":"/health","statusCode":200,"duration":"1ms"}
[2026-05-17T07:19:11.697Z] [INFO] HTTP GET /health | {"method":"GET","url":"/health","statusCode":200}
[2026-05-17T07:19:36.571Z] [INFO] HTTP GET /health | {"method":"GET","url":"/health"}
[2026-05-17T07:19:36.571Z] [INFO] HTTP GET /health | {"method":"GET","url":"/health","statusCode":200}
[2026-05-17T07:19:41.742Z] [INFO] HTTP GET /health | {"method":"GET","url":"/health"}
[2026-05-17T07:19:41.742Z] [INFO] HTTP GET /health | {"method":"GET","url":"/health"}
[2026-05-17T07:19:41.742Z] [INFO] HTTP GET /health | {"method":"GET","url":"/health","statusCode":200}
[2026-05-17T07:19:41.743Z] [INFO] HTTP GET /health | {"method":"GET","url":"/health","statusCode":200,"duration":"1ms"}
[2026-05-17T07:20:06.632Z] [INFO] HTTP GET /health | {"method":"GET","url":"/health"}
[2026-05-17T07:20:06.632Z] [INFO] HTTP GET /health | {"method":"GET","url":"/health","statusCode":200}
[2026-05-17T07:20:11.791Z] [INFO] HTTP GET /health | {"method":"GET","url":"/health"}
[2026-05-17T07:20:11.791Z] [INFO] HTTP GET /health | {"method":"GET","url":"/health"}
[2026-05-17T07:20:11.791Z] [INFO] HTTP GET /health | {"method":"GET","url":"/health","statusCode":200,"duration":"1ms"}
[2026-05-17T07:20:11.791Z] [INFO] HTTP GET /health | {"method":"GET","url":"/health","statusCode":200}
[2026-05-17T07:20:36.696Z] [INFO] HTTP GET /health | {"method":"GET","url":"/health"}
[2026-05-17T07:20:36.696Z] [INFO] HTTP GET /health | {"method":"GET","url":"/health","statusCode":200,"duration":"1ms"}
[2026-05-17T07:20:41.834Z] [INFO] HTTP GET /health | {"method":"GET","url":"/health"}
[2026-05-17T07:20:41.834Z] [INFO] HTTP GET /health | {"method":"GET","url":"/health"}
[2026-05-17T07:20:41.834Z] [INFO] HTTP GET /health | {"method":"GET","url":"/health","statusCode":200}
[2026-05-17T07:20:41.834Z] [INFO] HTTP GET /health | {"method":"GET","url":"/health","statusCode":200}
[2026-05-17T07:21:06.750Z] [INFO] HTTP GET /health | {"method":"GET","url":"/health"}
[2026-05-17T07:21:06.750Z] [INFO] HTTP GET /health | {"method":"GET","url":"/health","statusCode":200}
[2026-05-17T07:21:11.891Z] [INFO] HTTP GET /health | {"method":"GET","url":"/health"}
[2026-05-17T07:21:11.891Z] [INFO] HTTP GET /health | {"method":"GET","url":"/health"}
[2026-05-17T07:21:11.892Z] [INFO] HTTP GET /health | {"method":"GET","url":"/health","statusCode":200}
[2026-05-17T07:21:11.892Z] [INFO] HTTP GET /health | {"method":"GET","url":"/health","statusCode":200,"duration":"1ms"}
[2026-05-17T07:21:36.806Z] [INFO] HTTP GET /health | {"method":"GET","url":"/health"}
[2026-05-17T07:21:36.806Z] [INFO] HTTP GET /health | {"method":"GET","url":"/health","statusCode":200,"duration":"1ms"}
[2026-05-17T07:21:41.939Z] [INFO] HTTP GET /health | {"method":"GET","url":"/health"}
[2026-05-17T07:21:41.940Z] [INFO] HTTP GET /health | {"method":"GET","url":"/health"}
[2026-05-17T07:21:41.940Z] [INFO] HTTP GET /health | {"method":"GET","url":"/health","statusCode":200,"duration":"1ms"}
[2026-05-17T07:21:41.940Z] [INFO] HTTP GET /health | {"method":"GET","url":"/health","statusCode":200,"duration":"1ms"}
[2026-05-17T07:22:06.860Z] [INFO] HTTP GET /health | {"method":"GET","url":"/health"}
[2026-05-17T07:22:06.861Z] [INFO] HTTP GET /health | {"method":"GET","url":"/health","statusCode":200,"duration":"1ms"}
[2026-05-17T07:22:11.987Z] [INFO] HTTP GET /health | {"method":"GET","url":"/health"}
[2026-05-17T07:22:11.987Z] [INFO] HTTP GET /health | {"method":"GET","url":"/health"}
[2026-05-17T07:22:11.987Z] [INFO] HTTP GET /health | {"method":"GET","url":"/health","statusCode":200}
[2026-05-17T07:22:11.987Z] [INFO] HTTP GET /health | {"method":"GET","url":"/health","statusCode":200}
[2026-05-17T07:22:36.916Z] [INFO] HTTP GET /health | {"method":"GET","url":"/health"}
[2026-05-17T07:22:36.916Z] [INFO] HTTP GET /health | {"method":"GET","url":"/health","statusCode":200}
[2026-05-17T07:22:42.032Z] [INFO] HTTP GET /health | {"method":"GET","url":"/health"}
[2026-05-17T07:22:42.032Z] [INFO] HTTP GET /health | {"method":"GET","url":"/health"}
[2026-05-17T07:22:42.032Z] [INFO] HTTP GET /health | {"method":"GET","url":"/health","statusCode":200}
[2026-05-17T07:22:42.032Z] [INFO] HTTP GET /health | {"method":"GET","url":"/health","statusCode":200}
[2026-05-17T07:23:06.970Z] [INFO] HTTP GET /health | {"method":"GET","url":"/health"}
[2026-05-17T07:23:06.970Z] [INFO] HTTP GET /health | {"method":"GET","url":"/health","statusCode":200}
[2026-05-17T07:23:12.082Z] [INFO] HTTP GET /health | {"method":"GET","url":"/health"}
[2026-05-17T07:23:12.082Z] [INFO] HTTP GET /health | {"method":"GET","url":"/health"}
[2026-05-17T07:23:12.082Z] [INFO] HTTP GET /health | {"method":"GET","url":"/health","statusCode":200}
[2026-05-17T07:23:12.082Z] [INFO] HTTP GET /health | {"method":"GET","url":"/health","statusCode":200}
[2026-05-17T07:23:37.021Z] [INFO] HTTP GET /health | {"method":"GET","url":"/health"}
[2026-05-17T07:23:37.021Z] [INFO] HTTP GET /health | {"method":"GET","url":"/health","statusCode":200}
[2026-05-17T07:23:42.131Z] [INFO] HTTP GET /health | {"method":"GET","url":"/health"}
[2026-05-17T07:23:42.131Z] [INFO] HTTP GET /health | {"method":"GET","url":"/health"}
[2026-05-17T07:23:42.131Z] [INFO] HTTP GET /health | {"method":"GET","url":"/health","statusCode":200}
[2026-05-17T07:23:42.131Z] [INFO] HTTP GET /health | {"method":"GET","url":"/health","statusCode":200}
[2026-05-17T07:24:07.060Z] [INFO] HTTP GET /health | {"method":"GET","url":"/health"}
[2026-05-17T07:24:07.061Z] [INFO] HTTP GET /health | {"method":"GET","url":"/health","statusCode":200,"duration":"1ms"}
[2026-05-17T07:24:12.182Z] [INFO] HTTP GET /health | {"method":"GET","url":"/health"}
[2026-05-17T07:24:12.182Z] [INFO] HTTP GET /health | {"method":"GET","url":"/health"}
[2026-05-17T07:24:12.183Z] [INFO] HTTP GET /health | {"method":"GET","url":"/health","statusCode":200,"duration":"1ms"}
[2026-05-17T07:24:12.183Z] [INFO] HTTP GET /health | {"method":"GET","url":"/health","statusCode":200,"duration":"1ms"}
[2026-05-17T07:24:37.115Z] [INFO] HTTP GET /health | {"method":"GET","url":"/health"}
[2026-05-17T07:24:37.116Z] [INFO] HTTP GET /health | {"method":"GET","url":"/health","statusCode":200,"duration":"1ms"}
[2026-05-17T07:24:42.238Z] [INFO] HTTP GET /health | {"method":"GET","url":"/health"}
[2026-05-17T07:24:42.238Z] [INFO] HTTP GET /health | {"method":"GET","url":"/health"}
[2026-05-17T07:24:42.238Z] [INFO] HTTP GET /health | {"method":"GET","url":"/health","statusCode":200}
[2026-05-17T07:24:42.238Z] [INFO] HTTP GET /health | {"method":"GET","url":"/health","statusCode":200}
[2026-05-17T07:25:07.169Z] [INFO] HTTP GET /health | {"method":"GET","url":"/health"}
[2026-05-17T07:25:07.170Z] [INFO] HTTP GET /health | {"method":"GET","url":"/health","statusCode":200,"duration":"1ms"}
[2026-05-17T07:25:12.283Z] [INFO] HTTP GET /health | {"method":"GET","url":"/health"}
[2026-05-17T07:25:12.283Z] [INFO] HTTP GET /health | {"method":"GET","url":"/health"}
[2026-05-17T07:25:12.283Z] [INFO] HTTP GET /health | {"method":"GET","url":"/health","statusCode":200}
[2026-05-17T07:25:12.283Z] [INFO] HTTP GET /health | {"method":"GET","url":"/health","statusCode":200}
[2026-05-17T07:25:37.227Z] [INFO] HTTP GET /health | {"method":"GET","url":"/health"}
[2026-05-17T07:25:37.228Z] [INFO] HTTP GET /health | {"method":"GET","url":"/health","statusCode":200,"duration":"1ms"}
[2026-05-17T07:25:42.332Z] [INFO] HTTP GET /health | {"method":"GET","url":"/health"}
[2026-05-17T07:25:42.332Z] [INFO] HTTP GET /health | {"method":"GET","url":"/health"}
[2026-05-17T07:25:42.332Z] [INFO] HTTP GET /health | {"method":"GET","url":"/health","statusCode":200}
[2026-05-17T07:25:42.332Z] [INFO] HTTP GET /health | {"method":"GET","url":"/health","statusCode":200}
[2026-05-17T07:26:07.292Z] [INFO] HTTP GET /health | {"method":"GET","url":"/health"}
[2026-05-17T07:26:07.293Z] [INFO] HTTP GET /health | {"method":"GET","url":"/health","statusCode":200,"duration":"1ms"}
[2026-05-17T07:26:12.379Z] [INFO] HTTP GET /health | {"method":"GET","url":"/health"}
[2026-05-17T07:26:12.379Z] [INFO] HTTP GET /health | {"method":"GET","url":"/health"}
[2026-05-17T07:26:12.379Z] [INFO] HTTP GET /health | {"method":"GET","url":"/health","statusCode":200}
[2026-05-17T07:26:12.379Z] [INFO] HTTP GET /health | {"method":"GET","url":"/health","statusCode":200}
[2026-05-17T07:26:37.350Z] [INFO] HTTP GET /health | {"method":"GET","url":"/health"}
[2026-05-17T07:26:37.350Z] [INFO] HTTP GET /health | {"method":"GET","url":"/health","statusCode":200,"duration":"1ms"}
[2026-05-17T07:26:42.438Z] [INFO] HTTP GET /health | {"method":"GET","url":"/health"}
[2026-05-17T07:26:42.439Z] [INFO] HTTP GET /health | {"method":"GET","url":"/health"}
[2026-05-17T07:26:42.439Z] [INFO] HTTP GET /health | {"method":"GET","url":"/health","statusCode":200,"duration":"1ms"}
[2026-05-17T07:26:42.439Z] [INFO] HTTP GET /health | {"method":"GET","url":"/health","statusCode":200}
[2026-05-17T07:27:07.441Z] [INFO] HTTP GET /health | {"method":"GET","url":"/health"}
[2026-05-17T07:27:07.441Z] [INFO] HTTP GET /health | {"method":"GET","url":"/health","statusCode":200,"duration":"1ms"}
[2026-05-17T07:27:12.489Z] [INFO] HTTP GET /health | {"method":"GET","url":"/health"}
[2026-05-17T07:27:12.489Z] [INFO] HTTP GET /health | {"method":"GET","url":"/health","statusCode":200}
[2026-05-17T07:27:12.490Z] [INFO] HTTP GET /health | {"method":"GET","url":"/health"}
[2026-05-17T07:27:12.491Z] [INFO] HTTP GET /health | {"method":"GET","url":"/health","statusCode":200,"duration":"1ms"}
[2026-05-17T07:27:37.503Z] [INFO] HTTP GET /health | {"method":"GET","url":"/health"}
[2026-05-17T07:27:37.503Z] [INFO] HTTP GET /health | {"method":"GET","url":"/health","statusCode":200}
[2026-05-17T07:27:42.540Z] [INFO] HTTP GET /health | {"method":"GET","url":"/health"}
[2026-05-17T07:27:42.540Z] [INFO] HTTP GET /health | {"method":"GET","url":"/health"}
[2026-05-17T07:27:42.540Z] [INFO] HTTP GET /health | {"method":"GET","url":"/health","statusCode":200}
[2026-05-17T07:27:42.541Z] [INFO] HTTP GET /health | {"method":"GET","url":"/health","statusCode":200}
[2026-05-17T07:28:07.556Z] [INFO] HTTP GET /health | {"method":"GET","url":"/health"}
[2026-05-17T07:28:07.556Z] [INFO] HTTP GET /health | {"method":"GET","url":"/health","statusCode":200,"duration":"1ms"}
[2026-05-17T07:28:12.591Z] [INFO] HTTP GET /health | {"method":"GET","url":"/health"}
[2026-05-17T07:28:12.592Z] [INFO] HTTP GET /health | {"method":"GET","url":"/health"}
[2026-05-17T07:28:12.592Z] [INFO] HTTP GET /health | {"method":"GET","url":"/health","statusCode":200,"duration":"1ms"}
[2026-05-17T07:28:12.592Z] [INFO] HTTP GET /health | {"method":"GET","url":"/health","statusCode":200}
[2026-05-17T07:28:37.612Z] [INFO] HTTP GET /health | {"method":"GET","url":"/health"}
[2026-05-17T07:28:37.612Z] [INFO] HTTP GET /health | {"method":"GET","url":"/health","statusCode":200,"duration":"1ms"}
[2026-05-17T07:28:42.636Z] [INFO] HTTP GET /health | {"method":"GET","url":"/health"}
[2026-05-17T07:28:42.636Z] [INFO] HTTP GET /health | {"method":"GET","url":"/health"}
[2026-05-17T07:28:42.636Z] [INFO] HTTP GET /health | {"method":"GET","url":"/health","statusCode":200}
[2026-05-17T07:28:42.637Z] [INFO] HTTP GET /health | {"method":"GET","url":"/health","statusCode":200}
[2026-05-17T07:29:07.663Z] [INFO] HTTP GET /health | {"method":"GET","url":"/health"}
[2026-05-17T07:29:07.663Z] [INFO] HTTP GET /health | {"method":"GET","url":"/health","statusCode":200}
[2026-05-17T07:29:12.684Z] [INFO] HTTP GET /health | {"method":"GET","url":"/health"}
[2026-05-17T07:29:12.684Z] [INFO] HTTP GET /health | {"method":"GET","url":"/health","statusCode":200}
[2026-05-17T07:29:12.685Z] [INFO] HTTP GET /health | {"method":"GET","url":"/health"}
[2026-05-17T07:29:12.685Z] [INFO] HTTP GET /health | {"method":"GET","url":"/health","statusCode":200}
[2026-05-17T07:29:37.712Z] [INFO] HTTP GET /health | {"method":"GET","url":"/health"}
[2026-05-17T07:29:37.712Z] [INFO] HTTP GET /health | {"method":"GET","url":"/health","statusCode":200}
[2026-05-17T07:29:42.730Z] [INFO] HTTP GET /health | {"method":"GET","url":"/health"}
[2026-05-17T07:29:42.731Z] [INFO] HTTP GET /health | {"method":"GET","url":"/health","statusCode":200,"duration":"1ms"}
[2026-05-17T07:29:42.731Z] [INFO] HTTP GET /health | {"method":"GET","url":"/health"}
[2026-05-17T07:29:42.732Z] [INFO] HTTP GET /health | {"method":"GET","url":"/health","statusCode":200,"duration":"1ms"}
[2026-05-17T07:30:07.766Z] [INFO] HTTP GET /health | {"method":"GET","url":"/health"}
[2026-05-17T07:30:07.766Z] [INFO] HTTP GET /health | {"method":"GET","url":"/health","statusCode":200}
[2026-05-17T07:30:12.781Z] [INFO] HTTP GET /health | {"method":"GET","url":"/health"}
[2026-05-17T07:30:12.782Z] [INFO] HTTP GET /health | {"method":"GET","url":"/health"}
[2026-05-17T07:30:12.782Z] [INFO] HTTP GET /health | {"method":"GET","url":"/health","statusCode":200,"duration":"1ms"}
[2026-05-17T07:30:12.782Z] [INFO] HTTP GET /health | {"method":"GET","url":"/health","statusCode":200,"duration":"1ms"}
[2026-05-17T07:30:37.811Z] [INFO] HTTP GET /health | {"method":"GET","url":"/health"}
[2026-05-17T07:30:37.811Z] [INFO] HTTP GET /health | {"method":"GET","url":"/health","statusCode":200}
[2026-05-17T07:30:42.830Z] [INFO] HTTP GET /health | {"method":"GET","url":"/health"}
[2026-05-17T07:30:42.830Z] [INFO] HTTP GET /health | {"method":"GET","url":"/health"}
[2026-05-17T07:30:42.831Z] [INFO] HTTP GET /health | {"method":"GET","url":"/health","statusCode":200,"duration":"1ms"}
[2026-05-17T07:30:42.831Z] [INFO] HTTP GET /health | {"method":"GET","url":"/health","statusCode":200,"duration":"1ms"}
[2026-05-17T07:31:07.869Z] [INFO] HTTP GET /health | {"method":"GET","url":"/health"}
[2026-05-17T07:31:07.869Z] [INFO] HTTP GET /health | {"method":"GET","url":"/health","statusCode":200}
[2026-05-17T07:31:12.885Z] [INFO] HTTP GET /health | {"method":"GET","url":"/health"}
[2026-05-17T07:31:12.885Z] [INFO] HTTP GET /health | {"method":"GET","url":"/health"}
[2026-05-17T07:31:12.885Z] [INFO] HTTP GET /health | {"method":"GET","url":"/health","statusCode":200}
[2026-05-17T07:31:12.885Z] [INFO] HTTP GET /health | {"method":"GET","url":"/health","statusCode":200}
[2026-05-17T07:31:37.937Z] [INFO] HTTP GET /health | {"method":"GET","url":"/health"}
[2026-05-17T07:31:37.938Z] [INFO] HTTP GET /health | {"method":"GET","url":"/health","statusCode":200}
[2026-05-17T07:31:42.943Z] [INFO] HTTP GET /health | {"method":"GET","url":"/health"}
[2026-05-17T07:31:42.943Z] [INFO] HTTP GET /health | {"method":"GET","url":"/health"}
[2026-05-17T07:31:42.943Z] [INFO] HTTP GET /health | {"method":"GET","url":"/health","statusCode":200,"duration":"1ms"}
[2026-05-17T07:31:42.943Z] [INFO] HTTP GET /health | {"method":"GET","url":"/health","statusCode":200}
[2026-05-17T07:32:07.999Z] [INFO] HTTP GET /health | {"method":"GET","url":"/health"}
[2026-05-17T07:32:07.999Z] [INFO] HTTP GET /health | {"method":"GET","url":"/health","statusCode":200}
[2026-05-17T07:32:12.988Z] [INFO] HTTP GET /health | {"method":"GET","url":"/health"}
[2026-05-17T07:32:12.989Z] [INFO] HTTP GET /health | {"method":"GET","url":"/health"}
[2026-05-17T07:32:12.989Z] [INFO] HTTP GET /health | {"method":"GET","url":"/health","statusCode":200,"duration":"1ms"}
[2026-05-17T07:32:12.989Z] [INFO] HTTP GET /health | {"method":"GET","url":"/health","statusCode":200,"duration":"1ms"}
[2026-05-17T07:32:38.049Z] [INFO] HTTP GET /health | {"method":"GET","url":"/health"}
[2026-05-17T07:32:38.049Z] [INFO] HTTP GET /health | {"method":"GET","url":"/health","statusCode":200}
[2026-05-17T07:32:43.038Z] [INFO] HTTP GET /health | {"method":"GET","url":"/health"}
[2026-05-17T07:32:43.039Z] [INFO] HTTP GET /health | {"method":"GET","url":"/health"}
[2026-05-17T07:32:43.038Z] [INFO] HTTP GET /health | {"method":"GET","url":"/health","statusCode":200}
[2026-05-17T07:32:43.039Z] [INFO] HTTP GET /health | {"method":"GET","url":"/health","statusCode":200}
[2026-05-17T07:33:08.106Z] [INFO] HTTP GET /health | {"method":"GET","url":"/health"}
[2026-05-17T07:33:08.106Z] [INFO] HTTP GET /health | {"method":"GET","url":"/health","statusCode":200}
[2026-05-17T07:33:13.088Z] [INFO] HTTP GET /health | {"method":"GET","url":"/health"}
[2026-05-17T07:33:13.088Z] [INFO] HTTP GET /health | {"method":"GET","url":"/health"}
[2026-05-17T07:33:13.088Z] [INFO] HTTP GET /health | {"method":"GET","url":"/health","statusCode":200}
[2026-05-17T07:33:13.088Z] [INFO] HTTP GET /health | {"method":"GET","url":"/health","statusCode":200}
[2026-05-17T07:33:38.166Z] [INFO] HTTP GET /health | {"method":"GET","url":"/health"}
[2026-05-17T07:33:38.166Z] [INFO] HTTP GET /health | {"method":"GET","url":"/health","statusCode":200}
[2026-05-17T07:33:43.146Z] [INFO] HTTP GET /health | {"method":"GET","url":"/health"}
[2026-05-17T07:33:43.146Z] [INFO] HTTP GET /health | {"method":"GET","url":"/health"}
[2026-05-17T07:33:43.146Z] [INFO] HTTP GET /health | {"method":"GET","url":"/health","statusCode":200}
[2026-05-17T07:33:43.146Z] [INFO] HTTP GET /health | {"method":"GET","url":"/health","statusCode":200}
[2026-05-17T07:34:08.232Z] [INFO] HTTP GET /health | {"method":"GET","url":"/health"}
[2026-05-17T07:34:08.233Z] [INFO] HTTP GET /health | {"method":"GET","url":"/health","statusCode":200,"duration":"1ms"}
[2026-05-17T07:34:13.204Z] [INFO] HTTP GET /health | {"method":"GET","url":"/health"}
[2026-05-17T07:34:13.204Z] [INFO] HTTP GET /health | {"method":"GET","url":"/health"}
[2026-05-17T07:34:13.204Z] [INFO] HTTP GET /health | {"method":"GET","url":"/health","statusCode":200}
[2026-05-17T07:34:13.204Z] [INFO] HTTP GET /health | {"method":"GET","url":"/health","statusCode":200}
[2026-05-17T07:34:38.283Z] [INFO] HTTP GET /health | {"method":"GET","url":"/health"}
[2026-05-17T07:34:38.284Z] [INFO] HTTP GET /health | {"method":"GET","url":"/health","statusCode":200,"duration":"1ms"}
[2026-05-17T07:34:43.252Z] [INFO] HTTP GET /health | {"method":"GET","url":"/health"}
[2026-05-17T07:34:43.252Z] [INFO] HTTP GET /health | {"method":"GET","url":"/health"}
[2026-05-17T07:34:43.252Z] [INFO] HTTP GET /health | {"method":"GET","url":"/health","statusCode":200}
[2026-05-17T07:34:43.252Z] [INFO] HTTP GET /health | {"method":"GET","url":"/health","statusCode":200}
[2026-05-17T07:35:08.342Z] [INFO] HTTP GET /health | {"method":"GET","url":"/health"}
[2026-05-17T07:35:08.342Z] [INFO] HTTP GET /health | {"method":"GET","url":"/health","statusCode":200,"duration":"1ms"}
[2026-05-17T07:35:13.306Z] [INFO] HTTP GET /health | {"method":"GET","url":"/health"}
[2026-05-17T07:35:13.306Z] [INFO] HTTP GET /health | {"method":"GET","url":"/health"}
[2026-05-17T07:35:13.306Z] [INFO] HTTP GET /health | {"method":"GET","url":"/health","statusCode":200}
[2026-05-17T07:35:13.307Z] [INFO] HTTP GET /health | {"method":"GET","url":"/health","statusCode":200,"duration":"1ms"}
[2026-05-17T07:35:38.386Z] [INFO] HTTP GET /health | {"method":"GET","url":"/health"}
[2026-05-17T07:35:38.387Z] [INFO] HTTP GET /health | {"method":"GET","url":"/health","statusCode":200}
[2026-05-17T07:35:43.354Z] [INFO] HTTP GET /health | {"method":"GET","url":"/health"}
[2026-05-17T07:35:43.354Z] [INFO] HTTP GET /health | {"method":"GET","url":"/health"}
[2026-05-17T07:35:43.354Z] [INFO] HTTP GET /health | {"method":"GET","url":"/health","statusCode":200}
[2026-05-17T07:35:43.354Z] [INFO] HTTP GET /health | {"method":"GET","url":"/health","statusCode":200}
[2026-05-17T07:36:08.436Z] [INFO] HTTP GET /health | {"method":"GET","url":"/health"}
[2026-05-17T07:36:08.437Z] [INFO] HTTP GET /health | {"method":"GET","url":"/health","statusCode":200,"duration":"1ms"}
[2026-05-17T07:36:13.412Z] [INFO] HTTP GET /health | {"method":"GET","url":"/health"}
[2026-05-17T07:36:13.412Z] [INFO] HTTP GET /health | {"method":"GET","url":"/health"}
[2026-05-17T07:36:13.412Z] [INFO] HTTP GET /health | {"method":"GET","url":"/health","statusCode":200}
[2026-05-17T07:36:13.412Z] [INFO] HTTP GET /health | {"method":"GET","url":"/health","statusCode":200}
[2026-05-17T07:36:38.485Z] [INFO] HTTP GET /health | {"method":"GET","url":"/health"}
[2026-05-17T07:36:38.485Z] [INFO] HTTP GET /health | {"method":"GET","url":"/health","statusCode":200}
[2026-05-17T07:36:43.466Z] [INFO] HTTP GET /health | {"method":"GET","url":"/health"}
[2026-05-17T07:36:43.466Z] [INFO] HTTP GET /health | {"method":"GET","url":"/health"}
[2026-05-17T07:36:43.466Z] [INFO] HTTP GET /health | {"method":"GET","url":"/health","statusCode":200,"duration":"1ms"}
[2026-05-17T07:36:43.466Z] [INFO] HTTP GET /health | {"method":"GET","url":"/health","statusCode":200}
[2026-05-17T07:37:08.539Z] [INFO] HTTP GET /health | {"method":"GET","url":"/health"}
[2026-05-17T07:37:08.540Z] [INFO] HTTP GET /health | {"method":"GET","url":"/health","statusCode":200,"duration":"1ms"}
[2026-05-17T07:37:13.515Z] [INFO] HTTP GET /health | {"method":"GET","url":"/health"}
[2026-05-17T07:37:13.515Z] [INFO] HTTP GET /health | {"method":"GET","url":"/health"}
[2026-05-17T07:37:13.515Z] [INFO] HTTP GET /health | {"method":"GET","url":"/health","statusCode":200}
[2026-05-17T07:37:13.516Z] [INFO] HTTP GET /health | {"method":"GET","url":"/health","statusCode":200,"duration":"1ms"}
[2026-05-17T07:37:38.598Z] [INFO] HTTP GET /health | {"method":"GET","url":"/health"}
[2026-05-17T07:37:38.598Z] [INFO] HTTP GET /health | {"method":"GET","url":"/health","statusCode":200}
[2026-05-17T07:37:43.569Z] [INFO] HTTP GET /health | {"method":"GET","url":"/health"}
[2026-05-17T07:37:43.569Z] [INFO] HTTP GET /health | {"method":"GET","url":"/health"}
[2026-05-17T07:37:43.569Z] [INFO] HTTP GET /health | {"method":"GET","url":"/health","statusCode":200}
[2026-05-17T07:37:43.569Z] [INFO] HTTP GET /health | {"method":"GET","url":"/health","statusCode":200}
[2026-05-17T07:38:08.638Z] [INFO] HTTP GET /health | {"method":"GET","url":"/health"}
[2026-05-17T07:38:08.638Z] [INFO] HTTP GET /health | {"method":"GET","url":"/health","statusCode":200}
[2026-05-17T07:38:13.616Z] [INFO] HTTP GET /health | {"method":"GET","url":"/health"}
[2026-05-17T07:38:13.616Z] [INFO] HTTP GET /health | {"method":"GET","url":"/health"}
[2026-05-17T07:38:13.616Z] [INFO] HTTP GET /health | {"method":"GET","url":"/health","statusCode":200}
[2026-05-17T07:38:13.616Z] [INFO] HTTP GET /health | {"method":"GET","url":"/health","statusCode":200}
[2026-05-17T07:38:38.685Z] [INFO] HTTP GET /health | {"method":"GET","url":"/health"}
[2026-05-17T07:38:38.685Z] [INFO] HTTP GET /health | {"method":"GET","url":"/health","statusCode":200,"duration":"1ms"}
[2026-05-17T07:38:43.665Z] [INFO] HTTP GET /health | {"method":"GET","url":"/health"}
[2026-05-17T07:38:43.665Z] [INFO] HTTP GET /health | {"method":"GET","url":"/health"}
[2026-05-17T07:38:43.665Z] [INFO] HTTP GET /health | {"method":"GET","url":"/health","statusCode":200}
[2026-05-17T07:38:43.665Z] [INFO] HTTP GET /health | {"method":"GET","url":"/health","statusCode":200}
[2026-05-17T07:39:08.742Z] [INFO] HTTP GET /health | {"method":"GET","url":"/health"}
[2026-05-17T07:39:08.742Z] [INFO] HTTP GET /health | {"method":"GET","url":"/health","statusCode":200}
[2026-05-17T07:39:13.717Z] [INFO] HTTP GET /health | {"method":"GET","url":"/health"}
[2026-05-17T07:39:13.717Z] [INFO] HTTP GET /health | {"method":"GET","url":"/health"}
[2026-05-17T07:39:13.717Z] [INFO] HTTP GET /health | {"method":"GET","url":"/health","statusCode":200,"duration":"1ms"}
[2026-05-17T07:39:13.717Z] [INFO] HTTP GET /health | {"method":"GET","url":"/health","statusCode":200,"duration":"1ms"}
[2026-05-17T07:39:38.798Z] [INFO] HTTP GET /health | {"method":"GET","url":"/health"}
[2026-05-17T07:39:38.798Z] [INFO] HTTP GET /health | {"method":"GET","url":"/health","statusCode":200,"duration":"1ms"}
[2026-05-17T07:39:43.762Z] [INFO] HTTP GET /health | {"method":"GET","url":"/health"}
[2026-05-17T07:39:43.762Z] [INFO] HTTP GET /health | {"method":"GET","url":"/health","statusCode":200}
[2026-05-17T07:39:43.763Z] [INFO] HTTP GET /health | {"method":"GET","url":"/health"}
[2026-05-17T07:39:43.763Z] [INFO] HTTP GET /health | {"method":"GET","url":"/health","statusCode":200}
[2026-05-17T07:40:08.847Z] [INFO] HTTP GET /health | {"method":"GET","url":"/health"}
[2026-05-17T07:40:08.847Z] [INFO] HTTP GET /health | {"method":"GET","url":"/health","statusCode":200}
[2026-05-17T07:40:13.805Z] [INFO] HTTP GET /health | {"method":"GET","url":"/health"}
[2026-05-17T07:40:13.805Z] [INFO] HTTP GET /health | {"method":"GET","url":"/health"}
[2026-05-17T07:40:13.805Z] [INFO] HTTP GET /health | {"method":"GET","url":"/health","statusCode":200}
[2026-05-17T07:40:13.805Z] [INFO] HTTP GET /health | {"method":"GET","url":"/health","statusCode":200}
[2026-05-17T07:40:38.898Z] [INFO] HTTP GET /health | {"method":"GET","url":"/health"}
[2026-05-17T07:40:38.898Z] [INFO] HTTP GET /health | {"method":"GET","url":"/health","statusCode":200}
[2026-05-17T07:40:43.853Z] [INFO] HTTP GET /health | {"method":"GET","url":"/health"}
[2026-05-17T07:40:43.854Z] [INFO] HTTP GET /health | {"method":"GET","url":"/health"}
[2026-05-17T07:40:43.854Z] [INFO] HTTP GET /health | {"method":"GET","url":"/health","statusCode":200,"duration":"1ms"}
[2026-05-17T07:40:43.854Z] [INFO] HTTP GET /health | {"method":"GET","url":"/health","statusCode":200}
[2026-05-17T07:41:08.954Z] [INFO] HTTP GET /health | {"method":"GET","url":"/health"}
[2026-05-17T07:41:08.954Z] [INFO] HTTP GET /health | {"method":"GET","url":"/health","statusCode":200}
[2026-05-17T07:41:13.903Z] [INFO] HTTP GET /health | {"method":"GET","url":"/health"}
[2026-05-17T07:41:13.903Z] [INFO] HTTP GET /health | {"method":"GET","url":"/health"}
[2026-05-17T07:41:13.904Z] [INFO] HTTP GET /health | {"method":"GET","url":"/health","statusCode":200,"duration":"1ms"}
[2026-05-17T07:41:13.904Z] [INFO] HTTP GET /health | {"method":"GET","url":"/health","statusCode":200,"duration":"1ms"}
[2026-05-17T07:41:39.009Z] [INFO] HTTP GET /health | {"method":"GET","url":"/health"}
[2026-05-17T07:41:39.009Z] [INFO] HTTP GET /health | {"method":"GET","url":"/health","statusCode":200}
[2026-05-17T07:41:43.930Z] [INFO] HTTP GET /health | {"method":"GET","url":"/health"}
[2026-05-17T07:41:43.930Z] [INFO] HTTP GET /health | {"method":"GET","url":"/health"}
[2026-05-17T07:41:43.931Z] [INFO] HTTP GET /health | {"method":"GET","url":"/health","statusCode":200,"duration":"1ms"}
[2026-05-17T07:41:43.931Z] [INFO] HTTP GET /health | {"method":"GET","url":"/health","statusCode":200,"duration":"1ms"}
[2026-05-17T07:42:09.054Z] [INFO] HTTP GET /health | {"method":"GET","url":"/health"}
[2026-05-17T07:42:09.054Z] [INFO] HTTP GET /health | {"method":"GET","url":"/health","statusCode":200}
[2026-05-17T07:42:13.987Z] [INFO] HTTP GET /health | {"method":"GET","url":"/health"}
[2026-05-17T07:42:13.988Z] [INFO] HTTP GET /health | {"method":"GET","url":"/health"}
[2026-05-17T07:42:13.987Z] [INFO] HTTP GET /health | {"method":"GET","url":"/health","statusCode":200}
[2026-05-17T07:42:13.988Z] [INFO] HTTP GET /health | {"method":"GET","url":"/health","statusCode":200}
[2026-05-17T07:42:39.118Z] [INFO] HTTP GET /health | {"method":"GET","url":"/health"}
[2026-05-17T07:42:39.119Z] [INFO] HTTP GET /health | {"method":"GET","url":"/health","statusCode":200,"duration":"1ms"}
[2026-05-17T07:42:44.035Z] [INFO] HTTP GET /health | {"method":"GET","url":"/health"}
[2026-05-17T07:42:44.035Z] [INFO] HTTP GET /health | {"method":"GET","url":"/health"}
[2026-05-17T07:42:44.035Z] [INFO] HTTP GET /health | {"method":"GET","url":"/health","statusCode":200}
[2026-05-17T07:42:44.035Z] [INFO] HTTP GET /health | {"method":"GET","url":"/health","statusCode":200}
[2026-05-17T07:43:09.178Z] [INFO] HTTP GET /health | {"method":"GET","url":"/health"}
[2026-05-17T07:43:09.178Z] [INFO] HTTP GET /health | {"method":"GET","url":"/health","statusCode":200}
[2026-05-17T07:43:14.066Z] [INFO] HTTP GET /health | {"method":"GET","url":"/health"}
[2026-05-17T07:43:14.066Z] [INFO] HTTP GET /health | {"method":"GET","url":"/health"}
[2026-05-17T07:43:14.066Z] [INFO] HTTP GET /health | {"method":"GET","url":"/health","statusCode":200}
[2026-05-17T07:43:14.067Z] [INFO] HTTP GET /health | {"method":"GET","url":"/health","statusCode":200,"duration":"1ms"}
[2026-05-17T07:43:39.233Z] [INFO] HTTP GET /health | {"method":"GET","url":"/health"}
[2026-05-17T07:43:39.234Z] [INFO] HTTP GET /health | {"method":"GET","url":"/health","statusCode":200,"duration":"1ms"}
[2026-05-17T07:43:44.095Z] [INFO] HTTP GET /health | {"method":"GET","url":"/health"}
[2026-05-17T07:43:44.096Z] [INFO] HTTP GET /health | {"method":"GET","url":"/health"}
[2026-05-17T07:43:44.095Z] [INFO] HTTP GET /health | {"method":"GET","url":"/health","statusCode":200}
[2026-05-17T07:43:44.096Z] [INFO] HTTP GET /health | {"method":"GET","url":"/health","statusCode":200,"duration":"1ms"}
[2026-05-17T07:44:09.293Z] [INFO] HTTP GET /health | {"method":"GET","url":"/health"}
[2026-05-17T07:44:09.293Z] [INFO] HTTP GET /health | {"method":"GET","url":"/health","statusCode":200}
[2026-05-17T07:44:14.124Z] [INFO] HTTP GET /health | {"method":"GET","url":"/health"}
[2026-05-17T07:44:14.124Z] [INFO] HTTP GET /health | {"method":"GET","url":"/health"}
[2026-05-17T07:44:14.124Z] [INFO] HTTP GET /health | {"method":"GET","url":"/health","statusCode":200}
[2026-05-17T07:44:14.124Z] [INFO] HTTP GET /health | {"method":"GET","url":"/health","statusCode":200}
[2026-05-17T07:44:39.359Z] [INFO] HTTP GET /health | {"method":"GET","url":"/health"}
[2026-05-17T07:44:39.359Z] [INFO] HTTP GET /health | {"method":"GET","url":"/health","statusCode":200}
[2026-05-17T07:44:44.158Z] [INFO] HTTP GET /health | {"method":"GET","url":"/health"}
[2026-05-17T07:44:44.158Z] [INFO] HTTP GET /health | {"method":"GET","url":"/health"}
[2026-05-17T07:44:44.158Z] [INFO] HTTP GET /health | {"method":"GET","url":"/health","statusCode":200,"duration":"1ms"}
[2026-05-17T07:44:44.158Z] [INFO] HTTP GET /health | {"method":"GET","url":"/health","statusCode":200}
[2026-05-17T07:45:09.412Z] [INFO] HTTP GET /health | {"method":"GET","url":"/health"}
[2026-05-17T07:45:09.412Z] [INFO] HTTP GET /health | {"method":"GET","url":"/health","statusCode":200,"duration":"1ms"}
[2026-05-17T07:45:14.192Z] [INFO] HTTP GET /health | {"method":"GET","url":"/health"}
[2026-05-17T07:45:14.192Z] [INFO] HTTP GET /health | {"method":"GET","url":"/health"}
[2026-05-17T07:45:14.192Z] [INFO] HTTP GET /health | {"method":"GET","url":"/health","statusCode":200}
[2026-05-17T07:45:14.192Z] [INFO] HTTP GET /health | {"method":"GET","url":"/health","statusCode":200}
[2026-05-17T07:45:39.448Z] [INFO] HTTP GET /health | {"method":"GET","url":"/health"}
[2026-05-17T07:45:39.448Z] [INFO] HTTP GET /health | {"method":"GET","url":"/health","statusCode":200}
[2026-05-17T07:45:44.235Z] [INFO] HTTP GET /health | {"method":"GET","url":"/health"}
[2026-05-17T07:45:44.235Z] [INFO] HTTP GET /health | {"method":"GET","url":"/health"}
[2026-05-17T07:45:44.235Z] [INFO] HTTP GET /health | {"method":"GET","url":"/health","statusCode":200}
[2026-05-17T07:45:44.236Z] [INFO] HTTP GET /health | {"method":"GET","url":"/health","statusCode":200,"duration":"1ms"}
[2026-05-17T07:46:09.497Z] [INFO] HTTP GET /health | {"method":"GET","url":"/health"}
[2026-05-17T07:46:09.497Z] [INFO] HTTP GET /health | {"method":"GET","url":"/health","statusCode":200}
[2026-05-17T07:46:14.280Z] [INFO] HTTP GET /health | {"method":"GET","url":"/health"}
[2026-05-17T07:46:14.280Z] [INFO] HTTP GET /health | {"method":"GET","url":"/health"}
[2026-05-17T07:46:14.280Z] [INFO] HTTP GET /health | {"method":"GET","url":"/health","statusCode":200}
[2026-05-17T07:46:14.280Z] [INFO] HTTP GET /health | {"method":"GET","url":"/health","statusCode":200}
[2026-05-17T07:46:39.558Z] [INFO] HTTP GET /health | {"method":"GET","url":"/health"}
[2026-05-17T07:46:39.558Z] [INFO] HTTP GET /health | {"method":"GET","url":"/health","statusCode":200}
[2026-05-17T07:46:44.331Z] [INFO] HTTP GET /health | {"method":"GET","url":"/health"}
[2026-05-17T07:46:44.331Z] [INFO] HTTP GET /health | {"method":"GET","url":"/health"}
[2026-05-17T07:46:44.331Z] [INFO] HTTP GET /health | {"method":"GET","url":"/health","statusCode":200}
[2026-05-17T07:46:44.332Z] [INFO] HTTP GET /health | {"method":"GET","url":"/health","statusCode":200,"duration":"1ms"}
[2026-05-17T07:47:09.624Z] [INFO] HTTP GET /health | {"method":"GET","url":"/health"}
[2026-05-17T07:47:09.624Z] [INFO] HTTP GET /health | {"method":"GET","url":"/health","statusCode":200}
[2026-05-17T07:47:14.365Z] [INFO] HTTP GET /health | {"method":"GET","url":"/health"}
[2026-05-17T07:47:14.366Z] [INFO] HTTP GET /health | {"method":"GET","url":"/health"}
[2026-05-17T07:47:14.366Z] [INFO] HTTP GET /health | {"method":"GET","url":"/health","statusCode":200,"duration":"1ms"}
[2026-05-17T07:47:14.366Z] [INFO] HTTP GET /health | {"method":"GET","url":"/health","statusCode":200,"duration":"1ms"}
[2026-05-17T07:47:39.673Z] [INFO] HTTP GET /health | {"method":"GET","url":"/health"}
[2026-05-17T07:47:39.673Z] [INFO] HTTP GET /health | {"method":"GET","url":"/health","statusCode":200}
[2026-05-17T07:47:44.425Z] [INFO] HTTP GET /health | {"method":"GET","url":"/health"}
[2026-05-17T07:47:44.425Z] [INFO] HTTP GET /health | {"method":"GET","url":"/health"}
[2026-05-17T07:47:44.425Z] [INFO] HTTP GET /health | {"method":"GET","url":"/health","statusCode":200,"duration":"1ms"}
[2026-05-17T07:47:44.425Z] [INFO] HTTP GET /health | {"method":"GET","url":"/health","statusCode":200}
[2026-05-17T07:48:09.721Z] [INFO] HTTP GET /health | {"method":"GET","url":"/health"}
[2026-05-17T07:48:09.721Z] [INFO] HTTP GET /health | {"method":"GET","url":"/health","statusCode":200}
[2026-05-17T07:48:14.479Z] [INFO] HTTP GET /health | {"method":"GET","url":"/health"}
[2026-05-17T07:48:14.479Z] [INFO] HTTP GET /health | {"method":"GET","url":"/health"}
[2026-05-17T07:48:14.479Z] [INFO] HTTP GET /health | {"method":"GET","url":"/health","statusCode":200}
[2026-05-17T07:48:14.480Z] [INFO] HTTP GET /health | {"method":"GET","url":"/health","statusCode":200,"duration":"1ms"}
[2026-05-17T07:48:39.765Z] [INFO] HTTP GET /health | {"method":"GET","url":"/health"}
[2026-05-17T07:48:39.765Z] [INFO] HTTP GET /health | {"method":"GET","url":"/health","statusCode":200}
[2026-05-17T07:48:44.532Z] [INFO] HTTP GET /health | {"method":"GET","url":"/health"}
[2026-05-17T07:48:44.532Z] [INFO] HTTP GET /health | {"method":"GET","url":"/health"}
[2026-05-17T07:48:44.532Z] [INFO] HTTP GET /health | {"method":"GET","url":"/health","statusCode":200}
[2026-05-17T07:48:44.533Z] [INFO] HTTP GET /health | {"method":"GET","url":"/health","statusCode":200}
[2026-05-17T07:49:09.823Z] [INFO] HTTP GET /health | {"method":"GET","url":"/health"}
[2026-05-17T07:49:09.824Z] [INFO] HTTP GET /health | {"method":"GET","url":"/health","statusCode":200,"duration":"1ms"}
[2026-05-17T07:49:14.574Z] [INFO] HTTP GET /health | {"method":"GET","url":"/health"}
[2026-05-17T07:49:14.574Z] [INFO] HTTP GET /health | {"method":"GET","url":"/health"}
[2026-05-17T07:49:14.574Z] [INFO] HTTP GET /health | {"method":"GET","url":"/health","statusCode":200}
[2026-05-17T07:49:14.574Z] [INFO] HTTP GET /health | {"method":"GET","url":"/health","statusCode":200}
[2026-05-17T07:49:39.876Z] [INFO] HTTP GET /health | {"method":"GET","url":"/health"}
[2026-05-17T07:49:39.876Z] [INFO] HTTP GET /health | {"method":"GET","url":"/health","statusCode":200}
[2026-05-17T07:49:44.632Z] [INFO] HTTP GET /health | {"method":"GET","url":"/health"}
[2026-05-17T07:49:44.633Z] [INFO] HTTP GET /health | {"method":"GET","url":"/health"}
[2026-05-17T07:49:44.633Z] [INFO] HTTP GET /health | {"method":"GET","url":"/health","statusCode":200,"duration":"1ms"}
[2026-05-17T07:49:44.633Z] [INFO] HTTP GET /health | {"method":"GET","url":"/health","statusCode":200}
[2026-05-17T07:50:09.923Z] [INFO] HTTP GET /health | {"method":"GET","url":"/health"}
[2026-05-17T07:50:09.923Z] [INFO] HTTP GET /health | {"method":"GET","url":"/health","statusCode":200}
[2026-05-17T07:50:14.682Z] [INFO] HTTP GET /health | {"method":"GET","url":"/health"}
[2026-05-17T07:50:14.682Z] [INFO] HTTP GET /health | {"method":"GET","url":"/health"}
[2026-05-17T07:50:14.683Z] [INFO] HTTP GET /health | {"method":"GET","url":"/health","statusCode":200,"duration":"1ms"}
[2026-05-17T07:50:14.682Z] [INFO] HTTP GET /health | {"method":"GET","url":"/health","statusCode":200}
[2026-05-17T07:50:39.977Z] [INFO] HTTP GET /health | {"method":"GET","url":"/health"}
[2026-05-17T07:50:39.978Z] [INFO] HTTP GET /health | {"method":"GET","url":"/health","statusCode":200,"duration":"1ms"}
[2026-05-17T07:50:44.742Z] [INFO] HTTP GET /health | {"method":"GET","url":"/health"}
[2026-05-17T07:50:44.742Z] [INFO] HTTP GET /health | {"method":"GET","url":"/health"}
[2026-05-17T07:50:44.742Z] [INFO] HTTP GET /health | {"method":"GET","url":"/health","statusCode":200}
[2026-05-17T07:50:44.743Z] [INFO] HTTP GET /health | {"method":"GET","url":"/health","statusCode":200,"duration":"1ms"}
[2026-05-17T07:51:10.031Z] [INFO] HTTP GET /health | {"method":"GET","url":"/health"}
[2026-05-17T07:51:10.031Z] [INFO] HTTP GET /health | {"method":"GET","url":"/health","statusCode":200,"duration":"1ms"}
[2026-05-17T07:51:14.805Z] [INFO] HTTP GET /health | {"method":"GET","url":"/health"}
[2026-05-17T07:51:14.805Z] [INFO] HTTP GET /health | {"method":"GET","url":"/health"}
[2026-05-17T07:51:14.805Z] [INFO] HTTP GET /health | {"method":"GET","url":"/health","statusCode":200}
[2026-05-17T07:51:14.805Z] [INFO] HTTP GET /health | {"method":"GET","url":"/health","statusCode":200}
[2026-05-17T07:51:40.080Z] [INFO] HTTP GET /health | {"method":"GET","url":"/health"}
[2026-05-17T07:51:40.080Z] [INFO] HTTP GET /health | {"method":"GET","url":"/health","statusCode":200}
[2026-05-17T07:51:44.859Z] [INFO] HTTP GET /health | {"method":"GET","url":"/health"}
[2026-05-17T07:51:44.860Z] [INFO] HTTP GET /health | {"method":"GET","url":"/health"}
[2026-05-17T07:51:44.860Z] [INFO] HTTP GET /health | {"method":"GET","url":"/health","statusCode":200}
[2026-05-17T07:51:44.860Z] [INFO] HTTP GET /health | {"method":"GET","url":"/health","statusCode":200,"duration":"1ms"}
[2026-05-17T07:52:10.139Z] [INFO] HTTP GET /health | {"method":"GET","url":"/health"}
[2026-05-17T07:52:10.139Z] [INFO] HTTP GET /health | {"method":"GET","url":"/health","statusCode":200}
[2026-05-17T07:52:14.922Z] [INFO] HTTP GET /health | {"method":"GET","url":"/health"}
[2026-05-17T07:52:14.922Z] [INFO] HTTP GET /health | {"method":"GET","url":"/health"}
[2026-05-17T07:52:14.922Z] [INFO] HTTP GET /health | {"method":"GET","url":"/health","statusCode":200}
[2026-05-17T07:52:14.922Z] [INFO] HTTP GET /health | {"method":"GET","url":"/health","statusCode":200}
[2026-05-17T07:52:40.197Z] [INFO] HTTP GET /health | {"method":"GET","url":"/health"}
[2026-05-17T07:52:40.197Z] [INFO] HTTP GET /health | {"method":"GET","url":"/health","statusCode":200}
[2026-05-17T07:52:44.976Z] [INFO] HTTP GET /health | {"method":"GET","url":"/health"}
[2026-05-17T07:52:44.976Z] [INFO] HTTP GET /health | {"method":"GET","url":"/health"}
[2026-05-17T07:52:44.976Z] [INFO] HTTP GET /health | {"method":"GET","url":"/health","statusCode":200}
[2026-05-17T07:52:44.976Z] [INFO] HTTP GET /health | {"method":"GET","url":"/health","statusCode":200}
[2026-05-17T07:53:10.257Z] [INFO] HTTP GET /health | {"method":"GET","url":"/health"}
[2026-05-17T07:53:10.257Z] [INFO] HTTP GET /health | {"method":"GET","url":"/health","statusCode":200}
[2026-05-17T07:53:15.033Z] [INFO] HTTP GET /health | {"method":"GET","url":"/health"}
[2026-05-17T07:53:15.033Z] [INFO] HTTP GET /health | {"method":"GET","url":"/health"}
[2026-05-17T07:53:15.033Z] [INFO] HTTP GET /health | {"method":"GET","url":"/health","statusCode":200}
[2026-05-17T07:53:15.033Z] [INFO] HTTP GET /health | {"method":"GET","url":"/health","statusCode":200}
[2026-05-17T07:53:40.313Z] [INFO] HTTP GET /health | {"method":"GET","url":"/health"}
[2026-05-17T07:53:40.313Z] [INFO] HTTP GET /health | {"method":"GET","url":"/health","statusCode":200,"duration":"1ms"}
[2026-05-17T07:53:45.088Z] [INFO] HTTP GET /health | {"method":"GET","url":"/health"}
[2026-05-17T07:53:45.088Z] [INFO] HTTP GET /health | {"method":"GET","url":"/health"}
[2026-05-17T07:53:45.088Z] [INFO] HTTP GET /health | {"method":"GET","url":"/health","statusCode":200}
[2026-05-17T07:53:45.088Z] [INFO] HTTP GET /health | {"method":"GET","url":"/health","statusCode":200}
[2026-05-17T07:54:10.370Z] [INFO] HTTP GET /health | {"method":"GET","url":"/health"}
[2026-05-17T07:54:10.370Z] [INFO] HTTP GET /health | {"method":"GET","url":"/health","statusCode":200}
[2026-05-17T07:54:15.137Z] [INFO] HTTP GET /health | {"method":"GET","url":"/health"}
[2026-05-17T07:54:15.138Z] [INFO] HTTP GET /health | {"method":"GET","url":"/health"}
[2026-05-17T07:54:15.137Z] [INFO] HTTP GET /health | {"method":"GET","url":"/health","statusCode":200}
[2026-05-17T07:54:15.138Z] [INFO] HTTP GET /health | {"method":"GET","url":"/health","statusCode":200,"duration":"1ms"}
[2026-05-17T07:54:40.431Z] [INFO] HTTP GET /health | {"method":"GET","url":"/health"}
[2026-05-17T07:54:40.431Z] [INFO] HTTP GET /health | {"method":"GET","url":"/health","statusCode":200}
[2026-05-17T07:54:45.184Z] [INFO] HTTP GET /health | {"method":"GET","url":"/health"}
[2026-05-17T07:54:45.185Z] [INFO] HTTP GET /health | {"method":"GET","url":"/health"}
[2026-05-17T07:54:45.184Z] [INFO] HTTP GET /health | {"method":"GET","url":"/health","statusCode":200}
[2026-05-17T07:54:45.185Z] [INFO] HTTP GET /health | {"method":"GET","url":"/health","statusCode":200}
[2026-05-17T07:55:10.479Z] [INFO] HTTP GET /health | {"method":"GET","url":"/health"}
[2026-05-17T07:55:10.480Z] [INFO] HTTP GET /health | {"method":"GET","url":"/health","statusCode":200,"duration":"1ms"}
[2026-05-17T07:55:15.238Z] [INFO] HTTP GET /health | {"method":"GET","url":"/health"}
[2026-05-17T07:55:15.239Z] [INFO] HTTP GET /health | {"method":"GET","url":"/health"}
[2026-05-17T07:55:15.238Z] [INFO] HTTP GET /health | {"method":"GET","url":"/health","statusCode":200}
[2026-05-17T07:55:15.239Z] [INFO] HTTP GET /health | {"method":"GET","url":"/health","statusCode":200,"duration":"1ms"}
[2026-05-17T07:55:40.531Z] [INFO] HTTP GET /health | {"method":"GET","url":"/health"}
[2026-05-17T07:55:40.531Z] [INFO] HTTP GET /health | {"method":"GET","url":"/health","statusCode":200}
[2026-05-17T07:55:45.294Z] [INFO] HTTP GET /health | {"method":"GET","url":"/health"}
[2026-05-17T07:55:45.294Z] [INFO] HTTP GET /health | {"method":"GET","url":"/health"}
[2026-05-17T07:55:45.294Z] [INFO] HTTP GET /health | {"method":"GET","url":"/health","statusCode":200}
[2026-05-17T07:55:45.294Z] [INFO] HTTP GET /health | {"method":"GET","url":"/health","statusCode":200}
[2026-05-17T07:56:10.604Z] [INFO] HTTP GET /health | {"method":"GET","url":"/health"}
[2026-05-17T07:56:10.605Z] [INFO] HTTP GET /health | {"method":"GET","url":"/health","statusCode":200,"duration":"1ms"}
[2026-05-17T07:56:15.358Z] [INFO] HTTP GET /health | {"method":"GET","url":"/health"}
[2026-05-17T07:56:15.359Z] [INFO] HTTP GET /health | {"method":"GET","url":"/health"}
[2026-05-17T07:56:15.359Z] [INFO] HTTP GET /health | {"method":"GET","url":"/health","statusCode":200,"duration":"1ms"}
[2026-05-17T07:56:15.359Z] [INFO] HTTP GET /health | {"method":"GET","url":"/health","statusCode":200,"duration":"1ms"}
[2026-05-17T07:56:40.675Z] [INFO] HTTP GET /health | {"method":"GET","url":"/health"}
[2026-05-17T07:56:40.675Z] [INFO] HTTP GET /health | {"method":"GET","url":"/health","statusCode":200,"duration":"1ms"}
[2026-05-17T07:56:45.407Z] [INFO] HTTP GET /health | {"method":"GET","url":"/health"}
[2026-05-17T07:56:45.408Z] [INFO] HTTP GET /health | {"method":"GET","url":"/health"}
[2026-05-17T07:56:45.408Z] [INFO] HTTP GET /health | {"method":"GET","url":"/health","statusCode":200,"duration":"1ms"}
[2026-05-17T07:56:45.408Z] [INFO] HTTP GET /health | {"method":"GET","url":"/health","statusCode":200}
[2026-05-17T07:57:10.718Z] [INFO] HTTP GET /health | {"method":"GET","url":"/health"}
[2026-05-17T07:57:10.718Z] [INFO] HTTP GET /health | {"method":"GET","url":"/health","statusCode":200}
[2026-05-17T07:57:15.452Z] [INFO] HTTP GET /health | {"method":"GET","url":"/health"}
[2026-05-17T07:57:15.452Z] [INFO] HTTP GET /health | {"method":"GET","url":"/health"}
[2026-05-17T07:57:15.452Z] [INFO] HTTP GET /health | {"method":"GET","url":"/health","statusCode":200}
[2026-05-17T07:57:15.452Z] [INFO] HTTP GET /health | {"method":"GET","url":"/health","statusCode":200}
[2026-05-17T07:57:40.769Z] [INFO] HTTP GET /health | {"method":"GET","url":"/health"}
[2026-05-17T07:57:40.769Z] [INFO] HTTP GET /health | {"method":"GET","url":"/health","statusCode":200}
[2026-05-17T07:57:45.497Z] [INFO] HTTP GET /health | {"method":"GET","url":"/health"}
[2026-05-17T07:57:45.498Z] [INFO] HTTP GET /health | {"method":"GET","url":"/health"}
[2026-05-17T07:57:45.498Z] [INFO] HTTP GET /health | {"method":"GET","url":"/health","statusCode":200,"duration":"1ms"}
[2026-05-17T07:57:45.498Z] [INFO] HTTP GET /health | {"method":"GET","url":"/health","statusCode":200,"duration":"1ms"}
[2026-05-17T07:58:10.827Z] [INFO] HTTP GET /health | {"method":"GET","url":"/health"}
[2026-05-17T07:58:10.827Z] [INFO] HTTP GET /health | {"method":"GET","url":"/health","statusCode":200}
[2026-05-17T07:58:15.556Z] [INFO] HTTP GET /health | {"method":"GET","url":"/health"}
[2026-05-17T07:58:15.556Z] [INFO] HTTP GET /health | {"method":"GET","url":"/health"}
[2026-05-17T07:58:15.556Z] [INFO] HTTP GET /health | {"method":"GET","url":"/health","statusCode":200}
[2026-05-17T07:58:15.556Z] [INFO] HTTP GET /health | {"method":"GET","url":"/health","statusCode":200}
[2026-05-17T07:58:40.882Z] [INFO] HTTP GET /health | {"method":"GET","url":"/health"}
[2026-05-17T07:58:40.882Z] [INFO] HTTP GET /health | {"method":"GET","url":"/health","statusCode":200}
[2026-05-17T07:58:45.607Z] [INFO] HTTP GET /health | {"method":"GET","url":"/health"}
[2026-05-17T07:58:45.607Z] [INFO] HTTP GET /health | {"method":"GET","url":"/health"}
[2026-05-17T07:58:45.608Z] [INFO] HTTP GET /health | {"method":"GET","url":"/health","statusCode":200}
[2026-05-17T07:58:45.607Z] [INFO] HTTP GET /health | {"method":"GET","url":"/health","statusCode":200}
[2026-05-17T07:59:10.932Z] [INFO] HTTP GET /health | {"method":"GET","url":"/health"}
[2026-05-17T07:59:10.932Z] [INFO] HTTP GET /health | {"method":"GET","url":"/health","statusCode":200}
[2026-05-17T07:59:15.644Z] [INFO] HTTP GET /health | {"method":"GET","url":"/health"}
[2026-05-17T07:59:15.644Z] [INFO] HTTP GET /health | {"method":"GET","url":"/health"}
[2026-05-17T07:59:15.644Z] [INFO] HTTP GET /health | {"method":"GET","url":"/health","statusCode":200,"duration":"1ms"}
[2026-05-17T07:59:15.644Z] [INFO] HTTP GET /health | {"method":"GET","url":"/health","statusCode":200}
[2026-05-17T07:59:40.983Z] [INFO] HTTP GET /health | {"method":"GET","url":"/health"}
[2026-05-17T07:59:40.983Z] [INFO] HTTP GET /health | {"method":"GET","url":"/health","statusCode":200}
[2026-05-17T07:59:45.679Z] [INFO] HTTP GET /health | {"method":"GET","url":"/health"}
[2026-05-17T07:59:45.679Z] [INFO] HTTP GET /health | {"method":"GET","url":"/health"}
[2026-05-17T07:59:45.679Z] [INFO] HTTP GET /health | {"method":"GET","url":"/health","statusCode":200}
[2026-05-17T07:59:45.679Z] [INFO] HTTP GET /health | {"method":"GET","url":"/health","statusCode":200}
[2026-05-17T08:00:11.036Z] [INFO] HTTP GET /health | {"method":"GET","url":"/health"}
[2026-05-17T08:00:11.036Z] [INFO] HTTP GET /health | {"method":"GET","url":"/health","statusCode":200}
[2026-05-17T08:00:15.722Z] [INFO] HTTP GET /health | {"method":"GET","url":"/health"}
[2026-05-17T08:00:15.722Z] [INFO] HTTP GET /health | {"method":"GET","url":"/health"}
[2026-05-17T08:00:15.722Z] [INFO] HTTP GET /health | {"method":"GET","url":"/health","statusCode":200}
[2026-05-17T08:00:15.722Z] [INFO] HTTP GET /health | {"method":"GET","url":"/health","statusCode":200}
[2026-05-17T08:00:41.088Z] [INFO] HTTP GET /health | {"method":"GET","url":"/health"}
[2026-05-17T08:00:41.089Z] [INFO] HTTP GET /health | {"method":"GET","url":"/health","statusCode":200,"duration":"1ms"}
[2026-05-17T08:00:45.764Z] [INFO] HTTP GET /health | {"method":"GET","url":"/health"}
[2026-05-17T08:00:45.764Z] [INFO] HTTP GET /health | {"method":"GET","url":"/health"}
[2026-05-17T08:00:45.764Z] [INFO] HTTP GET /health | {"method":"GET","url":"/health","statusCode":200,"duration":"1ms"}
[2026-05-17T08:00:45.764Z] [INFO] HTTP GET /health | {"method":"GET","url":"/health","statusCode":200}
[2026-05-17T08:01:11.144Z] [INFO] HTTP GET /health | {"method":"GET","url":"/health"}
[2026-05-17T08:01:11.144Z] [INFO] HTTP GET /health | {"method":"GET","url":"/health","statusCode":200,"duration":"1ms"}
[2026-05-17T08:01:15.821Z] [INFO] HTTP GET /health | {"method":"GET","url":"/health"}
[2026-05-17T08:01:15.821Z] [INFO] HTTP GET /health | {"method":"GET","url":"/health"}
[2026-05-17T08:01:15.821Z] [INFO] HTTP GET /health | {"method":"GET","url":"/health","statusCode":200,"duration":"1ms"}
[2026-05-17T08:01:15.821Z] [INFO] HTTP GET /health | {"method":"GET","url":"/health","statusCode":200}
[2026-05-17T08:01:41.194Z] [INFO] HTTP GET /health | {"method":"GET","url":"/health"}
[2026-05-17T08:01:41.194Z] [INFO] HTTP GET /health | {"method":"GET","url":"/health","statusCode":200,"duration":"1ms"}
[2026-05-17T08:01:45.874Z] [INFO] HTTP GET /health | {"method":"GET","url":"/health"}
[2026-05-17T08:01:45.874Z] [INFO] HTTP GET /health | {"method":"GET","url":"/health"}
[2026-05-17T08:01:45.874Z] [INFO] HTTP GET /health | {"method":"GET","url":"/health","statusCode":200}
[2026-05-17T08:01:45.875Z] [INFO] HTTP GET /health | {"method":"GET","url":"/health","statusCode":200,"duration":"1ms"}
[2026-05-17T08:02:11.244Z] [INFO] HTTP GET /health | {"method":"GET","url":"/health"}
[2026-05-17T08:02:11.244Z] [INFO] HTTP GET /health | {"method":"GET","url":"/health","statusCode":200}
[2026-05-17T08:02:15.926Z] [INFO] HTTP GET /health | {"method":"GET","url":"/health"}
[2026-05-17T08:02:15.927Z] [INFO] HTTP GET /health | {"method":"GET","url":"/health"}
[2026-05-17T08:02:15.926Z] [INFO] HTTP GET /health | {"method":"GET","url":"/health","statusCode":200}
[2026-05-17T08:02:15.927Z] [INFO] HTTP GET /health | {"method":"GET","url":"/health","statusCode":200}
[2026-05-17T08:02:41.298Z] [INFO] HTTP GET /health | {"method":"GET","url":"/health"}
[2026-05-17T08:02:41.298Z] [INFO] HTTP GET /health | {"method":"GET","url":"/health","statusCode":200}
[2026-05-17T08:02:45.982Z] [INFO] HTTP GET /health | {"method":"GET","url":"/health"}
[2026-05-17T08:02:45.982Z] [INFO] HTTP GET /health | {"method":"GET","url":"/health"}
[2026-05-17T08:02:45.982Z] [INFO] HTTP GET /health | {"method":"GET","url":"/health","statusCode":200}
[2026-05-17T08:02:45.982Z] [INFO] HTTP GET /health | {"method":"GET","url":"/health","statusCode":200}
[2026-05-17T08:03:11.365Z] [INFO] HTTP GET /health | {"method":"GET","url":"/health"}
[2026-05-17T08:03:11.365Z] [INFO] HTTP GET /health | {"method":"GET","url":"/health","statusCode":200}
[2026-05-17T08:03:16.043Z] [INFO] HTTP GET /health | {"method":"GET","url":"/health"}
[2026-05-17T08:03:16.043Z] [INFO] HTTP GET /health | {"method":"GET","url":"/health"}
[2026-05-17T08:03:16.044Z] [INFO] HTTP GET /health | {"method":"GET","url":"/health","statusCode":200}
[2026-05-17T08:03:16.044Z] [INFO] HTTP GET /health | {"method":"GET","url":"/health","statusCode":200}
[2026-05-17T08:03:41.419Z] [INFO] HTTP GET /health | {"method":"GET","url":"/health"}
[2026-05-17T08:03:41.419Z] [INFO] HTTP GET /health | {"method":"GET","url":"/health","statusCode":200,"duration":"1ms"}
[2026-05-17T08:03:46.085Z] [INFO] HTTP GET /health | {"method":"GET","url":"/health"}
[2026-05-17T08:03:46.086Z] [INFO] HTTP GET /health | {"method":"GET","url":"/health"}
[2026-05-17T08:03:46.086Z] [INFO] HTTP GET /health | {"method":"GET","url":"/health","statusCode":200,"duration":"1ms"}
[2026-05-17T08:03:46.086Z] [INFO] HTTP GET /health | {"method":"GET","url":"/health","statusCode":200}
[2026-05-17T08:04:11.467Z] [INFO] HTTP GET /health | {"method":"GET","url":"/health"}
[2026-05-17T08:04:11.467Z] [INFO] HTTP GET /health | {"method":"GET","url":"/health","statusCode":200}
[2026-05-17T08:04:16.152Z] [INFO] HTTP GET /health | {"method":"GET","url":"/health"}
[2026-05-17T08:04:16.153Z] [INFO] HTTP GET /health | {"method":"GET","url":"/health"}
[2026-05-17T08:04:16.152Z] [INFO] HTTP GET /health | {"method":"GET","url":"/health","statusCode":200}
[2026-05-17T08:04:16.153Z] [INFO] HTTP GET /health | {"method":"GET","url":"/health","statusCode":200,"duration":"1ms"}
[2026-05-17T08:04:41.514Z] [INFO] HTTP GET /health | {"method":"GET","url":"/health"}
[2026-05-17T08:04:41.514Z] [INFO] HTTP GET /health | {"method":"GET","url":"/health","statusCode":200}
[2026-05-17T08:04:46.208Z] [INFO] HTTP GET /health | {"method":"GET","url":"/health"}
[2026-05-17T08:04:46.209Z] [INFO] HTTP GET /health | {"method":"GET","url":"/health"}
[2026-05-17T08:04:46.208Z] [INFO] HTTP GET /health | {"method":"GET","url":"/health","statusCode":200}
[2026-05-17T08:04:46.209Z] [INFO] HTTP GET /health | {"method":"GET","url":"/health","statusCode":200}
[2026-05-17T08:05:11.567Z] [INFO] HTTP GET /health | {"method":"GET","url":"/health"}
[2026-05-17T08:05:11.567Z] [INFO] HTTP GET /health | {"method":"GET","url":"/health","statusCode":200,"duration":"1ms"}
[2026-05-17T08:05:16.261Z] [INFO] HTTP GET /health | {"method":"GET","url":"/health"}
[2026-05-17T08:05:16.261Z] [INFO] HTTP GET /health | {"method":"GET","url":"/health"}
[2026-05-17T08:05:16.261Z] [INFO] HTTP GET /health | {"method":"GET","url":"/health","statusCode":200}
[2026-05-17T08:05:16.261Z] [INFO] HTTP GET /health | {"method":"GET","url":"/health","statusCode":200}
[2026-05-17T08:05:23.918Z] [WARN] Critical project detected | {"projectId":"69f726d86dac1655e72089b2","projectName":"DC3 Migration","status":"critical","issues":["2 milestones are overdue"],"overdueMilestones":2,"totalMilestones":10,"completionRate":20}
[2026-05-17T08:05:23.918Z] [INFO] Monitoring report generated | {"totalProjects":1,"critical":1,"warning":0,"healthy":0}
[2026-05-17T08:05:23.919Z] [ERROR] Critical projects detected! | {"count":1,"projects":[{"name":"DC3 Migration","issues":["2 milestones are overdue"]}]}
[2026-05-17T08:05:41.637Z] [INFO] HTTP GET /health | {"method":"GET","url":"/health"}
[2026-05-17T08:05:41.638Z] [INFO] HTTP GET /health | {"method":"GET","url":"/health","statusCode":200,"duration":"1ms"}
[2026-05-17T08:05:46.311Z] [INFO] HTTP GET /health | {"method":"GET","url":"/health"}
[2026-05-17T08:05:46.311Z] [INFO] HTTP GET /health | {"method":"GET","url":"/health"}
[2026-05-17T08:05:46.311Z] [INFO] HTTP GET /health | {"method":"GET","url":"/health","statusCode":200}
[2026-05-17T08:05:46.311Z] [INFO] HTTP GET /health | {"method":"GET","url":"/health","statusCode":200}
[2026-05-17T08:06:11.700Z] [INFO] HTTP GET /health | {"method":"GET","url":"/health"}
[2026-05-17T08:06:11.701Z] [INFO] HTTP GET /health | {"method":"GET","url":"/health","statusCode":200,"duration":"1ms"}
[2026-05-17T08:06:16.366Z] [INFO] HTTP GET /health | {"method":"GET","url":"/health"}
[2026-05-17T08:06:16.366Z] [INFO] HTTP GET /health | {"method":"GET","url":"/health"}
[2026-05-17T08:06:16.366Z] [INFO] HTTP GET /health | {"method":"GET","url":"/health","statusCode":200}
[2026-05-17T08:06:16.366Z] [INFO] HTTP GET /health | {"method":"GET","url":"/health","statusCode":200}
[2026-05-17T08:06:41.757Z] [INFO] HTTP GET /health | {"method":"GET","url":"/health"}
[2026-05-17T08:06:41.757Z] [INFO] HTTP GET /health | {"method":"GET","url":"/health","statusCode":200,"duration":"1ms"}
[2026-05-17T08:06:46.423Z] [INFO] HTTP GET /health | {"method":"GET","url":"/health"}
[2026-05-17T08:06:46.423Z] [INFO] HTTP GET /health | {"method":"GET","url":"/health"}
[2026-05-17T08:06:46.423Z] [INFO] HTTP GET /health | {"method":"GET","url":"/health","statusCode":200}
[2026-05-17T08:06:46.423Z] [INFO] HTTP GET /health | {"method":"GET","url":"/health","statusCode":200}
[2026-05-17T08:07:11.823Z] [INFO] HTTP GET /health | {"method":"GET","url":"/health"}
[2026-05-17T08:07:11.823Z] [INFO] HTTP GET /health | {"method":"GET","url":"/health","statusCode":200}
[2026-05-17T08:07:16.473Z] [INFO] HTTP GET /health | {"method":"GET","url":"/health"}
[2026-05-17T08:07:16.473Z] [INFO] HTTP GET /health | {"method":"GET","url":"/health"}
[2026-05-17T08:07:16.473Z] [INFO] HTTP GET /health | {"method":"GET","url":"/health","statusCode":200}
[2026-05-17T08:07:16.473Z] [INFO] HTTP GET /health | {"method":"GET","url":"/health","statusCode":200}
[2026-05-17T08:07:41.852Z] [INFO] HTTP GET /health | {"method":"GET","url":"/health"}
[2026-05-17T08:07:41.852Z] [INFO] HTTP GET /health | {"method":"GET","url":"/health","statusCode":200,"duration":"1ms"}
[2026-05-17T08:07:46.517Z] [INFO] HTTP GET /health | {"method":"GET","url":"/health"}
[2026-05-17T08:07:46.517Z] [INFO] HTTP GET /health | {"method":"GET","url":"/health","statusCode":200}
[2026-05-17T08:07:46.519Z] [INFO] HTTP GET /health | {"method":"GET","url":"/health"}
[2026-05-17T08:07:46.521Z] [INFO] HTTP GET /health | {"method":"GET","url":"/health","statusCode":200,"duration":"2ms"}
[2026-05-17T08:08:11.899Z] [INFO] HTTP GET /health | {"method":"GET","url":"/health"}
[2026-05-17T08:08:11.899Z] [INFO] HTTP GET /health | {"method":"GET","url":"/health","statusCode":200}
[2026-05-17T08:08:16.570Z] [INFO] HTTP GET /health | {"method":"GET","url":"/health"}
[2026-05-17T08:08:16.570Z] [INFO] HTTP GET /health | {"method":"GET","url":"/health","statusCode":200}
[2026-05-17T08:08:16.571Z] [INFO] HTTP GET /health | {"method":"GET","url":"/health"}
[2026-05-17T08:08:16.572Z] [INFO] HTTP GET /health | {"method":"GET","url":"/health","statusCode":200,"duration":"1ms"}
[2026-05-17T08:08:41.952Z] [INFO] HTTP GET /health | {"method":"GET","url":"/health"}
[2026-05-17T08:08:41.953Z] [INFO] HTTP GET /health | {"method":"GET","url":"/health","statusCode":200,"duration":"1ms"}
[2026-05-17T08:08:46.632Z] [INFO] HTTP GET /health | {"method":"GET","url":"/health"}
[2026-05-17T08:08:46.632Z] [INFO] HTTP GET /health | {"method":"GET","url":"/health","statusCode":200}
[2026-05-17T08:08:46.633Z] [INFO] HTTP GET /health | {"method":"GET","url":"/health"}
[2026-05-17T08:08:46.633Z] [INFO] HTTP GET /health | {"method":"GET","url":"/health","statusCode":200}
[2026-05-17T08:09:12.006Z] [INFO] HTTP GET /health | {"method":"GET","url":"/health"}
[2026-05-17T08:09:12.006Z] [INFO] HTTP GET /health | {"method":"GET","url":"/health","statusCode":200}
[2026-05-17T08:09:16.685Z] [INFO] HTTP GET /health | {"method":"GET","url":"/health"}
[2026-05-17T08:09:16.685Z] [INFO] HTTP GET /health | {"method":"GET","url":"/health"}
[2026-05-17T08:09:16.685Z] [INFO] HTTP GET /health | {"method":"GET","url":"/health","statusCode":200}
[2026-05-17T08:09:16.685Z] [INFO] HTTP GET /health | {"method":"GET","url":"/health","statusCode":200}
[2026-05-17T08:09:42.054Z] [INFO] HTTP GET /health | {"method":"GET","url":"/health"}
[2026-05-17T08:09:42.054Z] [INFO] HTTP GET /health | {"method":"GET","url":"/health","statusCode":200}
[2026-05-17T08:09:46.719Z] [INFO] HTTP GET /health | {"method":"GET","url":"/health"}
[2026-05-17T08:09:46.719Z] [INFO] HTTP GET /health | {"method":"GET","url":"/health"}
[2026-05-17T08:09:46.719Z] [INFO] HTTP GET /health | {"method":"GET","url":"/health","statusCode":200}
[2026-05-17T08:09:46.720Z] [INFO] HTTP GET /health | {"method":"GET","url":"/health","statusCode":200,"duration":"1ms"}
[2026-05-17T08:10:12.109Z] [INFO] HTTP GET /health | {"method":"GET","url":"/health"}
[2026-05-17T08:10:12.109Z] [INFO] HTTP GET /health | {"method":"GET","url":"/health","statusCode":200}
[2026-05-17T08:10:16.771Z] [INFO] HTTP GET /health | {"method":"GET","url":"/health"}
[2026-05-17T08:10:16.771Z] [INFO] HTTP GET /health | {"method":"GET","url":"/health","statusCode":200}
[2026-05-17T08:10:16.771Z] [INFO] HTTP GET /health | {"method":"GET","url":"/health"}
[2026-05-17T08:10:16.771Z] [INFO] HTTP GET /health | {"method":"GET","url":"/health","statusCode":200}
[2026-05-17T08:10:42.165Z] [INFO] HTTP GET /health | {"method":"GET","url":"/health"}
[2026-05-17T08:10:42.165Z] [INFO] HTTP GET /health | {"method":"GET","url":"/health","statusCode":200}
[2026-05-17T08:10:46.825Z] [INFO] HTTP GET /health | {"method":"GET","url":"/health"}
[2026-05-17T08:10:46.826Z] [INFO] HTTP GET /health | {"method":"GET","url":"/health"}
[2026-05-17T08:10:46.825Z] [INFO] HTTP GET /health | {"method":"GET","url":"/health","statusCode":200}
[2026-05-17T08:10:46.826Z] [INFO] HTTP GET /health | {"method":"GET","url":"/health","statusCode":200}
[2026-05-17T08:11:12.231Z] [INFO] HTTP GET /health | {"method":"GET","url":"/health"}
[2026-05-17T08:11:12.231Z] [INFO] HTTP GET /health | {"method":"GET","url":"/health","statusCode":200,"duration":"1ms"}
[2026-05-17T08:11:16.897Z] [INFO] HTTP GET /health | {"method":"GET","url":"/health"}
[2026-05-17T08:11:16.897Z] [INFO] HTTP GET /health | {"method":"GET","url":"/health"}
[2026-05-17T08:11:16.897Z] [INFO] HTTP GET /health | {"method":"GET","url":"/health","statusCode":200}
[2026-05-17T08:11:16.898Z] [INFO] HTTP GET /health | {"method":"GET","url":"/health","statusCode":200,"duration":"1ms"}
[2026-05-17T08:11:42.299Z] [INFO] HTTP GET /health | {"method":"GET","url":"/health"}
[2026-05-17T08:11:42.299Z] [INFO] HTTP GET /health | {"method":"GET","url":"/health","statusCode":200}
[2026-05-17T08:11:46.950Z] [INFO] HTTP GET /health | {"method":"GET","url":"/health"}
[2026-05-17T08:11:46.950Z] [INFO] HTTP GET /health | {"method":"GET","url":"/health"}
[2026-05-17T08:11:46.950Z] [INFO] HTTP GET /health | {"method":"GET","url":"/health","statusCode":200}
[2026-05-17T08:11:46.950Z] [INFO] HTTP GET /health | {"method":"GET","url":"/health","statusCode":200}
[2026-05-17T08:12:12.358Z] [INFO] HTTP GET /health | {"method":"GET","url":"/health"}
[2026-05-17T08:12:12.358Z] [INFO] HTTP GET /health | {"method":"GET","url":"/health","statusCode":200}
[2026-05-17T08:12:16.991Z] [INFO] HTTP GET /health | {"method":"GET","url":"/health"}
[2026-05-17T08:12:16.992Z] [INFO] HTTP GET /health | {"method":"GET","url":"/health"}
[2026-05-17T08:12:16.992Z] [INFO] HTTP GET /health | {"method":"GET","url":"/health","statusCode":200}
[2026-05-17T08:12:16.992Z] [INFO] HTTP GET /health | {"method":"GET","url":"/health","statusCode":200,"duration":"1ms"}
[2026-05-17T08:12:42.416Z] [INFO] HTTP GET /health | {"method":"GET","url":"/health"}
[2026-05-17T08:12:42.416Z] [INFO] HTTP GET /health | {"method":"GET","url":"/health","statusCode":200}
[2026-05-17T08:12:47.032Z] [INFO] HTTP GET /health | {"method":"GET","url":"/health"}
[2026-05-17T08:12:47.032Z] [INFO] HTTP GET /health | {"method":"GET","url":"/health"}
[2026-05-17T08:12:47.032Z] [INFO] HTTP GET /health | {"method":"GET","url":"/health","statusCode":200}
[2026-05-17T08:12:47.032Z] [INFO] HTTP GET /health | {"method":"GET","url":"/health","statusCode":200}
[2026-05-17T08:13:12.482Z] [INFO] HTTP GET /health | {"method":"GET","url":"/health"}
[2026-05-17T08:13:12.483Z] [INFO] HTTP GET /health | {"method":"GET","url":"/health","statusCode":200,"duration":"1ms"}
[2026-05-17T08:13:17.059Z] [INFO] HTTP GET /health | {"method":"GET","url":"/health"}
[2026-05-17T08:13:17.059Z] [INFO] HTTP GET /health | {"method":"GET","url":"/health"}
[2026-05-17T08:13:17.059Z] [INFO] HTTP GET /health | {"method":"GET","url":"/health","statusCode":200}
[2026-05-17T08:13:17.059Z] [INFO] HTTP GET /health | {"method":"GET","url":"/health","statusCode":200}
[2026-05-17T08:13:42.542Z] [INFO] HTTP GET /health | {"method":"GET","url":"/health"}
[2026-05-17T08:13:42.542Z] [INFO] HTTP GET /health | {"method":"GET","url":"/health","statusCode":200}
[2026-05-17T08:13:47.106Z] [INFO] HTTP GET /health | {"method":"GET","url":"/health"}
[2026-05-17T08:13:47.106Z] [INFO] HTTP GET /health | {"method":"GET","url":"/health"}
[2026-05-17T08:13:47.106Z] [INFO] HTTP GET /health | {"method":"GET","url":"/health","statusCode":200}
[2026-05-17T08:13:47.106Z] [INFO] HTTP GET /health | {"method":"GET","url":"/health","statusCode":200}
[2026-05-17T08:14:12.609Z] [INFO] HTTP GET /health | {"method":"GET","url":"/health"}
[2026-05-17T08:14:12.609Z] [INFO] HTTP GET /health | {"method":"GET","url":"/health","statusCode":200,"duration":"1ms"}
[2026-05-17T08:14:17.150Z] [INFO] HTTP GET /health | {"method":"GET","url":"/health"}
[2026-05-17T08:14:17.150Z] [INFO] HTTP GET /health | {"method":"GET","url":"/health"}
[2026-05-17T08:14:17.150Z] [INFO] HTTP GET /health | {"method":"GET","url":"/health","statusCode":200}
[2026-05-17T08:14:17.151Z] [INFO] HTTP GET /health | {"method":"GET","url":"/health","statusCode":200,"duration":"1ms"}
[2026-05-17T08:14:42.676Z] [INFO] HTTP GET /health | {"method":"GET","url":"/health"}
[2026-05-17T08:14:42.676Z] [INFO] HTTP GET /health | {"method":"GET","url":"/health","statusCode":200}
[2026-05-17T08:14:47.200Z] [INFO] HTTP GET /health | {"method":"GET","url":"/health"}
[2026-05-17T08:14:47.200Z] [INFO] HTTP GET /health | {"method":"GET","url":"/health"}
[2026-05-17T08:14:47.200Z] [INFO] HTTP GET /health | {"method":"GET","url":"/health","statusCode":200}
[2026-05-17T08:14:47.201Z] [INFO] HTTP GET /health | {"method":"GET","url":"/health","statusCode":200}
[2026-05-17T08:15:12.701Z] [INFO] HTTP GET /health | {"method":"GET","url":"/health"}
[2026-05-17T08:15:12.701Z] [INFO] HTTP GET /health | {"method":"GET","url":"/health","statusCode":200,"duration":"1ms"}
[2026-05-17T08:15:17.215Z] [INFO] HTTP GET /health | {"method":"GET","url":"/health"}
[2026-05-17T08:15:17.216Z] [INFO] HTTP GET /health | {"method":"GET","url":"/health"}
[2026-05-17T08:15:17.215Z] [INFO] HTTP GET /health | {"method":"GET","url":"/health","statusCode":200}
[2026-05-17T08:15:17.216Z] [INFO] HTTP GET /health | {"method":"GET","url":"/health","statusCode":200}
[2026-05-17T08:15:42.751Z] [INFO] HTTP GET /health | {"method":"GET","url":"/health"}
[2026-05-17T08:15:42.751Z] [INFO] HTTP GET /health | {"method":"GET","url":"/health","statusCode":200,"duration":"1ms"}
[2026-05-17T08:15:47.251Z] [INFO] HTTP GET /health | {"method":"GET","url":"/health"}
[2026-05-17T08:15:47.252Z] [INFO] HTTP GET /health | {"method":"GET","url":"/health"}
[2026-05-17T08:15:47.251Z] [INFO] HTTP GET /health | {"method":"GET","url":"/health","statusCode":200}
[2026-05-17T08:15:47.252Z] [INFO] HTTP GET /health | {"method":"GET","url":"/health","statusCode":200,"duration":"1ms"}
[2026-05-17T08:16:12.803Z] [INFO] HTTP GET /health | {"method":"GET","url":"/health"}
[2026-05-17T08:16:12.803Z] [INFO] HTTP GET /health | {"method":"GET","url":"/health","statusCode":200}
[2026-05-17T08:16:17.311Z] [INFO] HTTP GET /health | {"method":"GET","url":"/health"}
[2026-05-17T08:16:17.311Z] [INFO] HTTP GET /health | {"method":"GET","url":"/health"}
[2026-05-17T08:16:17.311Z] [INFO] HTTP GET /health | {"method":"GET","url":"/health","statusCode":200}
[2026-05-17T08:16:17.311Z] [INFO] HTTP GET /health | {"method":"GET","url":"/health","statusCode":200}
[2026-05-17T08:16:42.858Z] [INFO] HTTP GET /health | {"method":"GET","url":"/health"}
[2026-05-17T08:16:42.858Z] [INFO] HTTP GET /health | {"method":"GET","url":"/health","statusCode":200}
[2026-05-17T08:16:47.361Z] [INFO] HTTP GET /health | {"method":"GET","url":"/health"}
[2026-05-17T08:16:47.361Z] [INFO] HTTP GET /health | {"method":"GET","url":"/health"}
[2026-05-17T08:16:47.361Z] [INFO] HTTP GET /health | {"method":"GET","url":"/health","statusCode":200}
[2026-05-17T08:16:47.361Z] [INFO] HTTP GET /health | {"method":"GET","url":"/health","statusCode":200}
[2026-05-17T08:17:12.915Z] [INFO] HTTP GET /health | {"method":"GET","url":"/health"}
[2026-05-17T08:17:12.916Z] [INFO] HTTP GET /health | {"method":"GET","url":"/health","statusCode":200,"duration":"1ms"}
[2026-05-17T08:17:17.401Z] [INFO] HTTP GET /health | {"method":"GET","url":"/health"}
[2026-05-17T08:17:17.402Z] [INFO] HTTP GET /health | {"method":"GET","url":"/health"}
[2026-05-17T08:17:17.402Z] [INFO] HTTP GET /health | {"method":"GET","url":"/health","statusCode":200,"duration":"1ms"}
[2026-05-17T08:17:17.402Z] [INFO] HTTP GET /health | {"method":"GET","url":"/health","statusCode":200}
[2026-05-17T08:17:42.963Z] [INFO] HTTP GET /health | {"method":"GET","url":"/health"}
[2026-05-17T08:17:42.963Z] [INFO] HTTP GET /health | {"method":"GET","url":"/health","statusCode":200}
[2026-05-17T08:17:47.453Z] [INFO] HTTP GET /health | {"method":"GET","url":"/health"}
[2026-05-17T08:17:47.453Z] [INFO] HTTP GET /health | {"method":"GET","url":"/health"}
[2026-05-17T08:17:47.453Z] [INFO] HTTP GET /health | {"method":"GET","url":"/health","statusCode":200}
[2026-05-17T08:17:47.453Z] [INFO] HTTP GET /health | {"method":"GET","url":"/health","statusCode":200}
[2026-05-17T08:18:13.039Z] [INFO] HTTP GET /health | {"method":"GET","url":"/health"}
[2026-05-17T08:18:13.039Z] [INFO] HTTP GET /health | {"method":"GET","url":"/health","statusCode":200,"duration":"1ms"}
[2026-05-17T08:18:17.491Z] [INFO] HTTP GET /health | {"method":"GET","url":"/health"}
[2026-05-17T08:18:17.491Z] [INFO] HTTP GET /health | {"method":"GET","url":"/health","statusCode":200}
[2026-05-17T08:18:17.491Z] [INFO] HTTP GET /health | {"method":"GET","url":"/health"}
[2026-05-17T08:18:17.492Z] [INFO] HTTP GET /health | {"method":"GET","url":"/health","statusCode":200,"duration":"1ms"}
[2026-05-17T08:18:43.101Z] [INFO] HTTP GET /health | {"method":"GET","url":"/health"}
[2026-05-17T08:18:43.101Z] [INFO] HTTP GET /health | {"method":"GET","url":"/health","statusCode":200}
[2026-05-17T08:18:47.544Z] [INFO] HTTP GET /health | {"method":"GET","url":"/health"}
[2026-05-17T08:18:47.544Z] [INFO] HTTP GET /health | {"method":"GET","url":"/health"}
[2026-05-17T08:18:47.544Z] [INFO] HTTP GET /health | {"method":"GET","url":"/health","statusCode":200,"duration":"1ms"}
[2026-05-17T08:18:47.545Z] [INFO] HTTP GET /health | {"method":"GET","url":"/health","statusCode":200,"duration":"1ms"}
[2026-05-17T08:19:13.157Z] [INFO] HTTP GET /health | {"method":"GET","url":"/health"}
[2026-05-17T08:19:13.157Z] [INFO] HTTP GET /health | {"method":"GET","url":"/health","statusCode":200}
[2026-05-17T08:19:17.590Z] [INFO] HTTP GET /health | {"method":"GET","url":"/health"}
[2026-05-17T08:19:17.590Z] [INFO] HTTP GET /health | {"method":"GET","url":"/health"}
[2026-05-17T08:19:17.590Z] [INFO] HTTP GET /health | {"method":"GET","url":"/health","statusCode":200,"duration":"1ms"}
[2026-05-17T08:19:17.590Z] [INFO] HTTP GET /health | {"method":"GET","url":"/health","statusCode":200}
[2026-05-17T08:19:43.230Z] [INFO] HTTP GET /health | {"method":"GET","url":"/health"}
[2026-05-17T08:19:43.231Z] [INFO] HTTP GET /health | {"method":"GET","url":"/health","statusCode":200,"duration":"1ms"}
[2026-05-17T08:19:47.642Z] [INFO] HTTP GET /health | {"method":"GET","url":"/health"}
[2026-05-17T08:19:47.642Z] [INFO] HTTP GET /health | {"method":"GET","url":"/health"}
[2026-05-17T08:19:47.642Z] [INFO] HTTP GET /health | {"method":"GET","url":"/health","statusCode":200}
[2026-05-17T08:19:47.642Z] [INFO] HTTP GET /health | {"method":"GET","url":"/health","statusCode":200}
[2026-05-17T08:20:13.280Z] [INFO] HTTP GET /health | {"method":"GET","url":"/health"}
[2026-05-17T08:20:13.281Z] [INFO] HTTP GET /health | {"method":"GET","url":"/health","statusCode":200}
[2026-05-17T08:20:17.686Z] [INFO] HTTP GET /health | {"method":"GET","url":"/health"}
[2026-05-17T08:20:17.686Z] [INFO] HTTP GET /health | {"method":"GET","url":"/health"}
[2026-05-17T08:20:17.687Z] [INFO] HTTP GET /health | {"method":"GET","url":"/health","statusCode":200}
[2026-05-17T08:20:17.687Z] [INFO] HTTP GET /health | {"method":"GET","url":"/health","statusCode":200,"duration":"1ms"}
[2026-05-17T08:20:43.340Z] [INFO] HTTP GET /health | {"method":"GET","url":"/health"}
[2026-05-17T08:20:43.340Z] [INFO] HTTP GET /health | {"method":"GET","url":"/health","statusCode":200,"duration":"1ms"}
[2026-05-17T08:20:47.728Z] [INFO] HTTP GET /health | {"method":"GET","url":"/health"}
[2026-05-17T08:20:47.729Z] [INFO] HTTP GET /health | {"method":"GET","url":"/health"}
[2026-05-17T08:20:47.729Z] [INFO] HTTP GET /health | {"method":"GET","url":"/health","statusCode":200,"duration":"1ms"}
[2026-05-17T08:20:47.729Z] [INFO] HTTP GET /health | {"method":"GET","url":"/health","statusCode":200}
[2026-05-17T08:21:13.392Z] [INFO] HTTP GET /health | {"method":"GET","url":"/health"}
[2026-05-17T08:21:13.392Z] [INFO] HTTP GET /health | {"method":"GET","url":"/health","statusCode":200}
[2026-05-17T08:21:17.783Z] [INFO] HTTP GET /health | {"method":"GET","url":"/health"}
[2026-05-17T08:21:17.783Z] [INFO] HTTP GET /health | {"method":"GET","url":"/health"}
[2026-05-17T08:21:17.783Z] [INFO] HTTP GET /health | {"method":"GET","url":"/health","statusCode":200,"duration":"1ms"}
[2026-05-17T08:21:17.783Z] [INFO] HTTP GET /health | {"method":"GET","url":"/health","statusCode":200}
[2026-05-17T08:21:43.448Z] [INFO] HTTP GET /health | {"method":"GET","url":"/health"}
[2026-05-17T08:21:43.449Z] [INFO] HTTP GET /health | {"method":"GET","url":"/health","statusCode":200,"duration":"1ms"}
[2026-05-17T08:21:47.827Z] [INFO] HTTP GET /health | {"method":"GET","url":"/health"}
[2026-05-17T08:21:47.827Z] [INFO] HTTP GET /health | {"method":"GET","url":"/health"}
[2026-05-17T08:21:47.827Z] [INFO] HTTP GET /health | {"method":"GET","url":"/health","statusCode":200}
[2026-05-17T08:21:47.827Z] [INFO] HTTP GET /health | {"method":"GET","url":"/health","statusCode":200}
[2026-05-17T08:22:13.487Z] [INFO] HTTP GET /health | {"method":"GET","url":"/health"}
[2026-05-17T08:22:13.488Z] [INFO] HTTP GET /health | {"method":"GET","url":"/health","statusCode":200}
[2026-05-17T08:22:17.863Z] [INFO] HTTP GET /health | {"method":"GET","url":"/health"}
[2026-05-17T08:22:17.863Z] [INFO] HTTP GET /health | {"method":"GET","url":"/health"}
[2026-05-17T08:22:17.864Z] [INFO] HTTP GET /health | {"method":"GET","url":"/health","statusCode":200,"duration":"1ms"}
[2026-05-17T08:22:17.864Z] [INFO] HTTP GET /health | {"method":"GET","url":"/health","statusCode":200,"duration":"1ms"}
[2026-05-17T08:22:43.539Z] [INFO] HTTP GET /health | {"method":"GET","url":"/health"}
[2026-05-17T08:22:43.539Z] [INFO] HTTP GET /health | {"method":"GET","url":"/health","statusCode":200}
[2026-05-17T08:22:47.913Z] [INFO] HTTP GET /health | {"method":"GET","url":"/health"}
[2026-05-17T08:22:47.913Z] [INFO] HTTP GET /health | {"method":"GET","url":"/health"}
[2026-05-17T08:22:47.913Z] [INFO] HTTP GET /health | {"method":"GET","url":"/health","statusCode":200}
[2026-05-17T08:22:47.913Z] [INFO] HTTP GET /health | {"method":"GET","url":"/health","statusCode":200}
[2026-05-17T08:23:13.593Z] [INFO] HTTP GET /health | {"method":"GET","url":"/health"}
[2026-05-17T08:23:13.594Z] [INFO] HTTP GET /health | {"method":"GET","url":"/health","statusCode":200}
[2026-05-17T08:23:17.963Z] [INFO] HTTP GET /health | {"method":"GET","url":"/health"}
[2026-05-17T08:23:17.963Z] [INFO] HTTP GET /health | {"method":"GET","url":"/health"}
[2026-05-17T08:23:17.963Z] [INFO] HTTP GET /health | {"method":"GET","url":"/health","statusCode":200}
[2026-05-17T08:23:17.963Z] [INFO] HTTP GET /health | {"method":"GET","url":"/health","statusCode":200,"duration":"1ms"}
[2026-05-17T08:23:43.653Z] [INFO] HTTP GET /health | {"method":"GET","url":"/health"}
[2026-05-17T08:23:43.653Z] [INFO] HTTP GET /health | {"method":"GET","url":"/health","statusCode":200,"duration":"1ms"}
[2026-05-17T08:23:48.013Z] [INFO] HTTP GET /health | {"method":"GET","url":"/health"}
[2026-05-17T08:23:48.014Z] [INFO] HTTP GET /health | {"method":"GET","url":"/health"}
[2026-05-17T08:23:48.014Z] [INFO] HTTP GET /health | {"method":"GET","url":"/health","statusCode":200,"duration":"1ms"}
[2026-05-17T08:23:48.014Z] [INFO] HTTP GET /health | {"method":"GET","url":"/health","statusCode":200}
[2026-05-17T08:24:13.716Z] [INFO] HTTP GET /health | {"method":"GET","url":"/health"}
[2026-05-17T08:24:13.716Z] [INFO] HTTP GET /health | {"method":"GET","url":"/health","statusCode":200}
[2026-05-17T08:24:18.086Z] [INFO] HTTP GET /health | {"method":"GET","url":"/health"}
[2026-05-17T08:24:18.087Z] [INFO] HTTP GET /health | {"method":"GET","url":"/health","statusCode":200,"duration":"1ms"}
[2026-05-17T08:24:18.088Z] [INFO] HTTP GET /health | {"method":"GET","url":"/health"}
[2026-05-17T08:24:18.088Z] [INFO] HTTP GET /health | {"method":"GET","url":"/health","statusCode":200,"duration":"1ms"}
[2026-05-17T08:24:43.773Z] [INFO] HTTP GET /health | {"method":"GET","url":"/health"}
[2026-05-17T08:24:43.773Z] [INFO] HTTP GET /health | {"method":"GET","url":"/health","statusCode":200}
[2026-05-17T08:24:48.147Z] [INFO] HTTP GET /health | {"method":"GET","url":"/health"}
[2026-05-17T08:24:48.148Z] [INFO] HTTP GET /health | {"method":"GET","url":"/health"}
[2026-05-17T08:24:48.147Z] [INFO] HTTP GET /health | {"method":"GET","url":"/health","statusCode":200,"duration":"1ms"}
[2026-05-17T08:24:48.148Z] [INFO] HTTP GET /health | {"method":"GET","url":"/health","statusCode":200,"duration":"1ms"}
[2026-05-17T08:25:13.829Z] [INFO] HTTP GET /health | {"method":"GET","url":"/health"}
[2026-05-17T08:25:13.829Z] [INFO] HTTP GET /health | {"method":"GET","url":"/health","statusCode":200}
[2026-05-17T08:25:18.177Z] [INFO] HTTP GET /health | {"method":"GET","url":"/health"}
[2026-05-17T08:25:18.177Z] [INFO] HTTP GET /health | {"method":"GET","url":"/health"}
[2026-05-17T08:25:18.177Z] [INFO] HTTP GET /health | {"method":"GET","url":"/health","statusCode":200}
[2026-05-17T08:25:18.177Z] [INFO] HTTP GET /health | {"method":"GET","url":"/health","statusCode":200}
[2026-05-17T08:25:43.875Z] [INFO] HTTP GET /health | {"method":"GET","url":"/health"}
[2026-05-17T08:25:43.875Z] [INFO] HTTP GET /health | {"method":"GET","url":"/health","statusCode":200}
[2026-05-17T08:25:48.233Z] [INFO] HTTP GET /health | {"method":"GET","url":"/health"}
[2026-05-17T08:25:48.234Z] [INFO] HTTP GET /health | {"method":"GET","url":"/health"}
[2026-05-17T08:25:48.234Z] [INFO] HTTP GET /health | {"method":"GET","url":"/health","statusCode":200,"duration":"1ms"}
[2026-05-17T08:25:48.234Z] [INFO] HTTP GET /health | {"method":"GET","url":"/health","statusCode":200}
[2026-05-17T08:26:13.923Z] [INFO] HTTP GET /health | {"method":"GET","url":"/health"}
[2026-05-17T08:26:13.923Z] [INFO] HTTP GET /health | {"method":"GET","url":"/health","statusCode":200}
[2026-05-17T08:26:18.280Z] [INFO] HTTP GET /health | {"method":"GET","url":"/health"}
[2026-05-17T08:26:18.280Z] [INFO] HTTP GET /health | {"method":"GET","url":"/health"}
[2026-05-17T08:26:18.280Z] [INFO] HTTP GET /health | {"method":"GET","url":"/health","statusCode":200}
[2026-05-17T08:26:18.280Z] [INFO] HTTP GET /health | {"method":"GET","url":"/health","statusCode":200}
[2026-05-17T08:26:43.975Z] [INFO] HTTP GET /health | {"method":"GET","url":"/health"}
[2026-05-17T08:26:43.975Z] [INFO] HTTP GET /health | {"method":"GET","url":"/health","statusCode":200}
[2026-05-17T08:26:48.342Z] [INFO] HTTP GET /health | {"method":"GET","url":"/health"}
[2026-05-17T08:26:48.343Z] [INFO] HTTP GET /health | {"method":"GET","url":"/health"}
[2026-05-17T08:26:48.343Z] [INFO] HTTP GET /health | {"method":"GET","url":"/health","statusCode":200,"duration":"1ms"}
[2026-05-17T08:26:48.344Z] [INFO] HTTP GET /health | {"method":"GET","url":"/health","statusCode":200,"duration":"1ms"}
[2026-05-17T08:27:14.030Z] [INFO] HTTP GET /health | {"method":"GET","url":"/health"}
[2026-05-17T08:27:14.030Z] [INFO] HTTP GET /health | {"method":"GET","url":"/health","statusCode":200}
[2026-05-17T08:27:18.396Z] [INFO] HTTP GET /health | {"method":"GET","url":"/health"}
[2026-05-17T08:27:18.396Z] [INFO] HTTP GET /health | {"method":"GET","url":"/health"}
[2026-05-17T08:27:18.396Z] [INFO] HTTP GET /health | {"method":"GET","url":"/health","statusCode":200}
[2026-05-17T08:27:18.396Z] [INFO] HTTP GET /health | {"method":"GET","url":"/health","statusCode":200}
[2026-05-17T08:27:44.081Z] [INFO] HTTP GET /health | {"method":"GET","url":"/health"}
[2026-05-17T08:27:44.081Z] [INFO] HTTP GET /health | {"method":"GET","url":"/health","statusCode":200,"duration":"1ms"}
[2026-05-17T08:27:48.446Z] [INFO] HTTP GET /health | {"method":"GET","url":"/health"}
[2026-05-17T08:27:48.446Z] [INFO] HTTP GET /health | {"method":"GET","url":"/health"}
[2026-05-17T08:27:48.446Z] [INFO] HTTP GET /health | {"method":"GET","url":"/health","statusCode":200,"duration":"1ms"}
[2026-05-17T08:27:48.446Z] [INFO] HTTP GET /health | {"method":"GET","url":"/health","statusCode":200}
[2026-05-17T08:28:14.133Z] [INFO] HTTP GET /health | {"method":"GET","url":"/health"}
[2026-05-17T08:28:14.133Z] [INFO] HTTP GET /health | {"method":"GET","url":"/health","statusCode":200}
[2026-05-17T08:28:18.496Z] [INFO] HTTP GET /health | {"method":"GET","url":"/health"}
[2026-05-17T08:28:18.496Z] [INFO] HTTP GET /health | {"method":"GET","url":"/health"}
[2026-05-17T08:28:18.496Z] [INFO] HTTP GET /health | {"method":"GET","url":"/health","statusCode":200}
[2026-05-17T08:28:18.496Z] [INFO] HTTP GET /health | {"method":"GET","url":"/health","statusCode":200}
[2026-05-17T08:28:44.192Z] [INFO] HTTP GET /health | {"method":"GET","url":"/health"}
[2026-05-17T08:28:44.192Z] [INFO] HTTP GET /health | {"method":"GET","url":"/health","statusCode":200,"duration":"1ms"}
[2026-05-17T08:28:48.548Z] [INFO] HTTP GET /health | {"method":"GET","url":"/health"}
[2026-05-17T08:28:48.548Z] [INFO] HTTP GET /health | {"method":"GET","url":"/health"}
[2026-05-17T08:28:48.548Z] [INFO] HTTP GET /health | {"method":"GET","url":"/health","statusCode":200}
[2026-05-17T08:28:48.549Z] [INFO] HTTP GET /health | {"method":"GET","url":"/health","statusCode":200}
[2026-05-17T08:29:14.244Z] [INFO] HTTP GET /health | {"method":"GET","url":"/health"}
[2026-05-17T08:29:14.245Z] [INFO] HTTP GET /health | {"method":"GET","url":"/health","statusCode":200,"duration":"1ms"}
[2026-05-17T08:29:18.600Z] [INFO] HTTP GET /health | {"method":"GET","url":"/health"}
[2026-05-17T08:29:18.600Z] [INFO] HTTP GET /health | {"method":"GET","url":"/health"}
[2026-05-17T08:29:18.600Z] [INFO] HTTP GET /health | {"method":"GET","url":"/health","statusCode":200}
[2026-05-17T08:29:18.600Z] [INFO] HTTP GET /health | {"method":"GET","url":"/health","statusCode":200}
[2026-05-17T08:29:44.293Z] [INFO] HTTP GET /health | {"method":"GET","url":"/health"}
[2026-05-17T08:29:44.294Z] [INFO] HTTP GET /health | {"method":"GET","url":"/health","statusCode":200,"duration":"1ms"}
[2026-05-17T08:29:48.644Z] [INFO] HTTP GET /health | {"method":"GET","url":"/health"}
[2026-05-17T08:29:48.644Z] [INFO] HTTP GET /health | {"method":"GET","url":"/health","statusCode":200}
[2026-05-17T08:29:48.647Z] [INFO] HTTP GET /health | {"method":"GET","url":"/health"}
[2026-05-17T08:29:48.647Z] [INFO] HTTP GET /health | {"method":"GET","url":"/health","statusCode":200}
[2026-05-17T08:30:14.343Z] [INFO] HTTP GET /health | {"method":"GET","url":"/health"}
[2026-05-17T08:30:14.343Z] [INFO] HTTP GET /health | {"method":"GET","url":"/health","statusCode":200,"duration":"1ms"}
[2026-05-17T08:30:18.699Z] [INFO] HTTP GET /health | {"method":"GET","url":"/health"}
[2026-05-17T08:30:18.699Z] [INFO] HTTP GET /health | {"method":"GET","url":"/health"}
[2026-05-17T08:30:18.700Z] [INFO] HTTP GET /health | {"method":"GET","url":"/health","statusCode":200}
[2026-05-17T08:30:18.700Z] [INFO] HTTP GET /health | {"method":"GET","url":"/health","statusCode":200,"duration":"1ms"}
[2026-05-17T08:30:44.394Z] [INFO] HTTP GET /health | {"method":"GET","url":"/health"}
[2026-05-17T08:30:44.394Z] [INFO] HTTP GET /health | {"method":"GET","url":"/health","statusCode":200}
[2026-05-17T08:30:48.752Z] [INFO] HTTP GET /health | {"method":"GET","url":"/health"}
[2026-05-17T08:30:48.752Z] [INFO] HTTP GET /health | {"method":"GET","url":"/health"}
[2026-05-17T08:30:48.752Z] [INFO] HTTP GET /health | {"method":"GET","url":"/health","statusCode":200,"duration":"1ms"}
[2026-05-17T08:30:48.752Z] [INFO] HTTP GET /health | {"method":"GET","url":"/health","statusCode":200}
[2026-05-17T08:31:14.418Z] [INFO] HTTP GET /health | {"method":"GET","url":"/health"}
[2026-05-17T08:31:14.419Z] [INFO] HTTP GET /health | {"method":"GET","url":"/health","statusCode":200,"duration":"1ms"}
[2026-05-17T08:31:18.785Z] [INFO] HTTP GET /health | {"method":"GET","url":"/health"}
[2026-05-17T08:31:18.785Z] [INFO] HTTP GET /health | {"method":"GET","url":"/health"}
[2026-05-17T08:31:18.785Z] [INFO] HTTP GET /health | {"method":"GET","url":"/health","statusCode":200}
[2026-05-17T08:31:18.785Z] [INFO] HTTP GET /health | {"method":"GET","url":"/health","statusCode":200}
[2026-05-17T08:31:44.474Z] [INFO] HTTP GET /health | {"method":"GET","url":"/health"}
[2026-05-17T08:31:44.475Z] [INFO] HTTP GET /health | {"method":"GET","url":"/health","statusCode":200,"duration":"1ms"}
[2026-05-17T08:31:48.835Z] [INFO] HTTP GET /health | {"method":"GET","url":"/health"}
[2026-05-17T08:31:48.835Z] [INFO] HTTP GET /health | {"method":"GET","url":"/health"}
[2026-05-17T08:31:48.835Z] [INFO] HTTP GET /health | {"method":"GET","url":"/health","statusCode":200}
[2026-05-17T08:31:48.835Z] [INFO] HTTP GET /health | {"method":"GET","url":"/health","statusCode":200}
[2026-05-17T08:32:14.523Z] [INFO] HTTP GET /health | {"method":"GET","url":"/health"}
[2026-05-17T08:32:14.524Z] [INFO] HTTP GET /health | {"method":"GET","url":"/health","statusCode":200,"duration":"1ms"}
[2026-05-17T08:32:18.887Z] [INFO] HTTP GET /health | {"method":"GET","url":"/health"}
[2026-05-17T08:32:18.887Z] [INFO] HTTP GET /health | {"method":"GET","url":"/health"}
[2026-05-17T08:32:18.887Z] [INFO] HTTP GET /health | {"method":"GET","url":"/health","statusCode":200}
[2026-05-17T08:32:18.887Z] [INFO] HTTP GET /health | {"method":"GET","url":"/health","statusCode":200}
[2026-05-17T08:32:44.571Z] [INFO] HTTP GET /health | {"method":"GET","url":"/health"}
[2026-05-17T08:32:44.571Z] [INFO] HTTP GET /health | {"method":"GET","url":"/health","statusCode":200}
[2026-05-17T08:32:48.933Z] [INFO] HTTP GET /health | {"method":"GET","url":"/health"}
[2026-05-17T08:32:48.933Z] [INFO] HTTP GET /health | {"method":"GET","url":"/health","statusCode":200}
[2026-05-17T08:32:48.934Z] [INFO] HTTP GET /health | {"method":"GET","url":"/health"}
[2026-05-17T08:32:48.934Z] [INFO] HTTP GET /health | {"method":"GET","url":"/health","statusCode":200}
[2026-05-17T08:33:14.620Z] [INFO] HTTP GET /health | {"method":"GET","url":"/health"}
[2026-05-17T08:33:14.620Z] [INFO] HTTP GET /health | {"method":"GET","url":"/health","statusCode":200}
[2026-05-17T08:33:18.994Z] [INFO] HTTP GET /health | {"method":"GET","url":"/health"}
[2026-05-17T08:33:18.994Z] [INFO] HTTP GET /health | {"method":"GET","url":"/health"}
[2026-05-17T08:33:18.994Z] [INFO] HTTP GET /health | {"method":"GET","url":"/health","statusCode":200}
[2026-05-17T08:33:18.994Z] [INFO] HTTP GET /health | {"method":"GET","url":"/health","statusCode":200}
[2026-05-17T08:33:44.670Z] [INFO] HTTP GET /health | {"method":"GET","url":"/health"}
[2026-05-17T08:33:44.671Z] [INFO] HTTP GET /health | {"method":"GET","url":"/health","statusCode":200,"duration":"1ms"}
[2026-05-17T08:33:49.043Z] [INFO] HTTP GET /health | {"method":"GET","url":"/health"}
[2026-05-17T08:33:49.043Z] [INFO] HTTP GET /health | {"method":"GET","url":"/health"}
[2026-05-17T08:33:49.043Z] [INFO] HTTP GET /health | {"method":"GET","url":"/health","statusCode":200}
[2026-05-17T08:33:49.043Z] [INFO] HTTP GET /health | {"method":"GET","url":"/health","statusCode":200}
[2026-05-17T08:34:14.712Z] [INFO] HTTP GET /health | {"method":"GET","url":"/health"}
[2026-05-17T08:34:14.712Z] [INFO] HTTP GET /health | {"method":"GET","url":"/health","statusCode":200,"duration":"1ms"}
[2026-05-17T08:34:19.091Z] [INFO] HTTP GET /health | {"method":"GET","url":"/health"}
[2026-05-17T08:34:19.092Z] [INFO] HTTP GET /health | {"method":"GET","url":"/health"}
[2026-05-17T08:34:19.092Z] [INFO] HTTP GET /health | {"method":"GET","url":"/health","statusCode":200,"duration":"1ms"}
[2026-05-17T08:34:19.092Z] [INFO] HTTP GET /health | {"method":"GET","url":"/health","statusCode":200,"duration":"1ms"}
[2026-05-17T08:34:44.773Z] [INFO] HTTP GET /health | {"method":"GET","url":"/health"}
[2026-05-17T08:34:44.773Z] [INFO] HTTP GET /health | {"method":"GET","url":"/health","statusCode":200}
[2026-05-17T08:34:49.143Z] [INFO] HTTP GET /health | {"method":"GET","url":"/health"}
[2026-05-17T08:34:49.143Z] [INFO] HTTP GET /health | {"method":"GET","url":"/health"}
[2026-05-17T08:34:49.143Z] [INFO] HTTP GET /health | {"method":"GET","url":"/health","statusCode":200}
[2026-05-17T08:34:49.144Z] [INFO] HTTP GET /health | {"method":"GET","url":"/health","statusCode":200,"duration":"1ms"}
[2026-05-17T08:35:14.829Z] [INFO] HTTP GET /health | {"method":"GET","url":"/health"}
[2026-05-17T08:35:14.829Z] [INFO] HTTP GET /health | {"method":"GET","url":"/health","statusCode":200}
[2026-05-17T08:35:19.184Z] [INFO] HTTP GET /health | {"method":"GET","url":"/health"}
[2026-05-17T08:35:19.184Z] [INFO] HTTP GET /health | {"method":"GET","url":"/health"}
[2026-05-17T08:35:19.184Z] [INFO] HTTP GET /health | {"method":"GET","url":"/health","statusCode":200,"duration":"1ms"}
[2026-05-17T08:35:19.184Z] [INFO] HTTP GET /health | {"method":"GET","url":"/health","statusCode":200}
[2026-05-17T08:35:44.882Z] [INFO] HTTP GET /health | {"method":"GET","url":"/health"}
[2026-05-17T08:35:44.883Z] [INFO] HTTP GET /health | {"method":"GET","url":"/health","statusCode":200,"duration":"1ms"}
[2026-05-17T08:35:49.231Z] [INFO] HTTP GET /health | {"method":"GET","url":"/health"}
[2026-05-17T08:35:49.231Z] [INFO] HTTP GET /health | {"method":"GET","url":"/health"}
[2026-05-17T08:35:49.231Z] [INFO] HTTP GET /health | {"method":"GET","url":"/health","statusCode":200}
[2026-05-17T08:35:49.231Z] [INFO] HTTP GET /health | {"method":"GET","url":"/health","statusCode":200}
[2026-05-17T08:36:14.941Z] [INFO] HTTP GET /health | {"method":"GET","url":"/health"}
[2026-05-17T08:36:14.942Z] [INFO] HTTP GET /health | {"method":"GET","url":"/health","statusCode":200}
[2026-05-17T08:36:19.290Z] [INFO] HTTP GET /health | {"method":"GET","url":"/health"}
[2026-05-17T08:36:19.290Z] [INFO] HTTP GET /health | {"method":"GET","url":"/health"}
[2026-05-17T08:36:19.290Z] [INFO] HTTP GET /health | {"method":"GET","url":"/health","statusCode":200}
[2026-05-17T08:36:19.291Z] [INFO] HTTP GET /health | {"method":"GET","url":"/health","statusCode":200}
[2026-05-17T08:36:44.997Z] [INFO] HTTP GET /health | {"method":"GET","url":"/health"}
[2026-05-17T08:36:44.997Z] [INFO] HTTP GET /health | {"method":"GET","url":"/health","statusCode":200}
[2026-05-17T08:36:49.331Z] [INFO] HTTP GET /health | {"method":"GET","url":"/health"}
[2026-05-17T08:36:49.331Z] [INFO] HTTP GET /health | {"method":"GET","url":"/health"}
[2026-05-17T08:36:49.331Z] [INFO] HTTP GET /health | {"method":"GET","url":"/health","statusCode":200}
[2026-05-17T08:36:49.331Z] [INFO] HTTP GET /health | {"method":"GET","url":"/health","statusCode":200}
[2026-05-17T08:37:15.048Z] [INFO] HTTP GET /health | {"method":"GET","url":"/health"}
[2026-05-17T08:37:15.048Z] [INFO] HTTP GET /health | {"method":"GET","url":"/health","statusCode":200}
[2026-05-17T08:37:19.382Z] [INFO] HTTP GET /health | {"method":"GET","url":"/health"}
[2026-05-17T08:37:19.382Z] [INFO] HTTP GET /health | {"method":"GET","url":"/health"}
[2026-05-17T08:37:19.382Z] [INFO] HTTP GET /health | {"method":"GET","url":"/health","statusCode":200}
[2026-05-17T08:37:19.382Z] [INFO] HTTP GET /health | {"method":"GET","url":"/health","statusCode":200}
[2026-05-17T08:37:45.104Z] [INFO] HTTP GET /health | {"method":"GET","url":"/health"}
[2026-05-17T08:37:45.104Z] [INFO] HTTP GET /health | {"method":"GET","url":"/health","statusCode":200,"duration":"1ms"}
[2026-05-17T08:37:49.442Z] [INFO] HTTP GET /health | {"method":"GET","url":"/health"}
[2026-05-17T08:37:49.442Z] [INFO] HTTP GET /health | {"method":"GET","url":"/health"}
[2026-05-17T08:37:49.442Z] [INFO] HTTP GET /health | {"method":"GET","url":"/health","statusCode":200}
[2026-05-17T08:37:49.443Z] [INFO] HTTP GET /health | {"method":"GET","url":"/health","statusCode":200}
[2026-05-17T08:38:15.162Z] [INFO] HTTP GET /health | {"method":"GET","url":"/health"}
[2026-05-17T08:38:15.162Z] [INFO] HTTP GET /health | {"method":"GET","url":"/health","statusCode":200}
[2026-05-17T08:38:19.491Z] [INFO] HTTP GET /health | {"method":"GET","url":"/health"}
[2026-05-17T08:38:19.491Z] [INFO] HTTP GET /health | {"method":"GET","url":"/health"}
[2026-05-17T08:38:19.491Z] [INFO] HTTP GET /health | {"method":"GET","url":"/health","statusCode":200,"duration":"1ms"}
[2026-05-17T08:38:19.491Z] [INFO] HTTP GET /health | {"method":"GET","url":"/health","statusCode":200}
[2026-05-17T08:38:45.221Z] [INFO] HTTP GET /health | {"method":"GET","url":"/health"}
[2026-05-17T08:38:45.221Z] [INFO] HTTP GET /health | {"method":"GET","url":"/health","statusCode":200,"duration":"1ms"}
[2026-05-17T08:38:49.541Z] [INFO] HTTP GET /health | {"method":"GET","url":"/health"}
[2026-05-17T08:38:49.542Z] [INFO] HTTP GET /health | {"method":"GET","url":"/health"}
[2026-05-17T08:38:49.542Z] [INFO] HTTP GET /health | {"method":"GET","url":"/health","statusCode":200,"duration":"1ms"}
[2026-05-17T08:38:49.542Z] [INFO] HTTP GET /health | {"method":"GET","url":"/health","statusCode":200}
[2026-05-17T08:39:15.271Z] [INFO] HTTP GET /health | {"method":"GET","url":"/health"}
[2026-05-17T08:39:15.271Z] [INFO] HTTP GET /health | {"method":"GET","url":"/health","statusCode":200}
[2026-05-17T08:39:19.592Z] [INFO] HTTP GET /health | {"method":"GET","url":"/health"}
[2026-05-17T08:39:19.592Z] [INFO] HTTP GET /health | {"method":"GET","url":"/health"}
[2026-05-17T08:39:19.592Z] [INFO] HTTP GET /health | {"method":"GET","url":"/health","statusCode":200}
[2026-05-17T08:39:19.592Z] [INFO] HTTP GET /health | {"method":"GET","url":"/health","statusCode":200}
[2026-05-17T08:39:45.341Z] [INFO] HTTP GET /health | {"method":"GET","url":"/health"}
[2026-05-17T08:39:45.342Z] [INFO] HTTP GET /health | {"method":"GET","url":"/health","statusCode":200,"duration":"1ms"}
[2026-05-17T08:39:49.643Z] [INFO] HTTP GET /health | {"method":"GET","url":"/health"}
[2026-05-17T08:39:49.643Z] [INFO] HTTP GET /health | {"method":"GET","url":"/health"}
[2026-05-17T08:39:49.643Z] [INFO] HTTP GET /health | {"method":"GET","url":"/health","statusCode":200,"duration":"1ms"}
[2026-05-17T08:39:49.643Z] [INFO] HTTP GET /health | {"method":"GET","url":"/health","statusCode":200,"duration":"1ms"}
[2026-05-17T08:40:15.400Z] [INFO] HTTP GET /health | {"method":"GET","url":"/health"}
[2026-05-17T08:40:15.400Z] [INFO] HTTP GET /health | {"method":"GET","url":"/health","statusCode":200}
[2026-05-17T08:40:19.698Z] [INFO] HTTP GET /health | {"method":"GET","url":"/health"}
[2026-05-17T08:40:19.698Z] [INFO] HTTP GET /health | {"method":"GET","url":"/health"}
[2026-05-17T08:40:19.698Z] [INFO] HTTP GET /health | {"method":"GET","url":"/health","statusCode":200}
[2026-05-17T08:40:19.698Z] [INFO] HTTP GET /health | {"method":"GET","url":"/health","statusCode":200,"duration":"1ms"}
[2026-05-17T08:40:45.444Z] [INFO] HTTP GET /health | {"method":"GET","url":"/health"}
[2026-05-17T08:40:45.444Z] [INFO] HTTP GET /health | {"method":"GET","url":"/health","statusCode":200}
[2026-05-17T08:40:49.754Z] [INFO] HTTP GET /health | {"method":"GET","url":"/health"}
[2026-05-17T08:40:49.754Z] [INFO] HTTP GET /health | {"method":"GET","url":"/health"}
[2026-05-17T08:40:49.755Z] [INFO] HTTP GET /health | {"method":"GET","url":"/health","statusCode":200,"duration":"1ms"}
[2026-05-17T08:40:49.755Z] [INFO] HTTP GET /health | {"method":"GET","url":"/health","statusCode":200,"duration":"1ms"}
[2026-05-17T08:41:15.498Z] [INFO] HTTP GET /health | {"method":"GET","url":"/health"}
[2026-05-17T08:41:15.498Z] [INFO] HTTP GET /health | {"method":"GET","url":"/health","statusCode":200}
[2026-05-17T08:41:19.800Z] [INFO] HTTP GET /health | {"method":"GET","url":"/health"}
[2026-05-17T08:41:19.800Z] [INFO] HTTP GET /health | {"method":"GET","url":"/health"}
[2026-05-17T08:41:19.800Z] [INFO] HTTP GET /health | {"method":"GET","url":"/health","statusCode":200}
[2026-05-17T08:41:19.800Z] [INFO] HTTP GET /health | {"method":"GET","url":"/health","statusCode":200}
[2026-05-17T08:41:45.549Z] [INFO] HTTP GET /health | {"method":"GET","url":"/health"}
[2026-05-17T08:41:45.549Z] [INFO] HTTP GET /health | {"method":"GET","url":"/health","statusCode":200}
[2026-05-17T08:41:49.849Z] [INFO] HTTP GET /health | {"method":"GET","url":"/health"}
[2026-05-17T08:41:49.849Z] [INFO] HTTP GET /health | {"method":"GET","url":"/health"}
[2026-05-17T08:41:49.849Z] [INFO] HTTP GET /health | {"method":"GET","url":"/health","statusCode":200}
[2026-05-17T08:41:49.849Z] [INFO] HTTP GET /health | {"method":"GET","url":"/health","statusCode":200}
[2026-05-17T08:42:15.584Z] [INFO] HTTP GET /health | {"method":"GET","url":"/health"}
[2026-05-17T08:42:15.584Z] [INFO] HTTP GET /health | {"method":"GET","url":"/health","statusCode":200}
[2026-05-17T08:42:19.896Z] [INFO] HTTP GET /health | {"method":"GET","url":"/health"}
[2026-05-17T08:42:19.896Z] [INFO] HTTP GET /health | {"method":"GET","url":"/health"}
[2026-05-17T08:42:19.896Z] [INFO] HTTP GET /health | {"method":"GET","url":"/health","statusCode":200}
[2026-05-17T08:42:19.897Z] [INFO] HTTP GET /health | {"method":"GET","url":"/health","statusCode":200,"duration":"1ms"}
[2026-05-17T08:42:45.617Z] [INFO] HTTP GET /health | {"method":"GET","url":"/health"}
[2026-05-17T08:42:45.617Z] [INFO] HTTP GET /health | {"method":"GET","url":"/health","statusCode":200}
[2026-05-17T08:42:49.960Z] [INFO] HTTP GET /health | {"method":"GET","url":"/health"}
[2026-05-17T08:42:49.961Z] [INFO] HTTP GET /health | {"method":"GET","url":"/health"}
[2026-05-17T08:42:49.961Z] [INFO] HTTP GET /health | {"method":"GET","url":"/health","statusCode":200}
[2026-05-17T08:42:49.961Z] [INFO] HTTP GET /health | {"method":"GET","url":"/health","statusCode":200}
[2026-05-17T08:43:15.663Z] [INFO] HTTP GET /health | {"method":"GET","url":"/health"}
[2026-05-17T08:43:15.663Z] [INFO] HTTP GET /health | {"method":"GET","url":"/health","statusCode":200}
[2026-05-17T08:43:20.009Z] [INFO] HTTP GET /health | {"method":"GET","url":"/health"}
[2026-05-17T08:43:20.009Z] [INFO] HTTP GET /health | {"method":"GET","url":"/health"}
[2026-05-17T08:43:20.009Z] [INFO] HTTP GET /health | {"method":"GET","url":"/health","statusCode":200}
[2026-05-17T08:43:20.009Z] [INFO] HTTP GET /health | {"method":"GET","url":"/health","statusCode":200}
[2026-05-17T08:43:45.712Z] [INFO] HTTP GET /health | {"method":"GET","url":"/health"}
[2026-05-17T08:43:45.712Z] [INFO] HTTP GET /health | {"method":"GET","url":"/health","statusCode":200}
[2026-05-17T08:43:50.059Z] [INFO] HTTP GET /health | {"method":"GET","url":"/health"}
[2026-05-17T08:43:50.059Z] [INFO] HTTP GET /health | {"method":"GET","url":"/health"}
[2026-05-17T08:43:50.059Z] [INFO] HTTP GET /health | {"method":"GET","url":"/health","statusCode":200}
[2026-05-17T08:43:50.059Z] [INFO] HTTP GET /health | {"method":"GET","url":"/health","statusCode":200}
[2026-05-17T08:44:15.747Z] [INFO] HTTP GET /health | {"method":"GET","url":"/health"}
[2026-05-17T08:44:15.747Z] [INFO] HTTP GET /health | {"method":"GET","url":"/health","statusCode":200}
[2026-05-17T08:44:20.109Z] [INFO] HTTP GET /health | {"method":"GET","url":"/health"}
[2026-05-17T08:44:20.109Z] [INFO] HTTP GET /health | {"method":"GET","url":"/health"}
[2026-05-17T08:44:20.109Z] [INFO] HTTP GET /health | {"method":"GET","url":"/health","statusCode":200}
[2026-05-17T08:44:20.109Z] [INFO] HTTP GET /health | {"method":"GET","url":"/health","statusCode":200}
[2026-05-17T08:44:45.796Z] [INFO] HTTP GET /health | {"method":"GET","url":"/health"}
[2026-05-17T08:44:45.797Z] [INFO] HTTP GET /health | {"method":"GET","url":"/health","statusCode":200,"duration":"1ms"}
[2026-05-17T08:44:50.159Z] [INFO] HTTP GET /health | {"method":"GET","url":"/health"}
[2026-05-17T08:44:50.159Z] [INFO] HTTP GET /health | {"method":"GET","url":"/health"}
[2026-05-17T08:44:50.159Z] [INFO] HTTP GET /health | {"method":"GET","url":"/health","statusCode":200}
[2026-05-17T08:44:50.159Z] [INFO] HTTP GET /health | {"method":"GET","url":"/health","statusCode":200}
[2026-05-17T08:45:15.844Z] [INFO] HTTP GET /health | {"method":"GET","url":"/health"}
[2026-05-17T08:45:15.845Z] [INFO] HTTP GET /health | {"method":"GET","url":"/health","statusCode":200,"duration":"1ms"}
[2026-05-17T08:45:20.219Z] [INFO] HTTP GET /health | {"method":"GET","url":"/health"}
[2026-05-17T08:45:20.219Z] [INFO] HTTP GET /health | {"method":"GET","url":"/health"}
[2026-05-17T08:45:20.219Z] [INFO] HTTP GET /health | {"method":"GET","url":"/health","statusCode":200}
[2026-05-17T08:45:20.219Z] [INFO] HTTP GET /health | {"method":"GET","url":"/health","statusCode":200}
[2026-05-17T08:45:45.897Z] [INFO] HTTP GET /health | {"method":"GET","url":"/health"}
[2026-05-17T08:45:45.897Z] [INFO] HTTP GET /health | {"method":"GET","url":"/health","statusCode":200}
[2026-05-17T08:45:50.274Z] [INFO] HTTP GET /health | {"method":"GET","url":"/health"}
[2026-05-17T08:45:50.274Z] [INFO] HTTP GET /health | {"method":"GET","url":"/health"}
[2026-05-17T08:45:50.274Z] [INFO] HTTP GET /health | {"method":"GET","url":"/health","statusCode":200}
[2026-05-17T08:45:50.274Z] [INFO] HTTP GET /health | {"method":"GET","url":"/health","statusCode":200}
[2026-05-17T08:46:15.944Z] [INFO] HTTP GET /health | {"method":"GET","url":"/health"}
[2026-05-17T08:46:15.944Z] [INFO] HTTP GET /health | {"method":"GET","url":"/health","statusCode":200}
[2026-05-17T08:46:20.326Z] [INFO] HTTP GET /health | {"method":"GET","url":"/health"}
[2026-05-17T08:46:20.327Z] [INFO] HTTP GET /health | {"method":"GET","url":"/health"}
[2026-05-17T08:46:20.327Z] [INFO] HTTP GET /health | {"method":"GET","url":"/health","statusCode":200,"duration":"1ms"}
[2026-05-17T08:46:20.327Z] [INFO] HTTP GET /health | {"method":"GET","url":"/health","statusCode":200}
[2026-05-17T08:46:45.997Z] [INFO] HTTP GET /health | {"method":"GET","url":"/health"}
[2026-05-17T08:46:45.997Z] [INFO] HTTP GET /health | {"method":"GET","url":"/health","statusCode":200}
[2026-05-17T08:46:50.391Z] [INFO] HTTP GET /health | {"method":"GET","url":"/health"}
[2026-05-17T08:46:50.391Z] [INFO] HTTP GET /health | {"method":"GET","url":"/health"}
[2026-05-17T08:46:50.391Z] [INFO] HTTP GET /health | {"method":"GET","url":"/health","statusCode":200}
[2026-05-17T08:46:50.392Z] [INFO] HTTP GET /health | {"method":"GET","url":"/health","statusCode":200,"duration":"1ms"}
[2026-05-17T08:47:16.052Z] [INFO] HTTP GET /health | {"method":"GET","url":"/health"}
[2026-05-17T08:47:16.052Z] [INFO] HTTP GET /health | {"method":"GET","url":"/health","statusCode":200,"duration":"1ms"}
[2026-05-17T08:47:20.447Z] [INFO] HTTP GET /health | {"method":"GET","url":"/health"}
[2026-05-17T08:47:20.448Z] [INFO] HTTP GET /health | {"method":"GET","url":"/health"}
[2026-05-17T08:47:20.447Z] [INFO] HTTP GET /health | {"method":"GET","url":"/health","statusCode":200}
[2026-05-17T08:47:20.448Z] [INFO] HTTP GET /health | {"method":"GET","url":"/health","statusCode":200}
[2026-05-17T08:47:46.105Z] [INFO] HTTP GET /health | {"method":"GET","url":"/health"}
[2026-05-17T08:47:46.105Z] [INFO] HTTP GET /health | {"method":"GET","url":"/health","statusCode":200,"duration":"1ms"}
[2026-05-17T08:47:50.485Z] [INFO] HTTP GET /health | {"method":"GET","url":"/health"}
[2026-05-17T08:47:50.485Z] [INFO] HTTP GET /health | {"method":"GET","url":"/health"}
[2026-05-17T08:47:50.485Z] [INFO] HTTP GET /health | {"method":"GET","url":"/health","statusCode":200}
[2026-05-17T08:47:50.485Z] [INFO] HTTP GET /health | {"method":"GET","url":"/health","statusCode":200}
[2026-05-17T08:48:16.162Z] [INFO] HTTP GET /health | {"method":"GET","url":"/health"}
[2026-05-17T08:48:16.162Z] [INFO] HTTP GET /health | {"method":"GET","url":"/health","statusCode":200}
[2026-05-17T08:48:20.535Z] [INFO] HTTP GET /health | {"method":"GET","url":"/health"}
[2026-05-17T08:48:20.535Z] [INFO] HTTP GET /health | {"method":"GET","url":"/health"}
[2026-05-17T08:48:20.535Z] [INFO] HTTP GET /health | {"method":"GET","url":"/health","statusCode":200}
[2026-05-17T08:48:20.535Z] [INFO] HTTP GET /health | {"method":"GET","url":"/health","statusCode":200}
[2026-05-17T08:48:46.214Z] [INFO] HTTP GET /health | {"method":"GET","url":"/health"}
[2026-05-17T08:48:46.214Z] [INFO] HTTP GET /health | {"method":"GET","url":"/health","statusCode":200}
[2026-05-17T08:48:50.587Z] [INFO] HTTP GET /health | {"method":"GET","url":"/health"}
[2026-05-17T08:48:50.587Z] [INFO] HTTP GET /health | {"method":"GET","url":"/health"}
[2026-05-17T08:48:50.587Z] [INFO] HTTP GET /health | {"method":"GET","url":"/health","statusCode":200}
[2026-05-17T08:48:50.587Z] [INFO] HTTP GET /health | {"method":"GET","url":"/health","statusCode":200}
[2026-05-17T08:49:16.275Z] [INFO] HTTP GET /health | {"method":"GET","url":"/health"}
[2026-05-17T08:49:16.275Z] [INFO] HTTP GET /health | {"method":"GET","url":"/health","statusCode":200,"duration":"1ms"}
[2026-05-17T08:49:20.642Z] [INFO] HTTP GET /health | {"method":"GET","url":"/health"}
[2026-05-17T08:49:20.642Z] [INFO] HTTP GET /health | {"method":"GET","url":"/health"}
[2026-05-17T08:49:20.642Z] [INFO] HTTP GET /health | {"method":"GET","url":"/health","statusCode":200}
[2026-05-17T08:49:20.643Z] [INFO] HTTP GET /health | {"method":"GET","url":"/health","statusCode":200,"duration":"1ms"}
[2026-05-17T08:49:46.325Z] [INFO] HTTP GET /health | {"method":"GET","url":"/health"}
[2026-05-17T08:49:46.326Z] [INFO] HTTP GET /health | {"method":"GET","url":"/health","statusCode":200,"duration":"1ms"}
[2026-05-17T08:49:50.705Z] [INFO] HTTP GET /health | {"method":"GET","url":"/health"}
[2026-05-17T08:49:50.705Z] [INFO] HTTP GET /health | {"method":"GET","url":"/health"}
[2026-05-17T08:49:50.705Z] [INFO] HTTP GET /health | {"method":"GET","url":"/health","statusCode":200,"duration":"1ms"}
[2026-05-17T08:49:50.705Z] [INFO] HTTP GET /health | {"method":"GET","url":"/health","statusCode":200}
[2026-05-17T08:50:16.382Z] [INFO] HTTP GET /health | {"method":"GET","url":"/health"}
[2026-05-17T08:50:16.382Z] [INFO] HTTP GET /health | {"method":"GET","url":"/health","statusCode":200}
[2026-05-17T08:50:20.748Z] [INFO] HTTP GET /health | {"method":"GET","url":"/health"}
[2026-05-17T08:50:20.749Z] [INFO] HTTP GET /health | {"method":"GET","url":"/health"}
[2026-05-17T08:50:20.748Z] [INFO] HTTP GET /health | {"method":"GET","url":"/health","statusCode":200}
[2026-05-17T08:50:20.749Z] [INFO] HTTP GET /health | {"method":"GET","url":"/health","statusCode":200,"duration":"1ms"}
[2026-05-17T08:50:46.434Z] [INFO] HTTP GET /health | {"method":"GET","url":"/health"}
[2026-05-17T08:50:46.434Z] [INFO] HTTP GET /health | {"method":"GET","url":"/health","statusCode":200}
[2026-05-17T08:50:50.812Z] [INFO] HTTP GET /health | {"method":"GET","url":"/health"}
[2026-05-17T08:50:50.812Z] [INFO] HTTP GET /health | {"method":"GET","url":"/health"}
[2026-05-17T08:50:50.812Z] [INFO] HTTP GET /health | {"method":"GET","url":"/health","statusCode":200}
[2026-05-17T08:50:50.812Z] [INFO] HTTP GET /health | {"method":"GET","url":"/health","statusCode":200}
[2026-05-17T08:51:16.487Z] [INFO] HTTP GET /health | {"method":"GET","url":"/health"}
[2026-05-17T08:51:16.487Z] [INFO] HTTP GET /health | {"method":"GET","url":"/health","statusCode":200}
[2026-05-17T08:51:20.865Z] [INFO] HTTP GET /health | {"method":"GET","url":"/health"}
[2026-05-17T08:51:20.865Z] [INFO] HTTP GET /health | {"method":"GET","url":"/health"}
[2026-05-17T08:51:20.866Z] [INFO] HTTP GET /health | {"method":"GET","url":"/health","statusCode":200}
[2026-05-17T08:51:20.866Z] [INFO] HTTP GET /health | {"method":"GET","url":"/health","statusCode":200}
[2026-05-17T08:51:46.519Z] [INFO] HTTP GET /health | {"method":"GET","url":"/health"}
[2026-05-17T08:51:46.519Z] [INFO] HTTP GET /health | {"method":"GET","url":"/health","statusCode":200}
[2026-05-17T08:51:50.910Z] [INFO] HTTP GET /health | {"method":"GET","url":"/health"}
[2026-05-17T08:51:50.910Z] [INFO] HTTP GET /health | {"method":"GET","url":"/health"}
[2026-05-17T08:51:50.910Z] [INFO] HTTP GET /health | {"method":"GET","url":"/health","statusCode":200}
[2026-05-17T08:51:50.910Z] [INFO] HTTP GET /health | {"method":"GET","url":"/health","statusCode":200,"duration":"1ms"}
[2026-05-17T08:52:16.578Z] [INFO] HTTP GET /health | {"method":"GET","url":"/health"}
[2026-05-17T08:52:16.578Z] [INFO] HTTP GET /health | {"method":"GET","url":"/health","statusCode":200,"duration":"1ms"}
[2026-05-17T08:52:20.963Z] [INFO] HTTP GET /health | {"method":"GET","url":"/health"}
[2026-05-17T08:52:20.964Z] [INFO] HTTP GET /health | {"method":"GET","url":"/health"}
[2026-05-17T08:52:20.963Z] [INFO] HTTP GET /health | {"method":"GET","url":"/health","statusCode":200}
[2026-05-17T08:52:20.964Z] [INFO] HTTP GET /health | {"method":"GET","url":"/health","statusCode":200,"duration":"1ms"}
[2026-05-17T08:52:46.640Z] [INFO] HTTP GET /health | {"method":"GET","url":"/health"}
[2026-05-17T08:52:46.640Z] [INFO] HTTP GET /health | {"method":"GET","url":"/health","statusCode":200}
[2026-05-17T08:52:51.016Z] [INFO] HTTP GET /health | {"method":"GET","url":"/health"}
[2026-05-17T08:52:51.016Z] [INFO] HTTP GET /health | {"method":"GET","url":"/health"}
[2026-05-17T08:52:51.016Z] [INFO] HTTP GET /health | {"method":"GET","url":"/health","statusCode":200}
[2026-05-17T08:52:51.016Z] [INFO] HTTP GET /health | {"method":"GET","url":"/health","statusCode":200}
[2026-05-17T08:53:16.701Z] [INFO] HTTP GET /health | {"method":"GET","url":"/health"}
[2026-05-17T08:53:16.701Z] [INFO] HTTP GET /health | {"method":"GET","url":"/health","statusCode":200}
[2026-05-17T08:53:21.057Z] [INFO] HTTP GET /health | {"method":"GET","url":"/health"}
[2026-05-17T08:53:21.058Z] [INFO] HTTP GET /health | {"method":"GET","url":"/health"}
[2026-05-17T08:53:21.058Z] [INFO] HTTP GET /health | {"method":"GET","url":"/health","statusCode":200,"duration":"1ms"}
[2026-05-17T08:53:21.058Z] [INFO] HTTP GET /health | {"method":"GET","url":"/health","statusCode":200}
[2026-05-17T08:53:46.758Z] [INFO] HTTP GET /health | {"method":"GET","url":"/health"}
[2026-05-17T08:53:46.758Z] [INFO] HTTP GET /health | {"method":"GET","url":"/health","statusCode":200}
[2026-05-17T08:53:51.112Z] [INFO] HTTP GET /health | {"method":"GET","url":"/health"}
[2026-05-17T08:53:51.112Z] [INFO] HTTP GET /health | {"method":"GET","url":"/health"}
[2026-05-17T08:53:51.112Z] [INFO] HTTP GET /health | {"method":"GET","url":"/health","statusCode":200}
[2026-05-17T08:53:51.113Z] [INFO] HTTP GET /health | {"method":"GET","url":"/health","statusCode":200}
[2026-05-17T08:54:16.809Z] [INFO] HTTP GET /health | {"method":"GET","url":"/health"}
[2026-05-17T08:54:16.809Z] [INFO] HTTP GET /health | {"method":"GET","url":"/health","statusCode":200}
[2026-05-17T08:54:21.157Z] [INFO] HTTP GET /health | {"method":"GET","url":"/health"}
[2026-05-17T08:54:21.157Z] [INFO] HTTP GET /health | {"method":"GET","url":"/health"}
[2026-05-17T08:54:21.157Z] [INFO] HTTP GET /health | {"method":"GET","url":"/health","statusCode":200}
[2026-05-17T08:54:21.157Z] [INFO] HTTP GET /health | {"method":"GET","url":"/health","statusCode":200}
[2026-05-17T08:54:46.876Z] [INFO] HTTP GET /health | {"method":"GET","url":"/health"}
[2026-05-17T08:54:46.876Z] [INFO] HTTP GET /health | {"method":"GET","url":"/health","statusCode":200,"duration":"1ms"}
[2026-05-17T08:54:51.200Z] [INFO] HTTP GET /health | {"method":"GET","url":"/health"}
[2026-05-17T08:54:51.200Z] [INFO] HTTP GET /health | {"method":"GET","url":"/health","statusCode":200}
[2026-05-17T08:54:51.201Z] [INFO] HTTP GET /health | {"method":"GET","url":"/health"}
[2026-05-17T08:54:51.201Z] [INFO] HTTP GET /health | {"method":"GET","url":"/health","statusCode":200}
[2026-05-17T08:55:16.954Z] [INFO] HTTP GET /health | {"method":"GET","url":"/health"}
[2026-05-17T08:55:16.954Z] [INFO] HTTP GET /health | {"method":"GET","url":"/health","statusCode":200}
[2026-05-17T08:55:21.268Z] [INFO] HTTP GET /health | {"method":"GET","url":"/health"}
[2026-05-17T08:55:21.268Z] [INFO] HTTP GET /health | {"method":"GET","url":"/health"}
[2026-05-17T08:55:21.268Z] [INFO] HTTP GET /health | {"method":"GET","url":"/health","statusCode":200,"duration":"1ms"}
[2026-05-17T08:55:21.268Z] [INFO] HTTP GET /health | {"method":"GET","url":"/health","statusCode":200}
[2026-05-17T08:55:47.015Z] [INFO] HTTP GET /health | {"method":"GET","url":"/health"}
[2026-05-17T08:55:47.016Z] [INFO] HTTP GET /health | {"method":"GET","url":"/health","statusCode":200,"duration":"1ms"}
[2026-05-17T08:55:51.335Z] [INFO] HTTP GET /health | {"method":"GET","url":"/health"}
[2026-05-17T08:55:51.335Z] [INFO] HTTP GET /health | {"method":"GET","url":"/health"}
[2026-05-17T08:55:51.335Z] [INFO] HTTP GET /health | {"method":"GET","url":"/health","statusCode":200,"duration":"1ms"}
[2026-05-17T08:55:51.335Z] [INFO] HTTP GET /health | {"method":"GET","url":"/health","statusCode":200,"duration":"1ms"}
[2026-05-17T08:56:17.056Z] [INFO] HTTP GET /health | {"method":"GET","url":"/health"}
[2026-05-17T08:56:17.057Z] [INFO] HTTP GET /health | {"method":"GET","url":"/health","statusCode":200,"duration":"1ms"}
[2026-05-17T08:56:21.387Z] [INFO] HTTP GET /health | {"method":"GET","url":"/health"}
[2026-05-17T08:56:21.387Z] [INFO] HTTP GET /health | {"method":"GET","url":"/health"}
[2026-05-17T08:56:21.387Z] [INFO] HTTP GET /health | {"method":"GET","url":"/health","statusCode":200}
[2026-05-17T08:56:21.387Z] [INFO] HTTP GET /health | {"method":"GET","url":"/health","statusCode":200}
[2026-05-17T08:56:47.092Z] [INFO] HTTP GET /health | {"method":"GET","url":"/health"}
[2026-05-17T08:56:47.092Z] [INFO] HTTP GET /health | {"method":"GET","url":"/health","statusCode":200}
[2026-05-17T08:56:51.446Z] [INFO] HTTP GET /health | {"method":"GET","url":"/health"}
[2026-05-17T08:56:51.446Z] [INFO] HTTP GET /health | {"method":"GET","url":"/health"}
[2026-05-17T08:56:51.446Z] [INFO] HTTP GET /health | {"method":"GET","url":"/health","statusCode":200,"duration":"1ms"}
[2026-05-17T08:56:51.446Z] [INFO] HTTP GET /health | {"method":"GET","url":"/health","statusCode":200}
[2026-05-17T08:57:17.129Z] [INFO] HTTP GET /health | {"method":"GET","url":"/health"}
[2026-05-17T08:57:17.129Z] [INFO] HTTP GET /health | {"method":"GET","url":"/health","statusCode":200}
[2026-05-17T08:57:21.504Z] [INFO] HTTP GET /health | {"method":"GET","url":"/health"}
[2026-05-17T08:57:21.505Z] [INFO] HTTP GET /health | {"method":"GET","url":"/health"}
[2026-05-17T08:57:21.505Z] [INFO] HTTP GET /health | {"method":"GET","url":"/health","statusCode":200,"duration":"1ms"}
[2026-05-17T08:57:21.505Z] [INFO] HTTP GET /health | {"method":"GET","url":"/health","statusCode":200,"duration":"1ms"}
[2026-05-17T08:57:47.174Z] [INFO] HTTP GET /health | {"method":"GET","url":"/health"}
[2026-05-17T08:57:47.174Z] [INFO] HTTP GET /health | {"method":"GET","url":"/health","statusCode":200}
[2026-05-17T08:57:51.561Z] [INFO] HTTP GET /health | {"method":"GET","url":"/health"}
[2026-05-17T08:57:51.561Z] [INFO] HTTP GET /health | {"method":"GET","url":"/health"}
[2026-05-17T08:57:51.561Z] [INFO] HTTP GET /health | {"method":"GET","url":"/health","statusCode":200}
[2026-05-17T08:57:51.561Z] [INFO] HTTP GET /health | {"method":"GET","url":"/health","statusCode":200}
[2026-05-17T08:58:17.250Z] [INFO] HTTP GET /health | {"method":"GET","url":"/health"}
[2026-05-17T08:58:17.250Z] [INFO] HTTP GET /health | {"method":"GET","url":"/health","statusCode":200}
[2026-05-17T08:58:21.625Z] [INFO] HTTP GET /health | {"method":"GET","url":"/health"}
[2026-05-17T08:58:21.625Z] [INFO] HTTP GET /health | {"method":"GET","url":"/health"}
[2026-05-17T08:58:21.625Z] [INFO] HTTP GET /health | {"method":"GET","url":"/health","statusCode":200}
[2026-05-17T08:58:21.625Z] [INFO] HTTP GET /health | {"method":"GET","url":"/health","statusCode":200}
[2026-05-17T08:58:47.307Z] [INFO] HTTP GET /health | {"method":"GET","url":"/health"}
[2026-05-17T08:58:47.308Z] [INFO] HTTP GET /health | {"method":"GET","url":"/health","statusCode":200,"duration":"1ms"}
[2026-05-17T08:58:51.678Z] [INFO] HTTP GET /health | {"method":"GET","url":"/health"}
[2026-05-17T08:58:51.678Z] [INFO] HTTP GET /health | {"method":"GET","url":"/health"}
[2026-05-17T08:58:51.678Z] [INFO] HTTP GET /health | {"method":"GET","url":"/health","statusCode":200}
[2026-05-17T08:58:51.678Z] [INFO] HTTP GET /health | {"method":"GET","url":"/health","statusCode":200}
[2026-05-17T08:59:17.362Z] [INFO] HTTP GET /health | {"method":"GET","url":"/health"}
[2026-05-17T08:59:17.363Z] [INFO] HTTP GET /health | {"method":"GET","url":"/health","statusCode":200,"duration":"1ms"}
[2026-05-17T08:59:21.731Z] [INFO] HTTP GET /health | {"method":"GET","url":"/health"}
[2026-05-17T08:59:21.731Z] [INFO] HTTP GET /health | {"method":"GET","url":"/health"}
[2026-05-17T08:59:21.731Z] [INFO] HTTP GET /health | {"method":"GET","url":"/health","statusCode":200}
[2026-05-17T08:59:21.731Z] [INFO] HTTP GET /health | {"method":"GET","url":"/health","statusCode":200}
[2026-05-17T08:59:47.412Z] [INFO] HTTP GET /health | {"method":"GET","url":"/health"}
[2026-05-17T08:59:47.412Z] [INFO] HTTP GET /health | {"method":"GET","url":"/health","statusCode":200}
[2026-05-17T08:59:51.791Z] [INFO] HTTP GET /health | {"method":"GET","url":"/health"}
[2026-05-17T08:59:51.791Z] [INFO] HTTP GET /health | {"method":"GET","url":"/health"}
[2026-05-17T08:59:51.791Z] [INFO] HTTP GET /health | {"method":"GET","url":"/health","statusCode":200,"duration":"1ms"}
[2026-05-17T08:59:51.791Z] [INFO] HTTP GET /health | {"method":"GET","url":"/health","statusCode":200}
[2026-05-17T09:00:17.477Z] [INFO] HTTP GET /health | {"method":"GET","url":"/health"}
[2026-05-17T09:00:17.477Z] [INFO] HTTP GET /health | {"method":"GET","url":"/health","statusCode":200}
[2026-05-17T09:00:21.840Z] [INFO] HTTP GET /health | {"method":"GET","url":"/health"}
[2026-05-17T09:00:21.840Z] [INFO] HTTP GET /health | {"method":"GET","url":"/health"}
[2026-05-17T09:00:21.840Z] [INFO] HTTP GET /health | {"method":"GET","url":"/health","statusCode":200}
[2026-05-17T09:00:21.840Z] [INFO] HTTP GET /health | {"method":"GET","url":"/health","statusCode":200}
[2026-05-17T09:00:47.532Z] [INFO] HTTP GET /health | {"method":"GET","url":"/health"}
[2026-05-17T09:00:47.532Z] [INFO] HTTP GET /health | {"method":"GET","url":"/health","statusCode":200}
[2026-05-17T09:00:51.888Z] [INFO] HTTP GET /health | {"method":"GET","url":"/health"}
[2026-05-17T09:00:51.888Z] [INFO] HTTP GET /health | {"method":"GET","url":"/health"}
[2026-05-17T09:00:51.888Z] [INFO] HTTP GET /health | {"method":"GET","url":"/health","statusCode":200}
[2026-05-17T09:00:51.889Z] [INFO] HTTP GET /health | {"method":"GET","url":"/health","statusCode":200,"duration":"1ms"}
[2026-05-17T09:01:17.592Z] [INFO] HTTP GET /health | {"method":"GET","url":"/health"}
[2026-05-17T09:01:17.592Z] [INFO] HTTP GET /health | {"method":"GET","url":"/health","statusCode":200}
[2026-05-17T09:01:21.945Z] [INFO] HTTP GET /health | {"method":"GET","url":"/health"}
[2026-05-17T09:01:21.945Z] [INFO] HTTP GET /health | {"method":"GET","url":"/health"}
[2026-05-17T09:01:21.945Z] [INFO] HTTP GET /health | {"method":"GET","url":"/health","statusCode":200}
[2026-05-17T09:01:21.945Z] [INFO] HTTP GET /health | {"method":"GET","url":"/health","statusCode":200}
[2026-05-17T09:01:47.646Z] [INFO] HTTP GET /health | {"method":"GET","url":"/health"}
[2026-05-17T09:01:47.646Z] [INFO] HTTP GET /health | {"method":"GET","url":"/health","statusCode":200,"duration":"1ms"}
[2026-05-17T09:01:52.005Z] [INFO] HTTP GET /health | {"method":"GET","url":"/health"}
[2026-05-17T09:01:52.005Z] [INFO] HTTP GET /health | {"method":"GET","url":"/health"}
[2026-05-17T09:01:52.005Z] [INFO] HTTP GET /health | {"method":"GET","url":"/health","statusCode":200}
[2026-05-17T09:01:52.005Z] [INFO] HTTP GET /health | {"method":"GET","url":"/health","statusCode":200}
[2026-05-17T09:02:17.697Z] [INFO] HTTP GET /health | {"method":"GET","url":"/health"}
[2026-05-17T09:02:17.697Z] [INFO] HTTP GET /health | {"method":"GET","url":"/health","statusCode":200}
[2026-05-17T09:02:22.041Z] [INFO] HTTP GET /health | {"method":"GET","url":"/health"}
[2026-05-17T09:02:22.041Z] [INFO] HTTP GET /health | {"method":"GET","url":"/health"}
[2026-05-17T09:02:22.041Z] [INFO] HTTP GET /health | {"method":"GET","url":"/health","statusCode":200}
[2026-05-17T09:02:22.041Z] [INFO] HTTP GET /health | {"method":"GET","url":"/health","statusCode":200}
[2026-05-17T09:02:47.754Z] [INFO] HTTP GET /health | {"method":"GET","url":"/health"}
[2026-05-17T09:02:47.754Z] [INFO] HTTP GET /health | {"method":"GET","url":"/health","statusCode":200}
[2026-05-17T09:02:52.096Z] [INFO] HTTP GET /health | {"method":"GET","url":"/health"}
[2026-05-17T09:02:52.096Z] [INFO] HTTP GET /health | {"method":"GET","url":"/health"}
[2026-05-17T09:02:52.096Z] [INFO] HTTP GET /health | {"method":"GET","url":"/health","statusCode":200}
[2026-05-17T09:02:52.096Z] [INFO] HTTP GET /health | {"method":"GET","url":"/health","statusCode":200}
[2026-05-17T09:03:17.812Z] [INFO] HTTP GET /health | {"method":"GET","url":"/health"}
[2026-05-17T09:03:17.812Z] [INFO] HTTP GET /health | {"method":"GET","url":"/health","statusCode":200}
[2026-05-17T09:03:22.165Z] [INFO] HTTP GET /health | {"method":"GET","url":"/health"}
[2026-05-17T09:03:22.165Z] [INFO] HTTP GET /health | {"method":"GET","url":"/health"}
[2026-05-17T09:03:22.165Z] [INFO] HTTP GET /health | {"method":"GET","url":"/health","statusCode":200,"duration":"1ms"}
[2026-05-17T09:03:22.165Z] [INFO] HTTP GET /health | {"method":"GET","url":"/health","statusCode":200}
[2026-05-17T09:03:47.880Z] [INFO] HTTP GET /health | {"method":"GET","url":"/health"}
[2026-05-17T09:03:47.880Z] [INFO] HTTP GET /health | {"method":"GET","url":"/health","statusCode":200}
[2026-05-17T09:03:52.217Z] [INFO] HTTP GET /health | {"method":"GET","url":"/health"}
[2026-05-17T09:03:52.217Z] [INFO] HTTP GET /health | {"method":"GET","url":"/health"}
[2026-05-17T09:03:52.218Z] [INFO] HTTP GET /health | {"method":"GET","url":"/health","statusCode":200,"duration":"1ms"}
[2026-05-17T09:03:52.218Z] [INFO] HTTP GET /health | {"method":"GET","url":"/health","statusCode":200}
[2026-05-17T09:04:17.944Z] [INFO] HTTP GET /health | {"method":"GET","url":"/health"}
[2026-05-17T09:04:17.944Z] [INFO] HTTP GET /health | {"method":"GET","url":"/health","statusCode":200}
[2026-05-17T09:04:22.260Z] [INFO] HTTP GET /health | {"method":"GET","url":"/health"}
[2026-05-17T09:04:22.260Z] [INFO] HTTP GET /health | {"method":"GET","url":"/health"}
[2026-05-17T09:04:22.260Z] [INFO] HTTP GET /health | {"method":"GET","url":"/health","statusCode":200}
[2026-05-17T09:04:22.260Z] [INFO] HTTP GET /health | {"method":"GET","url":"/health","statusCode":200}
[2026-05-17T09:04:48.001Z] [INFO] HTTP GET /health | {"method":"GET","url":"/health"}
[2026-05-17T09:04:48.001Z] [INFO] HTTP GET /health | {"method":"GET","url":"/health","statusCode":200}
[2026-05-17T09:04:52.318Z] [INFO] HTTP GET /health | {"method":"GET","url":"/health"}
[2026-05-17T09:04:52.318Z] [INFO] HTTP GET /health | {"method":"GET","url":"/health"}
[2026-05-17T09:04:52.318Z] [INFO] HTTP GET /health | {"method":"GET","url":"/health","statusCode":200}
[2026-05-17T09:04:52.318Z] [INFO] HTTP GET /health | {"method":"GET","url":"/health","statusCode":200}
[2026-05-17T09:05:18.060Z] [INFO] HTTP GET /health | {"method":"GET","url":"/health"}
[2026-05-17T09:05:18.060Z] [INFO] HTTP GET /health | {"method":"GET","url":"/health","statusCode":200,"duration":"1ms"}
[2026-05-17T09:05:22.379Z] [INFO] HTTP GET /health | {"method":"GET","url":"/health"}
[2026-05-17T09:05:22.380Z] [INFO] HTTP GET /health | {"method":"GET","url":"/health"}
[2026-05-17T09:05:22.379Z] [INFO] HTTP GET /health | {"method":"GET","url":"/health","statusCode":200}
[2026-05-17T09:05:22.380Z] [INFO] HTTP GET /health | {"method":"GET","url":"/health","statusCode":200}
[2026-05-17T09:05:23.883Z] [WARN] Critical project detected | {"projectId":"69f726d86dac1655e72089b2","projectName":"DC3 Migration","status":"critical","issues":["2 milestones are overdue"],"overdueMilestones":2,"totalMilestones":10,"completionRate":20}
[2026-05-17T09:05:23.883Z] [INFO] Monitoring report generated | {"totalProjects":1,"critical":1,"warning":0,"healthy":0}
[2026-05-17T09:05:23.883Z] [ERROR] Critical projects detected! | {"count":1,"projects":[{"name":"DC3 Migration","issues":["2 milestones are overdue"]}]}
[2026-05-17T09:05:48.119Z] [INFO] HTTP GET /health | {"method":"GET","url":"/health"}
[2026-05-17T09:05:48.119Z] [INFO] HTTP GET /health | {"method":"GET","url":"/health","statusCode":200,"duration":"1ms"}
[2026-05-17T09:05:52.439Z] [INFO] HTTP GET /health | {"method":"GET","url":"/health"}
[2026-05-17T09:05:52.439Z] [INFO] HTTP GET /health | {"method":"GET","url":"/health"}
[2026-05-17T09:05:52.439Z] [INFO] HTTP GET /health | {"method":"GET","url":"/health","statusCode":200}
[2026-05-17T09:05:52.439Z] [INFO] HTTP GET /health | {"method":"GET","url":"/health","statusCode":200}
[2026-05-17T09:06:18.175Z] [INFO] HTTP GET /health | {"method":"GET","url":"/health"}
[2026-05-17T09:06:18.175Z] [INFO] HTTP GET /health | {"method":"GET","url":"/health","statusCode":200}
[2026-05-17T09:06:22.495Z] [INFO] HTTP GET /health | {"method":"GET","url":"/health"}
[2026-05-17T09:06:22.495Z] [INFO] HTTP GET /health | {"method":"GET","url":"/health"}
[2026-05-17T09:06:22.495Z] [INFO] HTTP GET /health | {"method":"GET","url":"/health","statusCode":200}
[2026-05-17T09:06:22.495Z] [INFO] HTTP GET /health | {"method":"GET","url":"/health","statusCode":200}
[2026-05-17T09:06:48.223Z] [INFO] HTTP GET /health | {"method":"GET","url":"/health"}
[2026-05-17T09:06:48.224Z] [INFO] HTTP GET /health | {"method":"GET","url":"/health","statusCode":200}
[2026-05-17T09:06:52.550Z] [INFO] HTTP GET /health | {"method":"GET","url":"/health"}
[2026-05-17T09:06:52.550Z] [INFO] HTTP GET /health | {"method":"GET","url":"/health"}
[2026-05-17T09:06:52.551Z] [INFO] HTTP GET /health | {"method":"GET","url":"/health","statusCode":200,"duration":"1ms"}
[2026-05-17T09:06:52.551Z] [INFO] HTTP GET /health | {"method":"GET","url":"/health","statusCode":200,"duration":"1ms"}
[2026-05-17T09:07:18.278Z] [INFO] HTTP GET /health | {"method":"GET","url":"/health"}
[2026-05-17T09:07:18.278Z] [INFO] HTTP GET /health | {"method":"GET","url":"/health","statusCode":200}
[2026-05-17T09:07:22.600Z] [INFO] HTTP GET /health | {"method":"GET","url":"/health"}
[2026-05-17T09:07:22.600Z] [INFO] HTTP GET /health | {"method":"GET","url":"/health"}
[2026-05-17T09:07:22.600Z] [INFO] HTTP GET /health | {"method":"GET","url":"/health","statusCode":200}
[2026-05-17T09:07:22.600Z] [INFO] HTTP GET /health | {"method":"GET","url":"/health","statusCode":200}
[2026-05-17T09:07:48.337Z] [INFO] HTTP GET /health | {"method":"GET","url":"/health"}
[2026-05-17T09:07:48.337Z] [INFO] HTTP GET /health | {"method":"GET","url":"/health","statusCode":200}
[2026-05-17T09:07:52.656Z] [INFO] HTTP GET /health | {"method":"GET","url":"/health"}
[2026-05-17T09:07:52.657Z] [INFO] HTTP GET /health | {"method":"GET","url":"/health"}
[2026-05-17T09:07:52.657Z] [INFO] HTTP GET /health | {"method":"GET","url":"/health","statusCode":200,"duration":"1ms"}
[2026-05-17T09:07:52.657Z] [INFO] HTTP GET /health | {"method":"GET","url":"/health","statusCode":200}
[2026-05-17T09:08:18.392Z] [INFO] HTTP GET /health | {"method":"GET","url":"/health"}
[2026-05-17T09:08:18.392Z] [INFO] HTTP GET /health | {"method":"GET","url":"/health","statusCode":200}
[2026-05-17T09:08:22.719Z] [INFO] HTTP GET /health | {"method":"GET","url":"/health"}
[2026-05-17T09:08:22.719Z] [INFO] HTTP GET /health | {"method":"GET","url":"/health"}
[2026-05-17T09:08:22.719Z] [INFO] HTTP GET /health | {"method":"GET","url":"/health","statusCode":200}
[2026-05-17T09:08:22.719Z] [INFO] HTTP GET /health | {"method":"GET","url":"/health","statusCode":200}
[2026-05-17T09:08:48.434Z] [INFO] HTTP GET /health | {"method":"GET","url":"/health"}
[2026-05-17T09:08:48.434Z] [INFO] HTTP GET /health | {"method":"GET","url":"/health","statusCode":200}
[2026-05-17T09:08:52.769Z] [INFO] HTTP GET /health | {"method":"GET","url":"/health"}
[2026-05-17T09:08:52.769Z] [INFO] HTTP GET /health | {"method":"GET","url":"/health"}
[2026-05-17T09:08:52.769Z] [INFO] HTTP GET /health | {"method":"GET","url":"/health","statusCode":200,"duration":"1ms"}
[2026-05-17T09:08:52.769Z] [INFO] HTTP GET /health | {"method":"GET","url":"/health","statusCode":200}
[2026-05-17T09:09:18.491Z] [INFO] HTTP GET /health | {"method":"GET","url":"/health"}
[2026-05-17T09:09:18.491Z] [INFO] HTTP GET /health | {"method":"GET","url":"/health","statusCode":200}
[2026-05-17T09:09:22.822Z] [INFO] HTTP GET /health | {"method":"GET","url":"/health"}
[2026-05-17T09:09:22.822Z] [INFO] HTTP GET /health | {"method":"GET","url":"/health"}
[2026-05-17T09:09:22.822Z] [INFO] HTTP GET /health | {"method":"GET","url":"/health","statusCode":200}
[2026-05-17T09:09:22.822Z] [INFO] HTTP GET /health | {"method":"GET","url":"/health","statusCode":200}
[2026-05-17T09:09:48.526Z] [INFO] HTTP GET /health | {"method":"GET","url":"/health"}
[2026-05-17T09:09:48.526Z] [INFO] HTTP GET /health | {"method":"GET","url":"/health","statusCode":200}
[2026-05-17T09:09:52.857Z] [INFO] HTTP GET /health | {"method":"GET","url":"/health"}
[2026-05-17T09:09:52.857Z] [INFO] HTTP GET /health | {"method":"GET","url":"/health"}
[2026-05-17T09:09:52.858Z] [INFO] HTTP GET /health | {"method":"GET","url":"/health","statusCode":200}
[2026-05-17T09:09:52.858Z] [INFO] HTTP GET /health | {"method":"GET","url":"/health","statusCode":200,"duration":"1ms"}
[2026-05-17T09:10:18.575Z] [INFO] HTTP GET /health | {"method":"GET","url":"/health"}
[2026-05-17T09:10:18.575Z] [INFO] HTTP GET /health | {"method":"GET","url":"/health","statusCode":200}
[2026-05-17T09:10:22.915Z] [INFO] HTTP GET /health | {"method":"GET","url":"/health"}
[2026-05-17T09:10:22.915Z] [INFO] HTTP GET /health | {"method":"GET","url":"/health"}
[2026-05-17T09:10:22.915Z] [INFO] HTTP GET /health | {"method":"GET","url":"/health","statusCode":200}
[2026-05-17T09:10:22.916Z] [INFO] HTTP GET /health | {"method":"GET","url":"/health","statusCode":200}
[2026-05-17T09:10:48.621Z] [INFO] HTTP GET /health | {"method":"GET","url":"/health"}
[2026-05-17T09:10:48.621Z] [INFO] HTTP GET /health | {"method":"GET","url":"/health","statusCode":200}
[2026-05-17T09:10:52.965Z] [INFO] HTTP GET /health | {"method":"GET","url":"/health"}
[2026-05-17T09:10:52.965Z] [INFO] HTTP GET /health | {"method":"GET","url":"/health"}
[2026-05-17T09:10:52.965Z] [INFO] HTTP GET /health | {"method":"GET","url":"/health","statusCode":200}
[2026-05-17T09:10:52.965Z] [INFO] HTTP GET /health | {"method":"GET","url":"/health","statusCode":200}
[2026-05-17T09:11:18.659Z] [INFO] HTTP GET /health | {"method":"GET","url":"/health"}
[2026-05-17T09:11:18.659Z] [INFO] HTTP GET /health | {"method":"GET","url":"/health","statusCode":200}
[2026-05-17T09:11:23.030Z] [INFO] HTTP GET /health | {"method":"GET","url":"/health"}
[2026-05-17T09:11:23.030Z] [INFO] HTTP GET /health | {"method":"GET","url":"/health"}
[2026-05-17T09:11:23.031Z] [INFO] HTTP GET /health | {"method":"GET","url":"/health","statusCode":200,"duration":"1ms"}
[2026-05-17T09:11:23.031Z] [INFO] HTTP GET /health | {"method":"GET","url":"/health","statusCode":200,"duration":"1ms"}
[2026-05-17T09:11:48.710Z] [INFO] HTTP GET /health | {"method":"GET","url":"/health"}
[2026-05-17T09:11:48.710Z] [INFO] HTTP GET /health | {"method":"GET","url":"/health","statusCode":200}
[2026-05-17T09:11:53.087Z] [INFO] HTTP GET /health | {"method":"GET","url":"/health"}
[2026-05-17T09:11:53.088Z] [INFO] HTTP GET /health | {"method":"GET","url":"/health"}
[2026-05-17T09:11:53.088Z] [INFO] HTTP GET /health | {"method":"GET","url":"/health","statusCode":200,"duration":"1ms"}
[2026-05-17T09:11:53.088Z] [INFO] HTTP GET /health | {"method":"GET","url":"/health","statusCode":200,"duration":"1ms"}
[2026-05-17T09:12:18.746Z] [INFO] HTTP GET /health | {"method":"GET","url":"/health"}
[2026-05-17T09:12:18.746Z] [INFO] HTTP GET /health | {"method":"GET","url":"/health","statusCode":200}
[2026-05-17T09:12:23.137Z] [INFO] HTTP GET /health | {"method":"GET","url":"/health"}
[2026-05-17T09:12:23.137Z] [INFO] HTTP GET /health | {"method":"GET","url":"/health"}
[2026-05-17T09:12:23.137Z] [INFO] HTTP GET /health | {"method":"GET","url":"/health","statusCode":200}
[2026-05-17T09:12:23.137Z] [INFO] HTTP GET /health | {"method":"GET","url":"/health","statusCode":200}
[2026-05-17T09:12:48.788Z] [INFO] HTTP GET /health | {"method":"GET","url":"/health"}
[2026-05-17T09:12:48.788Z] [INFO] HTTP GET /health | {"method":"GET","url":"/health","statusCode":200}
[2026-05-17T09:12:53.196Z] [INFO] HTTP GET /health | {"method":"GET","url":"/health"}
[2026-05-17T09:12:53.197Z] [INFO] HTTP GET /health | {"method":"GET","url":"/health"}
[2026-05-17T09:12:53.197Z] [INFO] HTTP GET /health | {"method":"GET","url":"/health","statusCode":200,"duration":"1ms"}
[2026-05-17T09:12:53.197Z] [INFO] HTTP GET /health | {"method":"GET","url":"/health","statusCode":200}
[2026-05-17T09:13:18.837Z] [INFO] HTTP GET /health | {"method":"GET","url":"/health"}
[2026-05-17T09:13:18.837Z] [INFO] HTTP GET /health | {"method":"GET","url":"/health","statusCode":200}
[2026-05-17T09:13:23.250Z] [INFO] HTTP GET /health | {"method":"GET","url":"/health"}
[2026-05-17T09:13:23.250Z] [INFO] HTTP GET /health | {"method":"GET","url":"/health"}
[2026-05-17T09:13:23.250Z] [INFO] HTTP GET /health | {"method":"GET","url":"/health","statusCode":200}
[2026-05-17T09:13:23.250Z] [INFO] HTTP GET /health | {"method":"GET","url":"/health","statusCode":200}
[2026-05-17T09:13:48.883Z] [INFO] HTTP GET /health | {"method":"GET","url":"/health"}
[2026-05-17T09:13:48.883Z] [INFO] HTTP GET /health | {"method":"GET","url":"/health","statusCode":200,"duration":"1ms"}
[2026-05-17T09:13:53.303Z] [INFO] HTTP GET /health | {"method":"GET","url":"/health"}
[2026-05-17T09:13:53.303Z] [INFO] HTTP GET /health | {"method":"GET","url":"/health"}
[2026-05-17T09:13:53.304Z] [INFO] HTTP GET /health | {"method":"GET","url":"/health","statusCode":200,"duration":"1ms"}
[2026-05-17T09:13:53.304Z] [INFO] HTTP GET /health | {"method":"GET","url":"/health","statusCode":200,"duration":"1ms"}
[2026-05-17T09:14:18.934Z] [INFO] HTTP GET /health | {"method":"GET","url":"/health"}
[2026-05-17T09:14:18.934Z] [INFO] HTTP GET /health | {"method":"GET","url":"/health","statusCode":200}
[2026-05-17T09:14:23.352Z] [INFO] HTTP GET /health | {"method":"GET","url":"/health"}
[2026-05-17T09:14:23.352Z] [INFO] HTTP GET /health | {"method":"GET","url":"/health"}
[2026-05-17T09:14:23.353Z] [INFO] HTTP GET /health | {"method":"GET","url":"/health","statusCode":200}
[2026-05-17T09:14:23.353Z] [INFO] HTTP GET /health | {"method":"GET","url":"/health","statusCode":200,"duration":"1ms"}
[2026-05-17T09:14:48.986Z] [INFO] HTTP GET /health | {"method":"GET","url":"/health"}
[2026-05-17T09:14:48.986Z] [INFO] HTTP GET /health | {"method":"GET","url":"/health","statusCode":200}
[2026-05-17T09:14:53.403Z] [INFO] HTTP GET /health | {"method":"GET","url":"/health"}
[2026-05-17T09:14:53.403Z] [INFO] HTTP GET /health | {"method":"GET","url":"/health"}
[2026-05-17T09:14:53.403Z] [INFO] HTTP GET /health | {"method":"GET","url":"/health","statusCode":200}
[2026-05-17T09:14:53.404Z] [INFO] HTTP GET /health | {"method":"GET","url":"/health","statusCode":200}
[2026-05-17T09:15:19.037Z] [INFO] HTTP GET /health | {"method":"GET","url":"/health"}
[2026-05-17T09:15:19.037Z] [INFO] HTTP GET /health | {"method":"GET","url":"/health","statusCode":200}
[2026-05-17T09:15:23.453Z] [INFO] HTTP GET /health | {"method":"GET","url":"/health"}
[2026-05-17T09:15:23.453Z] [INFO] HTTP GET /health | {"method":"GET","url":"/health"}
[2026-05-17T09:15:23.453Z] [INFO] HTTP GET /health | {"method":"GET","url":"/health","statusCode":200}
[2026-05-17T09:15:23.454Z] [INFO] HTTP GET /health | {"method":"GET","url":"/health","statusCode":200}
[2026-05-17T09:15:49.096Z] [INFO] HTTP GET /health | {"method":"GET","url":"/health"}
[2026-05-17T09:15:49.096Z] [INFO] HTTP GET /health | {"method":"GET","url":"/health","statusCode":200}
[2026-05-17T09:15:53.495Z] [INFO] HTTP GET /health | {"method":"GET","url":"/health"}
[2026-05-17T09:15:53.495Z] [INFO] HTTP GET /health | {"method":"GET","url":"/health"}
[2026-05-17T09:15:53.495Z] [INFO] HTTP GET /health | {"method":"GET","url":"/health","statusCode":200,"duration":"1ms"}
[2026-05-17T09:15:53.495Z] [INFO] HTTP GET /health | {"method":"GET","url":"/health","statusCode":200}
[2026-05-17T09:16:19.146Z] [INFO] HTTP GET /health | {"method":"GET","url":"/health"}
[2026-05-17T09:16:19.146Z] [INFO] HTTP GET /health | {"method":"GET","url":"/health","statusCode":200}
[2026-05-17T09:16:23.544Z] [INFO] HTTP GET /health | {"method":"GET","url":"/health"}
[2026-05-17T09:16:23.544Z] [INFO] HTTP GET /health | {"method":"GET","url":"/health"}
[2026-05-17T09:16:23.544Z] [INFO] HTTP GET /health | {"method":"GET","url":"/health","statusCode":200}
[2026-05-17T09:16:23.544Z] [INFO] HTTP GET /health | {"method":"GET","url":"/health","statusCode":200}
[2026-05-17T09:16:49.197Z] [INFO] HTTP GET /health | {"method":"GET","url":"/health"}
[2026-05-17T09:16:49.197Z] [INFO] HTTP GET /health | {"method":"GET","url":"/health","statusCode":200}
[2026-05-17T09:16:53.588Z] [INFO] HTTP GET /health | {"method":"GET","url":"/health"}
[2026-05-17T09:16:53.588Z] [INFO] HTTP GET /health | {"method":"GET","url":"/health","statusCode":200}
[2026-05-17T09:16:53.589Z] [INFO] HTTP GET /health | {"method":"GET","url":"/health"}
[2026-05-17T09:16:53.589Z] [INFO] HTTP GET /health | {"method":"GET","url":"/health","statusCode":200}
[2026-05-17T09:17:19.257Z] [INFO] HTTP GET /health | {"method":"GET","url":"/health"}
[2026-05-17T09:17:19.257Z] [INFO] HTTP GET /health | {"method":"GET","url":"/health","statusCode":200,"duration":"1ms"}
[2026-05-17T09:17:23.621Z] [INFO] HTTP GET /health | {"method":"GET","url":"/health"}
[2026-05-17T09:17:23.621Z] [INFO] HTTP GET /health | {"method":"GET","url":"/health"}
[2026-05-17T09:17:23.621Z] [INFO] HTTP GET /health | {"method":"GET","url":"/health","statusCode":200}
[2026-05-17T09:17:23.621Z] [INFO] HTTP GET /health | {"method":"GET","url":"/health","statusCode":200}
[2026-05-17T09:17:49.311Z] [INFO] HTTP GET /health | {"method":"GET","url":"/health"}
[2026-05-17T09:17:49.311Z] [INFO] HTTP GET /health | {"method":"GET","url":"/health","statusCode":200,"duration":"1ms"}
[2026-05-17T09:17:53.678Z] [INFO] HTTP GET /health | {"method":"GET","url":"/health"}
[2026-05-17T09:17:53.678Z] [INFO] HTTP GET /health | {"method":"GET","url":"/health"}
[2026-05-17T09:17:53.678Z] [INFO] HTTP GET /health | {"method":"GET","url":"/health","statusCode":200}
[2026-05-17T09:17:53.678Z] [INFO] HTTP GET /health | {"method":"GET","url":"/health","statusCode":200}
[2026-05-17T09:18:19.368Z] [INFO] HTTP GET /health | {"method":"GET","url":"/health"}
[2026-05-17T09:18:19.369Z] [INFO] HTTP GET /health | {"method":"GET","url":"/health","statusCode":200}
[2026-05-17T09:18:23.736Z] [INFO] HTTP GET /health | {"method":"GET","url":"/health"}
[2026-05-17T09:18:23.737Z] [INFO] HTTP GET /health | {"method":"GET","url":"/health"}
[2026-05-17T09:18:23.737Z] [INFO] HTTP GET /health | {"method":"GET","url":"/health","statusCode":200,"duration":"1ms"}
[2026-05-17T09:18:23.737Z] [INFO] HTTP GET /health | {"method":"GET","url":"/health","statusCode":200}
[2026-05-17T09:18:49.420Z] [INFO] HTTP GET /health | {"method":"GET","url":"/health"}
[2026-05-17T09:18:49.420Z] [INFO] HTTP GET /health | {"method":"GET","url":"/health","statusCode":200}
[2026-05-17T09:18:53.795Z] [INFO] HTTP GET /health | {"method":"GET","url":"/health"}
[2026-05-17T09:18:53.795Z] [INFO] HTTP GET /health | {"method":"GET","url":"/health"}
[2026-05-17T09:18:53.795Z] [INFO] HTTP GET /health | {"method":"GET","url":"/health","statusCode":200}
[2026-05-17T09:18:53.795Z] [INFO] HTTP GET /health | {"method":"GET","url":"/health","statusCode":200,"duration":"1ms"}
[2026-05-17T09:19:19.468Z] [INFO] HTTP GET /health | {"method":"GET","url":"/health"}
[2026-05-17T09:19:19.468Z] [INFO] HTTP GET /health | {"method":"GET","url":"/health","statusCode":200}
[2026-05-17T09:19:23.843Z] [INFO] HTTP GET /health | {"method":"GET","url":"/health"}
[2026-05-17T09:19:23.843Z] [INFO] HTTP GET /health | {"method":"GET","url":"/health"}
[2026-05-17T09:19:23.843Z] [INFO] HTTP GET /health | {"method":"GET","url":"/health","statusCode":200}
[2026-05-17T09:19:23.843Z] [INFO] HTTP GET /health | {"method":"GET","url":"/health","statusCode":200}
[2026-05-17T09:19:49.524Z] [INFO] HTTP GET /health | {"method":"GET","url":"/health"}
[2026-05-17T09:19:49.524Z] [INFO] HTTP GET /health | {"method":"GET","url":"/health","statusCode":200,"duration":"1ms"}
[2026-05-17T09:19:53.888Z] [INFO] HTTP GET /health | {"method":"GET","url":"/health"}
[2026-05-17T09:19:53.888Z] [INFO] HTTP GET /health | {"method":"GET","url":"/health"}
[2026-05-17T09:19:53.888Z] [INFO] HTTP GET /health | {"method":"GET","url":"/health","statusCode":200}
[2026-05-17T09:19:53.888Z] [INFO] HTTP GET /health | {"method":"GET","url":"/health","statusCode":200}
[2026-05-17T09:20:19.592Z] [INFO] HTTP GET /health | {"method":"GET","url":"/health"}
[2026-05-17T09:20:19.593Z] [INFO] HTTP GET /health | {"method":"GET","url":"/health","statusCode":200,"duration":"1ms"}
[2026-05-17T09:20:23.940Z] [INFO] HTTP GET /health | {"method":"GET","url":"/health"}
[2026-05-17T09:20:23.940Z] [INFO] HTTP GET /health | {"method":"GET","url":"/health"}
[2026-05-17T09:20:23.940Z] [INFO] HTTP GET /health | {"method":"GET","url":"/health","statusCode":200}
[2026-05-17T09:20:23.941Z] [INFO] HTTP GET /health | {"method":"GET","url":"/health","statusCode":200,"duration":"1ms"}
[2026-05-17T09:20:49.641Z] [INFO] HTTP GET /health | {"method":"GET","url":"/health"}
[2026-05-17T09:20:49.641Z] [INFO] HTTP GET /health | {"method":"GET","url":"/health","statusCode":200}
[2026-05-17T09:20:53.993Z] [INFO] HTTP GET /health | {"method":"GET","url":"/health"}
[2026-05-17T09:20:53.993Z] [INFO] HTTP GET /health | {"method":"GET","url":"/health"}
[2026-05-17T09:20:53.993Z] [INFO] HTTP GET /health | {"method":"GET","url":"/health","statusCode":200}
[2026-05-17T09:20:53.993Z] [INFO] HTTP GET /health | {"method":"GET","url":"/health","statusCode":200}
[2026-05-17T09:21:19.677Z] [INFO] HTTP GET /health | {"method":"GET","url":"/health"}
[2026-05-17T09:21:19.677Z] [INFO] HTTP GET /health | {"method":"GET","url":"/health","statusCode":200}
[2026-05-17T09:21:24.037Z] [INFO] HTTP GET /health | {"method":"GET","url":"/health"}
[2026-05-17T09:21:24.038Z] [INFO] HTTP GET /health | {"method":"GET","url":"/health"}
[2026-05-17T09:21:24.038Z] [INFO] HTTP GET /health | {"method":"GET","url":"/health","statusCode":200,"duration":"1ms"}
[2026-05-17T09:21:24.038Z] [INFO] HTTP GET /health | {"method":"GET","url":"/health","statusCode":200,"duration":"1ms"}
[2026-05-17T09:21:49.737Z] [INFO] HTTP GET /health | {"method":"GET","url":"/health"}
[2026-05-17T09:21:49.737Z] [INFO] HTTP GET /health | {"method":"GET","url":"/health","statusCode":200}
[2026-05-17T09:21:54.095Z] [INFO] HTTP GET /health | {"method":"GET","url":"/health"}
[2026-05-17T09:21:54.095Z] [INFO] HTTP GET /health | {"method":"GET","url":"/health"}
[2026-05-17T09:21:54.095Z] [INFO] HTTP GET /health | {"method":"GET","url":"/health","statusCode":200}
[2026-05-17T09:21:54.095Z] [INFO] HTTP GET /health | {"method":"GET","url":"/health","statusCode":200}
[2026-05-17T09:22:19.781Z] [INFO] HTTP GET /health | {"method":"GET","url":"/health"}
[2026-05-17T09:22:19.781Z] [INFO] HTTP GET /health | {"method":"GET","url":"/health","statusCode":200}
[2026-05-17T09:22:24.148Z] [INFO] HTTP GET /health | {"method":"GET","url":"/health"}
[2026-05-17T09:22:24.148Z] [INFO] HTTP GET /health | {"method":"GET","url":"/health"}
[2026-05-17T09:22:24.148Z] [INFO] HTTP GET /health | {"method":"GET","url":"/health","statusCode":200}
[2026-05-17T09:22:24.148Z] [INFO] HTTP GET /health | {"method":"GET","url":"/health","statusCode":200}
[2026-05-17T09:22:49.839Z] [INFO] HTTP GET /health | {"method":"GET","url":"/health"}
[2026-05-17T09:22:49.839Z] [INFO] HTTP GET /health | {"method":"GET","url":"/health","statusCode":200}
[2026-05-17T09:22:54.198Z] [INFO] HTTP GET /health | {"method":"GET","url":"/health"}
[2026-05-17T09:22:54.198Z] [INFO] HTTP GET /health | {"method":"GET","url":"/health"}
[2026-05-17T09:22:54.198Z] [INFO] HTTP GET /health | {"method":"GET","url":"/health","statusCode":200,"duration":"1ms"}
[2026-05-17T09:22:54.198Z] [INFO] HTTP GET /health | {"method":"GET","url":"/health","statusCode":200}
[2026-05-17T09:23:19.900Z] [INFO] HTTP GET /health | {"method":"GET","url":"/health"}
[2026-05-17T09:23:19.900Z] [INFO] HTTP GET /health | {"method":"GET","url":"/health","statusCode":200}
[2026-05-17T09:23:24.250Z] [INFO] HTTP GET /health | {"method":"GET","url":"/health"}
[2026-05-17T09:23:24.251Z] [INFO] HTTP GET /health | {"method":"GET","url":"/health"}
[2026-05-17T09:23:24.251Z] [INFO] HTTP GET /health | {"method":"GET","url":"/health","statusCode":200}
[2026-05-17T09:23:24.251Z] [INFO] HTTP GET /health | {"method":"GET","url":"/health","statusCode":200}
[2026-05-17T09:23:49.957Z] [INFO] HTTP GET /health | {"method":"GET","url":"/health"}
[2026-05-17T09:23:49.957Z] [INFO] HTTP GET /health | {"method":"GET","url":"/health","statusCode":200}
[2026-05-17T09:23:54.313Z] [INFO] HTTP GET /health | {"method":"GET","url":"/health"}
[2026-05-17T09:23:54.313Z] [INFO] HTTP GET /health | {"method":"GET","url":"/health"}
[2026-05-17T09:23:54.313Z] [INFO] HTTP GET /health | {"method":"GET","url":"/health","statusCode":200}
[2026-05-17T09:23:54.313Z] [INFO] HTTP GET /health | {"method":"GET","url":"/health","statusCode":200}
[2026-05-17T09:24:20.004Z] [INFO] HTTP GET /health | {"method":"GET","url":"/health"}
[2026-05-17T09:24:20.004Z] [INFO] HTTP GET /health | {"method":"GET","url":"/health","statusCode":200}
[2026-05-17T09:24:24.359Z] [INFO] HTTP GET /health | {"method":"GET","url":"/health"}
[2026-05-17T09:24:24.359Z] [INFO] HTTP GET /health | {"method":"GET","url":"/health"}
[2026-05-17T09:24:24.359Z] [INFO] HTTP GET /health | {"method":"GET","url":"/health","statusCode":200}
[2026-05-17T09:24:24.359Z] [INFO] HTTP GET /health | {"method":"GET","url":"/health","statusCode":200}
[2026-05-17T09:24:50.054Z] [INFO] HTTP GET /health | {"method":"GET","url":"/health"}
[2026-05-17T09:24:50.054Z] [INFO] HTTP GET /health | {"method":"GET","url":"/health","statusCode":200}
[2026-05-17T09:24:54.412Z] [INFO] HTTP GET /health | {"method":"GET","url":"/health"}
[2026-05-17T09:24:54.412Z] [INFO] HTTP GET /health | {"method":"GET","url":"/health"}
[2026-05-17T09:24:54.412Z] [INFO] HTTP GET /health | {"method":"GET","url":"/health","statusCode":200}
[2026-05-17T09:24:54.412Z] [INFO] HTTP GET /health | {"method":"GET","url":"/health","statusCode":200}
[2026-05-17T09:25:20.107Z] [INFO] HTTP GET /health | {"method":"GET","url":"/health"}
[2026-05-17T09:25:20.107Z] [INFO] HTTP GET /health | {"method":"GET","url":"/health","statusCode":200}
[2026-05-17T09:25:24.468Z] [INFO] HTTP GET /health | {"method":"GET","url":"/health"}
[2026-05-17T09:25:24.468Z] [INFO] HTTP GET /health | {"method":"GET","url":"/health"}
[2026-05-17T09:25:24.468Z] [INFO] HTTP GET /health | {"method":"GET","url":"/health","statusCode":200}
[2026-05-17T09:25:24.469Z] [INFO] HTTP GET /health | {"method":"GET","url":"/health","statusCode":200}
[2026-05-17T09:25:50.166Z] [INFO] HTTP GET /health | {"method":"GET","url":"/health"}
[2026-05-17T09:25:50.166Z] [INFO] HTTP GET /health | {"method":"GET","url":"/health","statusCode":200}
[2026-05-17T09:25:54.524Z] [INFO] HTTP GET /health | {"method":"GET","url":"/health"}
[2026-05-17T09:25:54.524Z] [INFO] HTTP GET /health | {"method":"GET","url":"/health"}
[2026-05-17T09:25:54.524Z] [INFO] HTTP GET /health | {"method":"GET","url":"/health","statusCode":200}
[2026-05-17T09:25:54.524Z] [INFO] HTTP GET /health | {"method":"GET","url":"/health","statusCode":200}
[2026-05-17T09:26:20.222Z] [INFO] HTTP GET /health | {"method":"GET","url":"/health"}
[2026-05-17T09:26:20.222Z] [INFO] HTTP GET /health | {"method":"GET","url":"/health","statusCode":200}
[2026-05-17T09:26:24.573Z] [INFO] HTTP GET /health | {"method":"GET","url":"/health"}
[2026-05-17T09:26:24.573Z] [INFO] HTTP GET /health | {"method":"GET","url":"/health"}
[2026-05-17T09:26:24.573Z] [INFO] HTTP GET /health | {"method":"GET","url":"/health","statusCode":200,"duration":"1ms"}
[2026-05-17T09:26:24.573Z] [INFO] HTTP GET /health | {"method":"GET","url":"/health","statusCode":200}
[2026-05-17T09:26:50.281Z] [INFO] HTTP GET /health | {"method":"GET","url":"/health"}
[2026-05-17T09:26:50.281Z] [INFO] HTTP GET /health | {"method":"GET","url":"/health","statusCode":200}
[2026-05-17T09:26:54.622Z] [INFO] HTTP GET /health | {"method":"GET","url":"/health"}
[2026-05-17T09:26:54.622Z] [INFO] HTTP GET /health | {"method":"GET","url":"/health"}
[2026-05-17T09:26:54.622Z] [INFO] HTTP GET /health | {"method":"GET","url":"/health","statusCode":200}
[2026-05-17T09:26:54.623Z] [INFO] HTTP GET /health | {"method":"GET","url":"/health","statusCode":200,"duration":"1ms"}
[2026-05-17T09:27:20.333Z] [INFO] HTTP GET /health | {"method":"GET","url":"/health"}
[2026-05-17T09:27:20.334Z] [INFO] HTTP GET /health | {"method":"GET","url":"/health","statusCode":200,"duration":"1ms"}
[2026-05-17T09:27:24.680Z] [INFO] HTTP GET /health | {"method":"GET","url":"/health"}
[2026-05-17T09:27:24.680Z] [INFO] HTTP GET /health | {"method":"GET","url":"/health"}
[2026-05-17T09:27:24.680Z] [INFO] HTTP GET /health | {"method":"GET","url":"/health","statusCode":200}
[2026-05-17T09:27:24.681Z] [INFO] HTTP GET /health | {"method":"GET","url":"/health","statusCode":200,"duration":"1ms"}
[2026-05-17T09:27:50.386Z] [INFO] HTTP GET /health | {"method":"GET","url":"/health"}
[2026-05-17T09:27:50.386Z] [INFO] HTTP GET /health | {"method":"GET","url":"/health","statusCode":200}
[2026-05-17T09:27:54.722Z] [INFO] HTTP GET /health | {"method":"GET","url":"/health"}
[2026-05-17T09:27:54.722Z] [INFO] HTTP GET /health | {"method":"GET","url":"/health"}
[2026-05-17T09:27:54.722Z] [INFO] HTTP GET /health | {"method":"GET","url":"/health","statusCode":200}
[2026-05-17T09:27:54.722Z] [INFO] HTTP GET /health | {"method":"GET","url":"/health","statusCode":200}
[2026-05-17T09:28:20.443Z] [INFO] HTTP GET /health | {"method":"GET","url":"/health"}
[2026-05-17T09:28:20.443Z] [INFO] HTTP GET /health | {"method":"GET","url":"/health","statusCode":200}
[2026-05-17T09:28:24.774Z] [INFO] HTTP GET /health | {"method":"GET","url":"/health"}
[2026-05-17T09:28:24.774Z] [INFO] HTTP GET /health | {"method":"GET","url":"/health"}
[2026-05-17T09:28:24.774Z] [INFO] HTTP GET /health | {"method":"GET","url":"/health","statusCode":200}
[2026-05-17T09:28:24.774Z] [INFO] HTTP GET /health | {"method":"GET","url":"/health","statusCode":200}
[2026-05-17T09:28:50.494Z] [INFO] HTTP GET /health | {"method":"GET","url":"/health"}
[2026-05-17T09:28:50.495Z] [INFO] HTTP GET /health | {"method":"GET","url":"/health","statusCode":200}
[2026-05-17T09:28:54.819Z] [INFO] HTTP GET /health | {"method":"GET","url":"/health"}
[2026-05-17T09:28:54.819Z] [INFO] HTTP GET /health | {"method":"GET","url":"/health"}
[2026-05-17T09:28:54.819Z] [INFO] HTTP GET /health | {"method":"GET","url":"/health","statusCode":200}
[2026-05-17T09:28:54.819Z] [INFO] HTTP GET /health | {"method":"GET","url":"/health","statusCode":200}
[2026-05-17T09:29:20.558Z] [INFO] HTTP GET /health | {"method":"GET","url":"/health"}
[2026-05-17T09:29:20.558Z] [INFO] HTTP GET /health | {"method":"GET","url":"/health","statusCode":200}
[2026-05-17T09:29:24.873Z] [INFO] HTTP GET /health | {"method":"GET","url":"/health"}
[2026-05-17T09:29:24.873Z] [INFO] HTTP GET /health | {"method":"GET","url":"/health"}
[2026-05-17T09:29:24.873Z] [INFO] HTTP GET /health | {"method":"GET","url":"/health","statusCode":200}
[2026-05-17T09:29:24.873Z] [INFO] HTTP GET /health | {"method":"GET","url":"/health","statusCode":200}
[2026-05-17T09:29:50.610Z] [INFO] HTTP GET /health | {"method":"GET","url":"/health"}
[2026-05-17T09:29:50.611Z] [INFO] HTTP GET /health | {"method":"GET","url":"/health","statusCode":200,"duration":"1ms"}
[2026-05-17T09:29:54.931Z] [INFO] HTTP GET /health | {"method":"GET","url":"/health"}
[2026-05-17T09:29:54.931Z] [INFO] HTTP GET /health | {"method":"GET","url":"/health"}
[2026-05-17T09:29:54.932Z] [INFO] HTTP GET /health | {"method":"GET","url":"/health","statusCode":200,"duration":"1ms"}
[2026-05-17T09:29:54.932Z] [INFO] HTTP GET /health | {"method":"GET","url":"/health","statusCode":200,"duration":"1ms"}
[2026-05-17T09:30:20.656Z] [INFO] HTTP GET /health | {"method":"GET","url":"/health"}
[2026-05-17T09:30:20.656Z] [INFO] HTTP GET /health | {"method":"GET","url":"/health","statusCode":200}
[2026-05-17T09:30:24.969Z] [INFO] HTTP GET /health | {"method":"GET","url":"/health"}
[2026-05-17T09:30:24.969Z] [INFO] HTTP GET /health | {"method":"GET","url":"/health"}
[2026-05-17T09:30:24.969Z] [INFO] HTTP GET /health | {"method":"GET","url":"/health","statusCode":200}
[2026-05-17T09:30:24.969Z] [INFO] HTTP GET /health | {"method":"GET","url":"/health","statusCode":200}
[2026-05-17T09:30:50.709Z] [INFO] HTTP GET /health | {"method":"GET","url":"/health"}
[2026-05-17T09:30:50.709Z] [INFO] HTTP GET /health | {"method":"GET","url":"/health","statusCode":200}
[2026-05-17T09:30:55.022Z] [INFO] HTTP GET /health | {"method":"GET","url":"/health"}
[2026-05-17T09:30:55.022Z] [INFO] HTTP GET /health | {"method":"GET","url":"/health"}
[2026-05-17T09:30:55.022Z] [INFO] HTTP GET /health | {"method":"GET","url":"/health","statusCode":200}
[2026-05-17T09:30:55.023Z] [INFO] HTTP GET /health | {"method":"GET","url":"/health","statusCode":200,"duration":"1ms"}
[2026-05-17T09:31:20.761Z] [INFO] HTTP GET /health | {"method":"GET","url":"/health"}
[2026-05-17T09:31:20.761Z] [INFO] HTTP GET /health | {"method":"GET","url":"/health","statusCode":200}
[2026-05-17T09:31:25.068Z] [INFO] HTTP GET /health | {"method":"GET","url":"/health"}
[2026-05-17T09:31:25.068Z] [INFO] HTTP GET /health | {"method":"GET","url":"/health"}
[2026-05-17T09:31:25.068Z] [INFO] HTTP GET /health | {"method":"GET","url":"/health","statusCode":200,"duration":"1ms"}
[2026-05-17T09:31:25.068Z] [INFO] HTTP GET /health | {"method":"GET","url":"/health","statusCode":200}
[2026-05-17T09:31:50.823Z] [INFO] HTTP GET /health | {"method":"GET","url":"/health"}
[2026-05-17T09:31:50.823Z] [INFO] HTTP GET /health | {"method":"GET","url":"/health","statusCode":200}
[2026-05-17T09:31:55.117Z] [INFO] HTTP GET /health | {"method":"GET","url":"/health"}
[2026-05-17T09:31:55.117Z] [INFO] HTTP GET /health | {"method":"GET","url":"/health"}
[2026-05-17T09:31:55.117Z] [INFO] HTTP GET /health | {"method":"GET","url":"/health","statusCode":200}
[2026-05-17T09:31:55.118Z] [INFO] HTTP GET /health | {"method":"GET","url":"/health","statusCode":200}
[2026-05-17T09:32:20.880Z] [INFO] HTTP GET /health | {"method":"GET","url":"/health"}
[2026-05-17T09:32:20.880Z] [INFO] HTTP GET /health | {"method":"GET","url":"/health","statusCode":200}
[2026-05-17T09:32:25.169Z] [INFO] HTTP GET /health | {"method":"GET","url":"/health"}
[2026-05-17T09:32:25.169Z] [INFO] HTTP GET /health | {"method":"GET","url":"/health"}
[2026-05-17T09:32:25.169Z] [INFO] HTTP GET /health | {"method":"GET","url":"/health","statusCode":200}
[2026-05-17T09:32:25.169Z] [INFO] HTTP GET /health | {"method":"GET","url":"/health","statusCode":200}
[2026-05-17T09:32:50.932Z] [INFO] HTTP GET /health | {"method":"GET","url":"/health"}
[2026-05-17T09:32:50.932Z] [INFO] HTTP GET /health | {"method":"GET","url":"/health","statusCode":200,"duration":"1ms"}
[2026-05-17T09:32:55.223Z] [INFO] HTTP GET /health | {"method":"GET","url":"/health"}
[2026-05-17T09:32:55.223Z] [INFO] HTTP GET /health | {"method":"GET","url":"/health","statusCode":200}
[2026-05-17T09:32:55.224Z] [INFO] HTTP GET /health | {"method":"GET","url":"/health"}
[2026-05-17T09:32:55.224Z] [INFO] HTTP GET /health | {"method":"GET","url":"/health","statusCode":200}
[2026-05-17T09:33:20.979Z] [INFO] HTTP GET /health | {"method":"GET","url":"/health"}
[2026-05-17T09:33:20.979Z] [INFO] HTTP GET /health | {"method":"GET","url":"/health","statusCode":200}
[2026-05-17T09:33:25.270Z] [INFO] HTTP GET /health | {"method":"GET","url":"/health"}
[2026-05-17T09:33:25.270Z] [INFO] HTTP GET /health | {"method":"GET","url":"/health"}
[2026-05-17T09:33:25.270Z] [INFO] HTTP GET /health | {"method":"GET","url":"/health","statusCode":200}
[2026-05-17T09:33:25.271Z] [INFO] HTTP GET /health | {"method":"GET","url":"/health","statusCode":200,"duration":"1ms"}
[2026-05-17T09:33:51.038Z] [INFO] HTTP GET /health | {"method":"GET","url":"/health"}
[2026-05-17T09:33:51.038Z] [INFO] HTTP GET /health | {"method":"GET","url":"/health","statusCode":200}
[2026-05-17T09:33:55.321Z] [INFO] HTTP GET /health | {"method":"GET","url":"/health"}
[2026-05-17T09:33:55.321Z] [INFO] HTTP GET /health | {"method":"GET","url":"/health"}
[2026-05-17T09:33:55.322Z] [INFO] HTTP GET /health | {"method":"GET","url":"/health","statusCode":200}
[2026-05-17T09:33:55.322Z] [INFO] HTTP GET /health | {"method":"GET","url":"/health","statusCode":200,"duration":"1ms"}
[2026-05-17T09:34:21.092Z] [INFO] HTTP GET /health | {"method":"GET","url":"/health"}
[2026-05-17T09:34:21.092Z] [INFO] HTTP GET /health | {"method":"GET","url":"/health","statusCode":200}
[2026-05-17T09:34:25.386Z] [INFO] HTTP GET /health | {"method":"GET","url":"/health"}
[2026-05-17T09:34:25.387Z] [INFO] HTTP GET /health | {"method":"GET","url":"/health"}
[2026-05-17T09:34:25.387Z] [INFO] HTTP GET /health | {"method":"GET","url":"/health","statusCode":200,"duration":"1ms"}
[2026-05-17T09:34:25.387Z] [INFO] HTTP GET /health | {"method":"GET","url":"/health","statusCode":200}
[2026-05-17T09:34:51.142Z] [INFO] HTTP GET /health | {"method":"GET","url":"/health"}
[2026-05-17T09:34:51.142Z] [INFO] HTTP GET /health | {"method":"GET","url":"/health","statusCode":200}
[2026-05-17T09:34:55.448Z] [INFO] HTTP GET /health | {"method":"GET","url":"/health"}
[2026-05-17T09:34:55.449Z] [INFO] HTTP GET /health | {"method":"GET","url":"/health"}
[2026-05-17T09:34:55.448Z] [INFO] HTTP GET /health | {"method":"GET","url":"/health","statusCode":200}
[2026-05-17T09:34:55.449Z] [INFO] HTTP GET /health | {"method":"GET","url":"/health","statusCode":200}
[2026-05-17T09:35:21.195Z] [INFO] HTTP GET /health | {"method":"GET","url":"/health"}
[2026-05-17T09:35:21.195Z] [INFO] HTTP GET /health | {"method":"GET","url":"/health","statusCode":200}
[2026-05-17T09:35:25.491Z] [INFO] HTTP GET /health | {"method":"GET","url":"/health"}
[2026-05-17T09:35:25.491Z] [INFO] HTTP GET /health | {"method":"GET","url":"/health"}
[2026-05-17T09:35:25.491Z] [INFO] HTTP GET /health | {"method":"GET","url":"/health","statusCode":200}
[2026-05-17T09:35:25.491Z] [INFO] HTTP GET /health | {"method":"GET","url":"/health","statusCode":200}
[2026-05-17T09:35:51.243Z] [INFO] HTTP GET /health | {"method":"GET","url":"/health"}
[2026-05-17T09:35:51.243Z] [INFO] HTTP GET /health | {"method":"GET","url":"/health","statusCode":200}
[2026-05-17T09:35:55.551Z] [INFO] HTTP GET /health | {"method":"GET","url":"/health"}
[2026-05-17T09:35:55.551Z] [INFO] HTTP GET /health | {"method":"GET","url":"/health"}
[2026-05-17T09:35:55.551Z] [INFO] HTTP GET /health | {"method":"GET","url":"/health","statusCode":200}
[2026-05-17T09:35:55.551Z] [INFO] HTTP GET /health | {"method":"GET","url":"/health","statusCode":200}
[2026-05-17T09:36:21.277Z] [INFO] HTTP GET /health | {"method":"GET","url":"/health"}
[2026-05-17T09:36:21.277Z] [INFO] HTTP GET /health | {"method":"GET","url":"/health","statusCode":200}
[2026-05-17T09:36:25.602Z] [INFO] HTTP GET /health | {"method":"GET","url":"/health"}
[2026-05-17T09:36:25.602Z] [INFO] HTTP GET /health | {"method":"GET","url":"/health"}
[2026-05-17T09:36:25.602Z] [INFO] HTTP GET /health | {"method":"GET","url":"/health","statusCode":200}
[2026-05-17T09:36:25.602Z] [INFO] HTTP GET /health | {"method":"GET","url":"/health","statusCode":200}
[2026-05-17T09:36:51.333Z] [INFO] HTTP GET /health | {"method":"GET","url":"/health"}
[2026-05-17T09:36:51.333Z] [INFO] HTTP GET /health | {"method":"GET","url":"/health","statusCode":200,"duration":"1ms"}
[2026-05-17T09:36:55.657Z] [INFO] HTTP GET /health | {"method":"GET","url":"/health"}
[2026-05-17T09:36:55.657Z] [INFO] HTTP GET /health | {"method":"GET","url":"/health"}
[2026-05-17T09:36:55.657Z] [INFO] HTTP GET /health | {"method":"GET","url":"/health","statusCode":200}
[2026-05-17T09:36:55.657Z] [INFO] HTTP GET /health | {"method":"GET","url":"/health","statusCode":200}
[2026-05-17T09:37:21.388Z] [INFO] HTTP GET /health | {"method":"GET","url":"/health"}
[2026-05-17T09:37:21.388Z] [INFO] HTTP GET /health | {"method":"GET","url":"/health","statusCode":200}
[2026-05-17T09:37:25.711Z] [INFO] HTTP GET /health | {"method":"GET","url":"/health"}
[2026-05-17T09:37:25.711Z] [INFO] HTTP GET /health | {"method":"GET","url":"/health"}
[2026-05-17T09:37:25.711Z] [INFO] HTTP GET /health | {"method":"GET","url":"/health","statusCode":200}
[2026-05-17T09:37:25.712Z] [INFO] HTTP GET /health | {"method":"GET","url":"/health","statusCode":200,"duration":"1ms"}
[2026-05-17T09:37:51.456Z] [INFO] HTTP GET /health | {"method":"GET","url":"/health"}
[2026-05-17T09:37:51.456Z] [INFO] HTTP GET /health | {"method":"GET","url":"/health","statusCode":200}
[2026-05-17T09:37:55.763Z] [INFO] HTTP GET /health | {"method":"GET","url":"/health"}
[2026-05-17T09:37:55.764Z] [INFO] HTTP GET /health | {"method":"GET","url":"/health"}
[2026-05-17T09:37:55.764Z] [INFO] HTTP GET /health | {"method":"GET","url":"/health","statusCode":200}
[2026-05-17T09:37:55.764Z] [INFO] HTTP GET /health | {"method":"GET","url":"/health","statusCode":200,"duration":"1ms"}
[2026-05-17T09:38:21.509Z] [INFO] HTTP GET /health | {"method":"GET","url":"/health"}
[2026-05-17T09:38:21.509Z] [INFO] HTTP GET /health | {"method":"GET","url":"/health","statusCode":200}
[2026-05-17T09:38:25.817Z] [INFO] HTTP GET /health | {"method":"GET","url":"/health"}
[2026-05-17T09:38:25.817Z] [INFO] HTTP GET /health | {"method":"GET","url":"/health"}
[2026-05-17T09:38:25.817Z] [INFO] HTTP GET /health | {"method":"GET","url":"/health","statusCode":200}
[2026-05-17T09:38:25.817Z] [INFO] HTTP GET /health | {"method":"GET","url":"/health","statusCode":200}
[2026-05-17T09:38:51.562Z] [INFO] HTTP GET /health | {"method":"GET","url":"/health"}
[2026-05-17T09:38:51.562Z] [INFO] HTTP GET /health | {"method":"GET","url":"/health","statusCode":200}
[2026-05-17T09:38:55.881Z] [INFO] HTTP GET /health | {"method":"GET","url":"/health"}
[2026-05-17T09:38:55.882Z] [INFO] HTTP GET /health | {"method":"GET","url":"/health"}
[2026-05-17T09:38:55.882Z] [INFO] HTTP GET /health | {"method":"GET","url":"/health","statusCode":200,"duration":"1ms"}
[2026-05-17T09:38:55.882Z] [INFO] HTTP GET /health | {"method":"GET","url":"/health","statusCode":200,"duration":"1ms"}
[2026-05-17T09:39:21.605Z] [INFO] HTTP GET /health | {"method":"GET","url":"/health"}
[2026-05-17T09:39:21.605Z] [INFO] HTTP GET /health | {"method":"GET","url":"/health","statusCode":200}
[2026-05-17T09:39:25.953Z] [INFO] HTTP GET /health | {"method":"GET","url":"/health"}
[2026-05-17T09:39:25.953Z] [INFO] HTTP GET /health | {"method":"GET","url":"/health"}
[2026-05-17T09:39:25.953Z] [INFO] HTTP GET /health | {"method":"GET","url":"/health","statusCode":200}
[2026-05-17T09:39:25.953Z] [INFO] HTTP GET /health | {"method":"GET","url":"/health","statusCode":200}
[2026-05-17T09:39:51.654Z] [INFO] HTTP GET /health | {"method":"GET","url":"/health"}
[2026-05-17T09:39:51.654Z] [INFO] HTTP GET /health | {"method":"GET","url":"/health","statusCode":200}
[2026-05-17T09:39:56.006Z] [INFO] HTTP GET /health | {"method":"GET","url":"/health"}
[2026-05-17T09:39:56.006Z] [INFO] HTTP GET /health | {"method":"GET","url":"/health"}
[2026-05-17T09:39:56.006Z] [INFO] HTTP GET /health | {"method":"GET","url":"/health","statusCode":200}
[2026-05-17T09:39:56.006Z] [INFO] HTTP GET /health | {"method":"GET","url":"/health","statusCode":200}
[2026-05-17T09:40:21.701Z] [INFO] HTTP GET /health | {"method":"GET","url":"/health"}
[2026-05-17T09:40:21.701Z] [INFO] HTTP GET /health | {"method":"GET","url":"/health","statusCode":200}
[2026-05-17T09:40:26.054Z] [INFO] HTTP GET /health | {"method":"GET","url":"/health"}
[2026-05-17T09:40:26.054Z] [INFO] HTTP GET /health | {"method":"GET","url":"/health"}
[2026-05-17T09:40:26.054Z] [INFO] HTTP GET /health | {"method":"GET","url":"/health","statusCode":200}
[2026-05-17T09:40:26.054Z] [INFO] HTTP GET /health | {"method":"GET","url":"/health","statusCode":200}
[2026-05-17T09:40:51.747Z] [INFO] HTTP GET /health | {"method":"GET","url":"/health"}
[2026-05-17T09:40:51.747Z] [INFO] HTTP GET /health | {"method":"GET","url":"/health","statusCode":200}
[2026-05-17T09:40:56.103Z] [INFO] HTTP GET /health | {"method":"GET","url":"/health"}
[2026-05-17T09:40:56.103Z] [INFO] HTTP GET /health | {"method":"GET","url":"/health"}
[2026-05-17T09:40:56.103Z] [INFO] HTTP GET /health | {"method":"GET","url":"/health","statusCode":200}
[2026-05-17T09:40:56.103Z] [INFO] HTTP GET /health | {"method":"GET","url":"/health","statusCode":200}
[2026-05-17T09:41:21.800Z] [INFO] HTTP GET /health | {"method":"GET","url":"/health"}
[2026-05-17T09:41:21.801Z] [INFO] HTTP GET /health | {"method":"GET","url":"/health","statusCode":200,"duration":"1ms"}
[2026-05-17T09:41:26.147Z] [INFO] HTTP GET /health | {"method":"GET","url":"/health"}
[2026-05-17T09:41:26.147Z] [INFO] HTTP GET /health | {"method":"GET","url":"/health"}
[2026-05-17T09:41:26.148Z] [INFO] HTTP GET /health | {"method":"GET","url":"/health","statusCode":200,"duration":"1ms"}
[2026-05-17T09:41:26.148Z] [INFO] HTTP GET /health | {"method":"GET","url":"/health","statusCode":200,"duration":"1ms"}
[2026-05-17T09:41:51.852Z] [INFO] HTTP GET /health | {"method":"GET","url":"/health"}
[2026-05-17T09:41:51.852Z] [INFO] HTTP GET /health | {"method":"GET","url":"/health","statusCode":200}
[2026-05-17T09:41:56.197Z] [INFO] HTTP GET /health | {"method":"GET","url":"/health"}
[2026-05-17T09:41:56.197Z] [INFO] HTTP GET /health | {"method":"GET","url":"/health"}
[2026-05-17T09:41:56.197Z] [INFO] HTTP GET /health | {"method":"GET","url":"/health","statusCode":200}
[2026-05-17T09:41:56.197Z] [INFO] HTTP GET /health | {"method":"GET","url":"/health","statusCode":200}
[2026-05-17T09:42:21.905Z] [INFO] HTTP GET /health | {"method":"GET","url":"/health"}
[2026-05-17T09:42:21.906Z] [INFO] HTTP GET /health | {"method":"GET","url":"/health","statusCode":200,"duration":"1ms"}
[2026-05-17T09:42:26.245Z] [INFO] HTTP GET /health | {"method":"GET","url":"/health"}
[2026-05-17T09:42:26.246Z] [INFO] HTTP GET /health | {"method":"GET","url":"/health"}
[2026-05-17T09:42:26.246Z] [INFO] HTTP GET /health | {"method":"GET","url":"/health","statusCode":200,"duration":"1ms"}
[2026-05-17T09:42:26.245Z] [INFO] HTTP GET /health | {"method":"GET","url":"/health","statusCode":200}
[2026-05-17T09:42:51.969Z] [INFO] HTTP GET /health | {"method":"GET","url":"/health"}
[2026-05-17T09:42:51.969Z] [INFO] HTTP GET /health | {"method":"GET","url":"/health","statusCode":200}
[2026-05-17T09:42:56.295Z] [INFO] HTTP GET /health | {"method":"GET","url":"/health"}
[2026-05-17T09:42:56.295Z] [INFO] HTTP GET /health | {"method":"GET","url":"/health"}
[2026-05-17T09:42:56.295Z] [INFO] HTTP GET /health | {"method":"GET","url":"/health","statusCode":200}
[2026-05-17T09:42:56.295Z] [INFO] HTTP GET /health | {"method":"GET","url":"/health","statusCode":200}
[2026-05-17T09:43:22.028Z] [INFO] HTTP GET /health | {"method":"GET","url":"/health"}
[2026-05-17T09:43:22.028Z] [INFO] HTTP GET /health | {"method":"GET","url":"/health","statusCode":200}
[2026-05-17T09:43:26.350Z] [INFO] HTTP GET /health | {"method":"GET","url":"/health"}
[2026-05-17T09:43:26.350Z] [INFO] HTTP GET /health | {"method":"GET","url":"/health"}
[2026-05-17T09:43:26.350Z] [INFO] HTTP GET /health | {"method":"GET","url":"/health","statusCode":200}
[2026-05-17T09:43:26.350Z] [INFO] HTTP GET /health | {"method":"GET","url":"/health","statusCode":200,"duration":"1ms"}
[2026-05-17T09:43:52.065Z] [INFO] HTTP GET /health | {"method":"GET","url":"/health"}
[2026-05-17T09:43:52.066Z] [INFO] HTTP GET /health | {"method":"GET","url":"/health","statusCode":200,"duration":"1ms"}
[2026-05-17T09:43:56.398Z] [INFO] HTTP GET /health | {"method":"GET","url":"/health"}
[2026-05-17T09:43:56.398Z] [INFO] HTTP GET /health | {"method":"GET","url":"/health"}
[2026-05-17T09:43:56.398Z] [INFO] HTTP GET /health | {"method":"GET","url":"/health","statusCode":200}
[2026-05-17T09:43:56.398Z] [INFO] HTTP GET /health | {"method":"GET","url":"/health","statusCode":200}
[2026-05-17T09:44:22.119Z] [INFO] HTTP GET /health | {"method":"GET","url":"/health"}
[2026-05-17T09:44:22.119Z] [INFO] HTTP GET /health | {"method":"GET","url":"/health","statusCode":200}
[2026-05-17T09:44:26.451Z] [INFO] HTTP GET /health | {"method":"GET","url":"/health"}
[2026-05-17T09:44:26.451Z] [INFO] HTTP GET /health | {"method":"GET","url":"/health"}
[2026-05-17T09:44:26.451Z] [INFO] HTTP GET /health | {"method":"GET","url":"/health","statusCode":200}
[2026-05-17T09:44:26.452Z] [INFO] HTTP GET /health | {"method":"GET","url":"/health","statusCode":200,"duration":"1ms"}
[2026-05-17T09:44:52.175Z] [INFO] HTTP GET /health | {"method":"GET","url":"/health"}
[2026-05-17T09:44:52.176Z] [INFO] HTTP GET /health | {"method":"GET","url":"/health","statusCode":200,"duration":"1ms"}
[2026-05-17T09:44:56.505Z] [INFO] HTTP GET /health | {"method":"GET","url":"/health"}
[2026-05-17T09:44:56.505Z] [INFO] HTTP GET /health | {"method":"GET","url":"/health"}
[2026-05-17T09:44:56.505Z] [INFO] HTTP GET /health | {"method":"GET","url":"/health","statusCode":200}
[2026-05-17T09:44:56.505Z] [INFO] HTTP GET /health | {"method":"GET","url":"/health","statusCode":200}
[2026-05-17T09:45:22.213Z] [INFO] HTTP GET /health | {"method":"GET","url":"/health"}
[2026-05-17T09:45:22.213Z] [INFO] HTTP GET /health | {"method":"GET","url":"/health","statusCode":200}
[2026-05-17T09:45:26.560Z] [INFO] HTTP GET /health | {"method":"GET","url":"/health"}
[2026-05-17T09:45:26.560Z] [INFO] HTTP GET /health | {"method":"GET","url":"/health"}
[2026-05-17T09:45:26.560Z] [INFO] HTTP GET /health | {"method":"GET","url":"/health","statusCode":200}
[2026-05-17T09:45:26.560Z] [INFO] HTTP GET /health | {"method":"GET","url":"/health","statusCode":200}
[2026-05-17T09:45:52.290Z] [INFO] HTTP GET /health | {"method":"GET","url":"/health"}
[2026-05-17T09:45:52.291Z] [INFO] HTTP GET /health | {"method":"GET","url":"/health","statusCode":200,"duration":"1ms"}
[2026-05-17T09:45:56.618Z] [INFO] HTTP GET /health | {"method":"GET","url":"/health"}
[2026-05-17T09:45:56.618Z] [INFO] HTTP GET /health | {"method":"GET","url":"/health"}
[2026-05-17T09:45:56.618Z] [INFO] HTTP GET /health | {"method":"GET","url":"/health","statusCode":200}
[2026-05-17T09:45:56.619Z] [INFO] HTTP GET /health | {"method":"GET","url":"/health","statusCode":200,"duration":"1ms"}
[2026-05-17T09:46:22.348Z] [INFO] HTTP GET /health | {"method":"GET","url":"/health"}
[2026-05-17T09:46:22.348Z] [INFO] HTTP GET /health | {"method":"GET","url":"/health","statusCode":200}
[2026-05-17T09:46:26.670Z] [INFO] HTTP GET /health | {"method":"GET","url":"/health"}
[2026-05-17T09:46:26.670Z] [INFO] HTTP GET /health | {"method":"GET","url":"/health"}
[2026-05-17T09:46:26.671Z] [INFO] HTTP GET /health | {"method":"GET","url":"/health","statusCode":200}
[2026-05-17T09:46:26.671Z] [INFO] HTTP GET /health | {"method":"GET","url":"/health","statusCode":200}
[2026-05-17T09:46:52.410Z] [INFO] HTTP GET /health | {"method":"GET","url":"/health"}
[2026-05-17T09:46:52.410Z] [INFO] HTTP GET /health | {"method":"GET","url":"/health","statusCode":200}
[2026-05-17T09:46:56.715Z] [INFO] HTTP GET /health | {"method":"GET","url":"/health"}
[2026-05-17T09:46:56.715Z] [INFO] HTTP GET /health | {"method":"GET","url":"/health"}
[2026-05-17T09:46:56.715Z] [INFO] HTTP GET /health | {"method":"GET","url":"/health","statusCode":200}
[2026-05-17T09:46:56.715Z] [INFO] HTTP GET /health | {"method":"GET","url":"/health","statusCode":200}
[2026-05-17T09:47:22.467Z] [INFO] HTTP GET /health | {"method":"GET","url":"/health"}
[2026-05-17T09:47:22.467Z] [INFO] HTTP GET /health | {"method":"GET","url":"/health","statusCode":200}
[2026-05-17T09:47:26.762Z] [INFO] HTTP GET /health | {"method":"GET","url":"/health"}
[2026-05-17T09:47:26.763Z] [INFO] HTTP GET /health | {"method":"GET","url":"/health","statusCode":200}
[2026-05-17T09:47:26.763Z] [INFO] HTTP GET /health | {"method":"GET","url":"/health"}
[2026-05-17T09:47:26.763Z] [INFO] HTTP GET /health | {"method":"GET","url":"/health","statusCode":200}
[2026-05-17T09:47:52.524Z] [INFO] HTTP GET /health | {"method":"GET","url":"/health"}
[2026-05-17T09:47:52.524Z] [INFO] HTTP GET /health | {"method":"GET","url":"/health","statusCode":200}
[2026-05-17T09:47:56.820Z] [INFO] HTTP GET /health | {"method":"GET","url":"/health"}
[2026-05-17T09:47:56.820Z] [INFO] HTTP GET /health | {"method":"GET","url":"/health"}
[2026-05-17T09:47:56.820Z] [INFO] HTTP GET /health | {"method":"GET","url":"/health","statusCode":200,"duration":"1ms"}
[2026-05-17T09:47:56.820Z] [INFO] HTTP GET /health | {"method":"GET","url":"/health","statusCode":200}
[2026-05-17T09:48:22.583Z] [INFO] HTTP GET /health | {"method":"GET","url":"/health"}
[2026-05-17T09:48:22.583Z] [INFO] HTTP GET /health | {"method":"GET","url":"/health","statusCode":200}
[2026-05-17T09:48:26.866Z] [INFO] HTTP GET /health | {"method":"GET","url":"/health"}
[2026-05-17T09:48:26.866Z] [INFO] HTTP GET /health | {"method":"GET","url":"/health"}
[2026-05-17T09:48:26.866Z] [INFO] HTTP GET /health | {"method":"GET","url":"/health","statusCode":200}
[2026-05-17T09:48:26.866Z] [INFO] HTTP GET /health | {"method":"GET","url":"/health","statusCode":200}
[2026-05-17T09:48:52.650Z] [INFO] HTTP GET /health | {"method":"GET","url":"/health"}
[2026-05-17T09:48:52.651Z] [INFO] HTTP GET /health | {"method":"GET","url":"/health","statusCode":200,"duration":"1ms"}
[2026-05-17T09:48:56.922Z] [INFO] HTTP GET /health | {"method":"GET","url":"/health"}
[2026-05-17T09:48:56.923Z] [INFO] HTTP GET /health | {"method":"GET","url":"/health"}
[2026-05-17T09:48:56.923Z] [INFO] HTTP GET /health | {"method":"GET","url":"/health","statusCode":200}
[2026-05-17T09:48:56.923Z] [INFO] HTTP GET /health | {"method":"GET","url":"/health","statusCode":200}
[2026-05-17T09:49:22.703Z] [INFO] HTTP GET /health | {"method":"GET","url":"/health"}
[2026-05-17T09:49:22.703Z] [INFO] HTTP GET /health | {"method":"GET","url":"/health","statusCode":200}
[2026-05-17T09:49:26.974Z] [INFO] HTTP GET /health | {"method":"GET","url":"/health"}
[2026-05-17T09:49:26.974Z] [INFO] HTTP GET /health | {"method":"GET","url":"/health"}
[2026-05-17T09:49:26.974Z] [INFO] HTTP GET /health | {"method":"GET","url":"/health","statusCode":200}
[2026-05-17T09:49:26.974Z] [INFO] HTTP GET /health | {"method":"GET","url":"/health","statusCode":200}
[2026-05-17T09:49:52.763Z] [INFO] HTTP GET /health | {"method":"GET","url":"/health"}
[2026-05-17T09:49:52.763Z] [INFO] HTTP GET /health | {"method":"GET","url":"/health","statusCode":200}
[2026-05-17T09:49:57.037Z] [INFO] HTTP GET /health | {"method":"GET","url":"/health"}
[2026-05-17T09:49:57.037Z] [INFO] HTTP GET /health | {"method":"GET","url":"/health"}
[2026-05-17T09:49:57.037Z] [INFO] HTTP GET /health | {"method":"GET","url":"/health","statusCode":200}
[2026-05-17T09:49:57.037Z] [INFO] HTTP GET /health | {"method":"GET","url":"/health","statusCode":200}
[2026-05-17T09:50:22.813Z] [INFO] HTTP GET /health | {"method":"GET","url":"/health"}
[2026-05-17T09:50:22.814Z] [INFO] HTTP GET /health | {"method":"GET","url":"/health","statusCode":200}
[2026-05-17T09:50:27.084Z] [INFO] HTTP GET /health | {"method":"GET","url":"/health"}
[2026-05-17T09:50:27.084Z] [INFO] HTTP GET /health | {"method":"GET","url":"/health"}
[2026-05-17T09:50:27.084Z] [INFO] HTTP GET /health | {"method":"GET","url":"/health","statusCode":200}
[2026-05-17T09:50:27.084Z] [INFO] HTTP GET /health | {"method":"GET","url":"/health","statusCode":200}
[2026-05-17T09:50:52.870Z] [INFO] HTTP GET /health | {"method":"GET","url":"/health"}
[2026-05-17T09:50:52.870Z] [INFO] HTTP GET /health | {"method":"GET","url":"/health","statusCode":200}
[2026-05-17T09:50:57.140Z] [INFO] HTTP GET /health | {"method":"GET","url":"/health"}
[2026-05-17T09:50:57.140Z] [INFO] HTTP GET /health | {"method":"GET","url":"/health"}
[2026-05-17T09:50:57.140Z] [INFO] HTTP GET /health | {"method":"GET","url":"/health","statusCode":200}
[2026-05-17T09:50:57.140Z] [INFO] HTTP GET /health | {"method":"GET","url":"/health","statusCode":200}
[2026-05-17T09:51:22.891Z] [INFO] HTTP GET /health | {"method":"GET","url":"/health"}
[2026-05-17T09:51:22.891Z] [INFO] HTTP GET /health | {"method":"GET","url":"/health","statusCode":200}
[2026-05-17T09:51:27.188Z] [INFO] HTTP GET /health | {"method":"GET","url":"/health"}
[2026-05-17T09:51:27.189Z] [INFO] HTTP GET /health | {"method":"GET","url":"/health"}
[2026-05-17T09:51:27.189Z] [INFO] HTTP GET /health | {"method":"GET","url":"/health","statusCode":200}
[2026-05-17T09:51:27.189Z] [INFO] HTTP GET /health | {"method":"GET","url":"/health","statusCode":200,"duration":"1ms"}
[2026-05-17T09:51:52.936Z] [INFO] HTTP GET /health | {"method":"GET","url":"/health"}
[2026-05-17T09:51:52.936Z] [INFO] HTTP GET /health | {"method":"GET","url":"/health","statusCode":200}
[2026-05-17T09:51:57.246Z] [INFO] HTTP GET /health | {"method":"GET","url":"/health"}
[2026-05-17T09:51:57.246Z] [INFO] HTTP GET /health | {"method":"GET","url":"/health"}
[2026-05-17T09:51:57.246Z] [INFO] HTTP GET /health | {"method":"GET","url":"/health","statusCode":200}
[2026-05-17T09:51:57.247Z] [INFO] HTTP GET /health | {"method":"GET","url":"/health","statusCode":200,"duration":"1ms"}
[2026-05-17T09:52:22.997Z] [INFO] HTTP GET /health | {"method":"GET","url":"/health"}
[2026-05-17T09:52:22.997Z] [INFO] HTTP GET /health | {"method":"GET","url":"/health","statusCode":200,"duration":"1ms"}
[2026-05-17T09:52:27.313Z] [INFO] HTTP GET /health | {"method":"GET","url":"/health"}
[2026-05-17T09:52:27.313Z] [INFO] HTTP GET /health | {"method":"GET","url":"/health"}
[2026-05-17T09:52:27.313Z] [INFO] HTTP GET /health | {"method":"GET","url":"/health","statusCode":200}
[2026-05-17T09:52:27.313Z] [INFO] HTTP GET /health | {"method":"GET","url":"/health","statusCode":200}
[2026-05-17T09:52:53.065Z] [INFO] HTTP GET /health | {"method":"GET","url":"/health"}
[2026-05-17T09:52:53.065Z] [INFO] HTTP GET /health | {"method":"GET","url":"/health","statusCode":200}
[2026-05-17T09:52:57.372Z] [INFO] HTTP GET /health | {"method":"GET","url":"/health"}
[2026-05-17T09:52:57.372Z] [INFO] HTTP GET /health | {"method":"GET","url":"/health"}
[2026-05-17T09:52:57.372Z] [INFO] HTTP GET /health | {"method":"GET","url":"/health","statusCode":200}
[2026-05-17T09:52:57.372Z] [INFO] HTTP GET /health | {"method":"GET","url":"/health","statusCode":200}
[2026-05-17T09:53:23.116Z] [INFO] HTTP GET /health | {"method":"GET","url":"/health"}
[2026-05-17T09:53:23.117Z] [INFO] HTTP GET /health | {"method":"GET","url":"/health","statusCode":200,"duration":"1ms"}
[2026-05-17T09:53:27.425Z] [INFO] HTTP GET /health | {"method":"GET","url":"/health"}
[2026-05-17T09:53:27.425Z] [INFO] HTTP GET /health | {"method":"GET","url":"/health"}
[2026-05-17T09:53:27.425Z] [INFO] HTTP GET /health | {"method":"GET","url":"/health","statusCode":200}
[2026-05-17T09:53:27.426Z] [INFO] HTTP GET /health | {"method":"GET","url":"/health","statusCode":200,"duration":"1ms"}
[2026-05-17T09:53:53.164Z] [INFO] HTTP GET /health | {"method":"GET","url":"/health"}
[2026-05-17T09:53:53.164Z] [INFO] HTTP GET /health | {"method":"GET","url":"/health","statusCode":200}
[2026-05-17T09:53:57.478Z] [INFO] HTTP GET /health | {"method":"GET","url":"/health"}
[2026-05-17T09:53:57.478Z] [INFO] HTTP GET /health | {"method":"GET","url":"/health"}
[2026-05-17T09:53:57.478Z] [INFO] HTTP GET /health | {"method":"GET","url":"/health","statusCode":200,"duration":"1ms"}
[2026-05-17T09:53:57.478Z] [INFO] HTTP GET /health | {"method":"GET","url":"/health","statusCode":200,"duration":"1ms"}
[2026-05-17T09:54:23.225Z] [INFO] HTTP GET /health | {"method":"GET","url":"/health"}
[2026-05-17T09:54:23.226Z] [INFO] HTTP GET /health | {"method":"GET","url":"/health","statusCode":200,"duration":"1ms"}
[2026-05-17T09:54:27.518Z] [INFO] HTTP GET /health | {"method":"GET","url":"/health"}
[2026-05-17T09:54:27.518Z] [INFO] HTTP GET /health | {"method":"GET","url":"/health"}
[2026-05-17T09:54:27.518Z] [INFO] HTTP GET /health | {"method":"GET","url":"/health","statusCode":200}
[2026-05-17T09:54:27.518Z] [INFO] HTTP GET /health | {"method":"GET","url":"/health","statusCode":200}
[2026-05-17T09:54:53.281Z] [INFO] HTTP GET /health | {"method":"GET","url":"/health"}
[2026-05-17T09:54:53.281Z] [INFO] HTTP GET /health | {"method":"GET","url":"/health","statusCode":200}
[2026-05-17T09:54:57.579Z] [INFO] HTTP GET /health | {"method":"GET","url":"/health"}
[2026-05-17T09:54:57.579Z] [INFO] HTTP GET /health | {"method":"GET","url":"/health"}
[2026-05-17T09:54:57.579Z] [INFO] HTTP GET /health | {"method":"GET","url":"/health","statusCode":200}
[2026-05-17T09:54:57.579Z] [INFO] HTTP GET /health | {"method":"GET","url":"/health","statusCode":200}
[2026-05-17T09:55:23.339Z] [INFO] HTTP GET /health | {"method":"GET","url":"/health"}
[2026-05-17T09:55:23.339Z] [INFO] HTTP GET /health | {"method":"GET","url":"/health","statusCode":200}
[2026-05-17T09:55:27.631Z] [INFO] HTTP GET /health | {"method":"GET","url":"/health"}
[2026-05-17T09:55:27.632Z] [INFO] HTTP GET /health | {"method":"GET","url":"/health"}
[2026-05-17T09:55:27.631Z] [INFO] HTTP GET /health | {"method":"GET","url":"/health","statusCode":200}
[2026-05-17T09:55:27.632Z] [INFO] HTTP GET /health | {"method":"GET","url":"/health","statusCode":200}
[2026-05-17T09:55:53.397Z] [INFO] HTTP GET /health | {"method":"GET","url":"/health"}
[2026-05-17T09:55:53.397Z] [INFO] HTTP GET /health | {"method":"GET","url":"/health","statusCode":200}
[2026-05-17T09:55:57.683Z] [INFO] HTTP GET /health | {"method":"GET","url":"/health"}
[2026-05-17T09:55:57.683Z] [INFO] HTTP GET /health | {"method":"GET","url":"/health"}
[2026-05-17T09:55:57.683Z] [INFO] HTTP GET /health | {"method":"GET","url":"/health","statusCode":200}
[2026-05-17T09:55:57.684Z] [INFO] HTTP GET /health | {"method":"GET","url":"/health","statusCode":200,"duration":"1ms"}
[2026-05-17T09:56:23.447Z] [INFO] HTTP GET /health | {"method":"GET","url":"/health"}
[2026-05-17T09:56:23.447Z] [INFO] HTTP GET /health | {"method":"GET","url":"/health","statusCode":200}
[2026-05-17T09:56:27.734Z] [INFO] HTTP GET /health | {"method":"GET","url":"/health"}
[2026-05-17T09:56:27.734Z] [INFO] HTTP GET /health | {"method":"GET","url":"/health"}
[2026-05-17T09:56:27.734Z] [INFO] HTTP GET /health | {"method":"GET","url":"/health","statusCode":200}
[2026-05-17T09:56:27.734Z] [INFO] HTTP GET /health | {"method":"GET","url":"/health","statusCode":200}
[2026-05-17T09:56:53.504Z] [INFO] HTTP GET /health | {"method":"GET","url":"/health"}
[2026-05-17T09:56:53.505Z] [INFO] HTTP GET /health | {"method":"GET","url":"/health","statusCode":200}
[2026-05-17T09:56:57.790Z] [INFO] HTTP GET /health | {"method":"GET","url":"/health"}
[2026-05-17T09:56:57.790Z] [INFO] HTTP GET /health | {"method":"GET","url":"/health"}
[2026-05-17T09:56:57.790Z] [INFO] HTTP GET /health | {"method":"GET","url":"/health","statusCode":200}
[2026-05-17T09:56:57.790Z] [INFO] HTTP GET /health | {"method":"GET","url":"/health","statusCode":200}
[2026-05-17T09:57:23.560Z] [INFO] HTTP GET /health | {"method":"GET","url":"/health"}
[2026-05-17T09:57:23.560Z] [INFO] HTTP GET /health | {"method":"GET","url":"/health","statusCode":200}
[2026-05-17T09:57:27.847Z] [INFO] HTTP GET /health | {"method":"GET","url":"/health"}
[2026-05-17T09:57:27.847Z] [INFO] HTTP GET /health | {"method":"GET","url":"/health"}
[2026-05-17T09:57:27.847Z] [INFO] HTTP GET /health | {"method":"GET","url":"/health","statusCode":200}
[2026-05-17T09:57:27.848Z] [INFO] HTTP GET /health | {"method":"GET","url":"/health","statusCode":200,"duration":"1ms"}
[2026-05-17T09:57:53.619Z] [INFO] HTTP GET /health | {"method":"GET","url":"/health"}
[2026-05-17T09:57:53.620Z] [INFO] HTTP GET /health | {"method":"GET","url":"/health","statusCode":200}
[2026-05-17T09:57:57.893Z] [INFO] HTTP GET /health | {"method":"GET","url":"/health"}
[2026-05-17T09:57:57.894Z] [INFO] HTTP GET /health | {"method":"GET","url":"/health"}
[2026-05-17T09:57:57.894Z] [INFO] HTTP GET /health | {"method":"GET","url":"/health","statusCode":200,"duration":"1ms"}
[2026-05-17T09:57:57.894Z] [INFO] HTTP GET /health | {"method":"GET","url":"/health","statusCode":200}
[2026-05-17T09:58:23.682Z] [INFO] HTTP GET /health | {"method":"GET","url":"/health"}
[2026-05-17T09:58:23.682Z] [INFO] HTTP GET /health | {"method":"GET","url":"/health","statusCode":200}
[2026-05-17T09:58:27.949Z] [INFO] HTTP GET /health | {"method":"GET","url":"/health"}
[2026-05-17T09:58:27.949Z] [INFO] HTTP GET /health | {"method":"GET","url":"/health"}
[2026-05-17T09:58:27.949Z] [INFO] HTTP GET /health | {"method":"GET","url":"/health","statusCode":200}
[2026-05-17T09:58:27.950Z] [INFO] HTTP GET /health | {"method":"GET","url":"/health","statusCode":200,"duration":"1ms"}
[2026-05-17T09:58:53.729Z] [INFO] HTTP GET /health | {"method":"GET","url":"/health"}
[2026-05-17T09:58:53.729Z] [INFO] HTTP GET /health | {"method":"GET","url":"/health","statusCode":200,"duration":"1ms"}
[2026-05-17T09:58:57.988Z] [INFO] HTTP GET /health | {"method":"GET","url":"/health"}
[2026-05-17T09:58:57.988Z] [INFO] HTTP GET /health | {"method":"GET","url":"/health"}
[2026-05-17T09:58:57.988Z] [INFO] HTTP GET /health | {"method":"GET","url":"/health","statusCode":200}
[2026-05-17T09:58:57.989Z] [INFO] HTTP GET /health | {"method":"GET","url":"/health","statusCode":200}
[2026-05-17T09:59:23.779Z] [INFO] HTTP GET /health | {"method":"GET","url":"/health"}
[2026-05-17T09:59:23.779Z] [INFO] HTTP GET /health | {"method":"GET","url":"/health","statusCode":200}
[2026-05-17T09:59:28.037Z] [INFO] HTTP GET /health | {"method":"GET","url":"/health"}
[2026-05-17T09:59:28.038Z] [INFO] HTTP GET /health | {"method":"GET","url":"/health"}
[2026-05-17T09:59:28.037Z] [INFO] HTTP GET /health | {"method":"GET","url":"/health","statusCode":200}
[2026-05-17T09:59:28.038Z] [INFO] HTTP GET /health | {"method":"GET","url":"/health","statusCode":200,"duration":"1ms"}
[2026-05-17T09:59:53.835Z] [INFO] HTTP GET /health | {"method":"GET","url":"/health"}
[2026-05-17T09:59:53.836Z] [INFO] HTTP GET /health | {"method":"GET","url":"/health","statusCode":200,"duration":"1ms"}
[2026-05-17T09:59:58.089Z] [INFO] HTTP GET /health | {"method":"GET","url":"/health"}
[2026-05-17T09:59:58.089Z] [INFO] HTTP GET /health | {"method":"GET","url":"/health"}
[2026-05-17T09:59:58.089Z] [INFO] HTTP GET /health | {"method":"GET","url":"/health","statusCode":200}
[2026-05-17T09:59:58.089Z] [INFO] HTTP GET /health | {"method":"GET","url":"/health","statusCode":200}
[2026-05-17T10:00:23.886Z] [INFO] HTTP GET /health | {"method":"GET","url":"/health"}
[2026-05-17T10:00:23.886Z] [INFO] HTTP GET /health | {"method":"GET","url":"/health","statusCode":200,"duration":"1ms"}
[2026-05-17T10:00:28.131Z] [INFO] HTTP GET /health | {"method":"GET","url":"/health"}
[2026-05-17T10:00:28.131Z] [INFO] HTTP GET /health | {"method":"GET","url":"/health"}
[2026-05-17T10:00:28.131Z] [INFO] HTTP GET /health | {"method":"GET","url":"/health","statusCode":200}
[2026-05-17T10:00:28.131Z] [INFO] HTTP GET /health | {"method":"GET","url":"/health","statusCode":200,"duration":"1ms"}
[2026-05-17T10:00:53.936Z] [INFO] HTTP GET /health | {"method":"GET","url":"/health"}
[2026-05-17T10:00:53.936Z] [INFO] HTTP GET /health | {"method":"GET","url":"/health","statusCode":200}
[2026-05-17T10:00:58.168Z] [INFO] HTTP GET /health | {"method":"GET","url":"/health"}
[2026-05-17T10:00:58.168Z] [INFO] HTTP GET /health | {"method":"GET","url":"/health"}
[2026-05-17T10:00:58.168Z] [INFO] HTTP GET /health | {"method":"GET","url":"/health","statusCode":200}
[2026-05-17T10:00:58.168Z] [INFO] HTTP GET /health | {"method":"GET","url":"/health","statusCode":200}
[2026-05-17T10:01:23.994Z] [INFO] HTTP GET /health | {"method":"GET","url":"/health"}
[2026-05-17T10:01:23.994Z] [INFO] HTTP GET /health | {"method":"GET","url":"/health","statusCode":200}
[2026-05-17T10:01:28.217Z] [INFO] HTTP GET /health | {"method":"GET","url":"/health"}
[2026-05-17T10:01:28.217Z] [INFO] HTTP GET /health | {"method":"GET","url":"/health"}
[2026-05-17T10:01:28.217Z] [INFO] HTTP GET /health | {"method":"GET","url":"/health","statusCode":200}
[2026-05-17T10:01:28.217Z] [INFO] HTTP GET /health | {"method":"GET","url":"/health","statusCode":200}
[2026-05-17T10:01:54.052Z] [INFO] HTTP GET /health | {"method":"GET","url":"/health"}
[2026-05-17T10:01:54.053Z] [INFO] HTTP GET /health | {"method":"GET","url":"/health","statusCode":200}
[2026-05-17T10:01:58.234Z] [INFO] HTTP GET /health | {"method":"GET","url":"/health"}
[2026-05-17T10:01:58.234Z] [INFO] HTTP GET /health | {"method":"GET","url":"/health","statusCode":200}
[2026-05-17T10:01:58.235Z] [INFO] HTTP GET /health | {"method":"GET","url":"/health"}
[2026-05-17T10:01:58.235Z] [INFO] HTTP GET /health | {"method":"GET","url":"/health","statusCode":200}
[2026-05-17T10:02:24.111Z] [INFO] HTTP GET /health | {"method":"GET","url":"/health"}
[2026-05-17T10:02:24.111Z] [INFO] HTTP GET /health | {"method":"GET","url":"/health","statusCode":200,"duration":"1ms"}
[2026-05-17T10:02:28.278Z] [INFO] HTTP GET /health | {"method":"GET","url":"/health"}
[2026-05-17T10:02:28.278Z] [INFO] HTTP GET /health | {"method":"GET","url":"/health"}
[2026-05-17T10:02:28.278Z] [INFO] HTTP GET /health | {"method":"GET","url":"/health","statusCode":200}
[2026-05-17T10:02:28.279Z] [INFO] HTTP GET /health | {"method":"GET","url":"/health","statusCode":200,"duration":"1ms"}
[2026-05-17T10:02:54.154Z] [INFO] HTTP GET /health | {"method":"GET","url":"/health"}
[2026-05-17T10:02:54.155Z] [INFO] HTTP GET /health | {"method":"GET","url":"/health","statusCode":200}
[2026-05-17T10:02:58.313Z] [INFO] HTTP GET /health | {"method":"GET","url":"/health"}
[2026-05-17T10:02:58.314Z] [INFO] HTTP GET /health | {"method":"GET","url":"/health"}
[2026-05-17T10:02:58.314Z] [INFO] HTTP GET /health | {"method":"GET","url":"/health","statusCode":200,"duration":"1ms"}
[2026-05-17T10:02:58.313Z] [INFO] HTTP GET /health | {"method":"GET","url":"/health","statusCode":200}
[2026-05-17T10:03:24.208Z] [INFO] HTTP GET /health | {"method":"GET","url":"/health"}
[2026-05-17T10:03:24.209Z] [INFO] HTTP GET /health | {"method":"GET","url":"/health","statusCode":200,"duration":"1ms"}
[2026-05-17T10:03:28.349Z] [INFO] HTTP GET /health | {"method":"GET","url":"/health"}
[2026-05-17T10:03:28.349Z] [INFO] HTTP GET /health | {"method":"GET","url":"/health"}
[2026-05-17T10:03:28.349Z] [INFO] HTTP GET /health | {"method":"GET","url":"/health","statusCode":200}
[2026-05-17T10:03:28.350Z] [INFO] HTTP GET /health | {"method":"GET","url":"/health","statusCode":200,"duration":"1ms"}
[2026-05-17T10:03:54.258Z] [INFO] HTTP GET /health | {"method":"GET","url":"/health"}
[2026-05-17T10:03:54.259Z] [INFO] HTTP GET /health | {"method":"GET","url":"/health","statusCode":200,"duration":"1ms"}
[2026-05-17T10:03:58.417Z] [INFO] HTTP GET /health | {"method":"GET","url":"/health"}
[2026-05-17T10:03:58.417Z] [INFO] HTTP GET /health | {"method":"GET","url":"/health"}
[2026-05-17T10:03:58.418Z] [INFO] HTTP GET /health | {"method":"GET","url":"/health","statusCode":200,"duration":"1ms"}
[2026-05-17T10:03:58.418Z] [INFO] HTTP GET /health | {"method":"GET","url":"/health","statusCode":200,"duration":"1ms"}
[2026-05-17T10:04:24.317Z] [INFO] HTTP GET /health | {"method":"GET","url":"/health"}
[2026-05-17T10:04:24.317Z] [INFO] HTTP GET /health | {"method":"GET","url":"/health","statusCode":200}
[2026-05-17T10:04:28.470Z] [INFO] HTTP GET /health | {"method":"GET","url":"/health"}
[2026-05-17T10:04:28.470Z] [INFO] HTTP GET /health | {"method":"GET","url":"/health"}
[2026-05-17T10:04:28.470Z] [INFO] HTTP GET /health | {"method":"GET","url":"/health","statusCode":200}
[2026-05-17T10:04:28.470Z] [INFO] HTTP GET /health | {"method":"GET","url":"/health","statusCode":200}
[2026-05-17T10:04:54.366Z] [INFO] HTTP GET /health | {"method":"GET","url":"/health"}
[2026-05-17T10:04:54.367Z] [INFO] HTTP GET /health | {"method":"GET","url":"/health","statusCode":200,"duration":"1ms"}
[2026-05-17T10:04:58.523Z] [INFO] HTTP GET /health | {"method":"GET","url":"/health"}
[2026-05-17T10:04:58.524Z] [INFO] HTTP GET /health | {"method":"GET","url":"/health"}
[2026-05-17T10:04:58.523Z] [INFO] HTTP GET /health | {"method":"GET","url":"/health","statusCode":200}
[2026-05-17T10:04:58.524Z] [INFO] HTTP GET /health | {"method":"GET","url":"/health","statusCode":200,"duration":"1ms"}
[2026-05-17T10:05:23.868Z] [WARN] Critical project detected | {"projectId":"69f726d86dac1655e72089b2","projectName":"DC3 Migration","status":"critical","issues":["2 milestones are overdue"],"overdueMilestones":2,"totalMilestones":10,"completionRate":20}
[2026-05-17T10:05:23.868Z] [INFO] Monitoring report generated | {"totalProjects":1,"critical":1,"warning":0,"healthy":0}
[2026-05-17T10:05:23.868Z] [ERROR] Critical projects detected! | {"count":1,"projects":[{"name":"DC3 Migration","issues":["2 milestones are overdue"]}]}
[2026-05-17T10:05:24.424Z] [INFO] HTTP GET /health | {"method":"GET","url":"/health"}
[2026-05-17T10:05:24.424Z] [INFO] HTTP GET /health | {"method":"GET","url":"/health","statusCode":200}
[2026-05-17T10:05:28.571Z] [INFO] HTTP GET /health | {"method":"GET","url":"/health"}
[2026-05-17T10:05:28.571Z] [INFO] HTTP GET /health | {"method":"GET","url":"/health"}
[2026-05-17T10:05:28.571Z] [INFO] HTTP GET /health | {"method":"GET","url":"/health","statusCode":200}
[2026-05-17T10:05:28.571Z] [INFO] HTTP GET /health | {"method":"GET","url":"/health","statusCode":200}
[2026-05-17T10:05:54.478Z] [INFO] HTTP GET /health | {"method":"GET","url":"/health"}
[2026-05-17T10:05:54.478Z] [INFO] HTTP GET /health | {"method":"GET","url":"/health","statusCode":200}
[2026-05-17T10:05:58.630Z] [INFO] HTTP GET /health | {"method":"GET","url":"/health"}
[2026-05-17T10:05:58.630Z] [INFO] HTTP GET /health | {"method":"GET","url":"/health"}
[2026-05-17T10:05:58.630Z] [INFO] HTTP GET /health | {"method":"GET","url":"/health","statusCode":200}
[2026-05-17T10:05:58.630Z] [INFO] HTTP GET /health | {"method":"GET","url":"/health","statusCode":200}
[2026-05-17T10:06:24.532Z] [INFO] HTTP GET /health | {"method":"GET","url":"/health"}
[2026-05-17T10:06:24.532Z] [INFO] HTTP GET /health | {"method":"GET","url":"/health","statusCode":200}
[2026-05-17T10:06:28.685Z] [INFO] HTTP GET /health | {"method":"GET","url":"/health"}
[2026-05-17T10:06:28.685Z] [INFO] HTTP GET /health | {"method":"GET","url":"/health"}
[2026-05-17T10:06:28.685Z] [INFO] HTTP GET /health | {"method":"GET","url":"/health","statusCode":200}
[2026-05-17T10:06:28.685Z] [INFO] HTTP GET /health | {"method":"GET","url":"/health","statusCode":200}
[2026-05-17T10:06:54.584Z] [INFO] HTTP GET /health | {"method":"GET","url":"/health"}
[2026-05-17T10:06:54.584Z] [INFO] HTTP GET /health | {"method":"GET","url":"/health","statusCode":200}
[2026-05-17T10:06:58.743Z] [INFO] HTTP GET /health | {"method":"GET","url":"/health"}
[2026-05-17T10:06:58.743Z] [INFO] HTTP GET /health | {"method":"GET","url":"/health"}
[2026-05-17T10:06:58.744Z] [INFO] HTTP GET /health | {"method":"GET","url":"/health","statusCode":200,"duration":"1ms"}
[2026-05-17T10:06:58.744Z] [INFO] HTTP GET /health | {"method":"GET","url":"/health","statusCode":200}
[2026-05-17T10:07:24.631Z] [INFO] HTTP GET /health | {"method":"GET","url":"/health"}
[2026-05-17T10:07:24.632Z] [INFO] HTTP GET /health | {"method":"GET","url":"/health","statusCode":200,"duration":"1ms"}
[2026-05-17T10:07:28.794Z] [INFO] HTTP GET /health | {"method":"GET","url":"/health"}
[2026-05-17T10:07:28.794Z] [INFO] HTTP GET /health | {"method":"GET","url":"/health"}
[2026-05-17T10:07:28.794Z] [INFO] HTTP GET /health | {"method":"GET","url":"/health","statusCode":200}
[2026-05-17T10:07:28.794Z] [INFO] HTTP GET /health | {"method":"GET","url":"/health","statusCode":200}
[2026-05-17T10:07:54.686Z] [INFO] HTTP GET /health | {"method":"GET","url":"/health"}
[2026-05-17T10:07:54.686Z] [INFO] HTTP GET /health | {"method":"GET","url":"/health","statusCode":200}
[2026-05-17T10:07:58.851Z] [INFO] HTTP GET /health | {"method":"GET","url":"/health"}
[2026-05-17T10:07:58.851Z] [INFO] HTTP GET /health | {"method":"GET","url":"/health"}
[2026-05-17T10:07:58.851Z] [INFO] HTTP GET /health | {"method":"GET","url":"/health","statusCode":200}
[2026-05-17T10:07:58.852Z] [INFO] HTTP GET /health | {"method":"GET","url":"/health","statusCode":200,"duration":"1ms"}
[2026-05-17T10:08:24.736Z] [INFO] HTTP GET /health | {"method":"GET","url":"/health"}
[2026-05-17T10:08:24.736Z] [INFO] HTTP GET /health | {"method":"GET","url":"/health","statusCode":200}
[2026-05-17T10:08:28.907Z] [INFO] HTTP GET /health | {"method":"GET","url":"/health"}
[2026-05-17T10:08:28.908Z] [INFO] HTTP GET /health | {"method":"GET","url":"/health"}
[2026-05-17T10:08:28.908Z] [INFO] HTTP GET /health | {"method":"GET","url":"/health","statusCode":200,"duration":"1ms"}
[2026-05-17T10:08:28.908Z] [INFO] HTTP GET /health | {"method":"GET","url":"/health","statusCode":200}
[2026-05-17T10:08:54.791Z] [INFO] HTTP GET /health | {"method":"GET","url":"/health"}
[2026-05-17T10:08:54.791Z] [INFO] HTTP GET /health | {"method":"GET","url":"/health","statusCode":200,"duration":"1ms"}
[2026-05-17T10:08:58.956Z] [INFO] HTTP GET /health | {"method":"GET","url":"/health"}
[2026-05-17T10:08:58.956Z] [INFO] HTTP GET /health | {"method":"GET","url":"/health"}
[2026-05-17T10:08:58.956Z] [INFO] HTTP GET /health | {"method":"GET","url":"/health","statusCode":200}
[2026-05-17T10:08:58.956Z] [INFO] HTTP GET /health | {"method":"GET","url":"/health","statusCode":200}
[2026-05-17T10:09:24.848Z] [INFO] HTTP GET /health | {"method":"GET","url":"/health"}
[2026-05-17T10:09:24.848Z] [INFO] HTTP GET /health | {"method":"GET","url":"/health","statusCode":200}
[2026-05-17T10:09:29.006Z] [INFO] HTTP GET /health | {"method":"GET","url":"/health"}
[2026-05-17T10:09:29.007Z] [INFO] HTTP GET /health | {"method":"GET","url":"/health"}
[2026-05-17T10:09:29.006Z] [INFO] HTTP GET /health | {"method":"GET","url":"/health","statusCode":200}
[2026-05-17T10:09:29.007Z] [INFO] HTTP GET /health | {"method":"GET","url":"/health","statusCode":200}
[2026-05-17T10:09:54.905Z] [INFO] HTTP GET /health | {"method":"GET","url":"/health"}
[2026-05-17T10:09:54.905Z] [INFO] HTTP GET /health | {"method":"GET","url":"/health","statusCode":200}
[2026-05-17T10:09:59.065Z] [INFO] HTTP GET /health | {"method":"GET","url":"/health"}
[2026-05-17T10:09:59.065Z] [INFO] HTTP GET /health | {"method":"GET","url":"/health"}
[2026-05-17T10:09:59.065Z] [INFO] HTTP GET /health | {"method":"GET","url":"/health","statusCode":200}
[2026-05-17T10:09:59.066Z] [INFO] HTTP GET /health | {"method":"GET","url":"/health","statusCode":200,"duration":"1ms"}
[2026-05-17T10:10:24.953Z] [INFO] HTTP GET /health | {"method":"GET","url":"/health"}
[2026-05-17T10:10:24.953Z] [INFO] HTTP GET /health | {"method":"GET","url":"/health","statusCode":200}
[2026-05-17T10:10:29.119Z] [INFO] HTTP GET /health | {"method":"GET","url":"/health"}
[2026-05-17T10:10:29.119Z] [INFO] HTTP GET /health | {"method":"GET","url":"/health"}
[2026-05-17T10:10:29.119Z] [INFO] HTTP GET /health | {"method":"GET","url":"/health","statusCode":200}
[2026-05-17T10:10:29.119Z] [INFO] HTTP GET /health | {"method":"GET","url":"/health","statusCode":200}
[2026-05-17T10:10:55.008Z] [INFO] HTTP GET /health | {"method":"GET","url":"/health"}
[2026-05-17T10:10:55.008Z] [INFO] HTTP GET /health | {"method":"GET","url":"/health","statusCode":200}
[2026-05-17T10:10:59.183Z] [INFO] HTTP GET /health | {"method":"GET","url":"/health"}
[2026-05-17T10:10:59.183Z] [INFO] HTTP GET /health | {"method":"GET","url":"/health"}
[2026-05-17T10:10:59.183Z] [INFO] HTTP GET /health | {"method":"GET","url":"/health","statusCode":200}
[2026-05-17T10:10:59.183Z] [INFO] HTTP GET /health | {"method":"GET","url":"/health","statusCode":200}
[2026-05-17T10:11:25.056Z] [INFO] HTTP GET /health | {"method":"GET","url":"/health"}
[2026-05-17T10:11:25.056Z] [INFO] HTTP GET /health | {"method":"GET","url":"/health","statusCode":200}
[2026-05-17T10:11:29.234Z] [INFO] HTTP GET /health | {"method":"GET","url":"/health"}
[2026-05-17T10:11:29.234Z] [INFO] HTTP GET /health | {"method":"GET","url":"/health"}
[2026-05-17T10:11:29.234Z] [INFO] HTTP GET /health | {"method":"GET","url":"/health","statusCode":200,"duration":"1ms"}
[2026-05-17T10:11:29.234Z] [INFO] HTTP GET /health | {"method":"GET","url":"/health","statusCode":200}
[2026-05-17T10:11:55.114Z] [INFO] HTTP GET /health | {"method":"GET","url":"/health"}
[2026-05-17T10:11:55.114Z] [INFO] HTTP GET /health | {"method":"GET","url":"/health","statusCode":200,"duration":"1ms"}
[2026-05-17T10:11:59.286Z] [INFO] HTTP GET /health | {"method":"GET","url":"/health"}
[2026-05-17T10:11:59.286Z] [INFO] HTTP GET /health | {"method":"GET","url":"/health"}
[2026-05-17T10:11:59.286Z] [INFO] HTTP GET /health | {"method":"GET","url":"/health","statusCode":200}
[2026-05-17T10:11:59.286Z] [INFO] HTTP GET /health | {"method":"GET","url":"/health","statusCode":200}
[2026-05-17T10:12:25.157Z] [INFO] HTTP GET /health | {"method":"GET","url":"/health"}
[2026-05-17T10:12:25.157Z] [INFO] HTTP GET /health | {"method":"GET","url":"/health","statusCode":200}
[2026-05-17T10:12:29.338Z] [INFO] HTTP GET /health | {"method":"GET","url":"/health"}
[2026-05-17T10:12:29.338Z] [INFO] HTTP GET /health | {"method":"GET","url":"/health"}
[2026-05-17T10:12:29.338Z] [INFO] HTTP GET /health | {"method":"GET","url":"/health","statusCode":200}
[2026-05-17T10:12:29.338Z] [INFO] HTTP GET /health | {"method":"GET","url":"/health","statusCode":200}
[2026-05-17T10:12:55.205Z] [INFO] HTTP GET /health | {"method":"GET","url":"/health"}
[2026-05-17T10:12:55.205Z] [INFO] HTTP GET /health | {"method":"GET","url":"/health","statusCode":200}
[2026-05-17T10:12:59.396Z] [INFO] HTTP GET /health | {"method":"GET","url":"/health"}
[2026-05-17T10:12:59.396Z] [INFO] HTTP GET /health | {"method":"GET","url":"/health"}
[2026-05-17T10:12:59.396Z] [INFO] HTTP GET /health | {"method":"GET","url":"/health","statusCode":200}
[2026-05-17T10:12:59.396Z] [INFO] HTTP GET /health | {"method":"GET","url":"/health","statusCode":200}
[2026-05-17T10:13:25.253Z] [INFO] HTTP GET /health | {"method":"GET","url":"/health"}
[2026-05-17T10:13:25.253Z] [INFO] HTTP GET /health | {"method":"GET","url":"/health","statusCode":200}
[2026-05-17T10:13:29.443Z] [INFO] HTTP GET /health | {"method":"GET","url":"/health"}
[2026-05-17T10:13:29.443Z] [INFO] HTTP GET /health | {"method":"GET","url":"/health"}
[2026-05-17T10:13:29.443Z] [INFO] HTTP GET /health | {"method":"GET","url":"/health","statusCode":200}
[2026-05-17T10:13:29.443Z] [INFO] HTTP GET /health | {"method":"GET","url":"/health","statusCode":200}
[2026-05-17T10:13:55.306Z] [INFO] HTTP GET /health | {"method":"GET","url":"/health"}
[2026-05-17T10:13:55.306Z] [INFO] HTTP GET /health | {"method":"GET","url":"/health","statusCode":200}
[2026-05-17T10:13:59.491Z] [INFO] HTTP GET /health | {"method":"GET","url":"/health"}
[2026-05-17T10:13:59.491Z] [INFO] HTTP GET /health | {"method":"GET","url":"/health"}
[2026-05-17T10:13:59.491Z] [INFO] HTTP GET /health | {"method":"GET","url":"/health","statusCode":200}
[2026-05-17T10:13:59.491Z] [INFO] HTTP GET /health | {"method":"GET","url":"/health","statusCode":200}
[2026-05-17T10:14:25.359Z] [INFO] HTTP GET /health | {"method":"GET","url":"/health"}
[2026-05-17T10:14:25.359Z] [INFO] HTTP GET /health | {"method":"GET","url":"/health","statusCode":200}
[2026-05-17T10:14:29.546Z] [INFO] HTTP GET /health | {"method":"GET","url":"/health"}
[2026-05-17T10:14:29.546Z] [INFO] HTTP GET /health | {"method":"GET","url":"/health"}
[2026-05-17T10:14:29.546Z] [INFO] HTTP GET /health | {"method":"GET","url":"/health","statusCode":200}
[2026-05-17T10:14:29.546Z] [INFO] HTTP GET /health | {"method":"GET","url":"/health","statusCode":200}
[2026-05-17T10:14:55.407Z] [INFO] HTTP GET /health | {"method":"GET","url":"/health"}
[2026-05-17T10:14:55.407Z] [INFO] HTTP GET /health | {"method":"GET","url":"/health","statusCode":200}
[2026-05-17T10:14:59.586Z] [INFO] HTTP GET /health | {"method":"GET","url":"/health"}
[2026-05-17T10:14:59.587Z] [INFO] HTTP GET /health | {"method":"GET","url":"/health"}
[2026-05-17T10:14:59.586Z] [INFO] HTTP GET /health | {"method":"GET","url":"/health","statusCode":200}
[2026-05-17T10:14:59.587Z] [INFO] HTTP GET /health | {"method":"GET","url":"/health","statusCode":200}
[2026-05-17T10:15:25.460Z] [INFO] HTTP GET /health | {"method":"GET","url":"/health"}
[2026-05-17T10:15:25.460Z] [INFO] HTTP GET /health | {"method":"GET","url":"/health","statusCode":200}
[2026-05-17T10:15:29.636Z] [INFO] HTTP GET /health | {"method":"GET","url":"/health"}
[2026-05-17T10:15:29.636Z] [INFO] HTTP GET /health | {"method":"GET","url":"/health"}
[2026-05-17T10:15:29.636Z] [INFO] HTTP GET /health | {"method":"GET","url":"/health","statusCode":200}
[2026-05-17T10:15:29.637Z] [INFO] HTTP GET /health | {"method":"GET","url":"/health","statusCode":200,"duration":"1ms"}
[2026-05-17T10:15:55.514Z] [INFO] HTTP GET /health | {"method":"GET","url":"/health"}
[2026-05-17T10:15:55.514Z] [INFO] HTTP GET /health | {"method":"GET","url":"/health","statusCode":200}
[2026-05-17T10:15:59.685Z] [INFO] HTTP GET /health | {"method":"GET","url":"/health"}
[2026-05-17T10:15:59.685Z] [INFO] HTTP GET /health | {"method":"GET","url":"/health"}
[2026-05-17T10:15:59.685Z] [INFO] HTTP GET /health | {"method":"GET","url":"/health","statusCode":200}
[2026-05-17T10:15:59.685Z] [INFO] HTTP GET /health | {"method":"GET","url":"/health","statusCode":200}
[2026-05-17T10:16:25.559Z] [INFO] HTTP GET /health | {"method":"GET","url":"/health"}
[2026-05-17T10:16:25.559Z] [INFO] HTTP GET /health | {"method":"GET","url":"/health","statusCode":200}
[2026-05-17T10:16:29.756Z] [INFO] HTTP GET /health | {"method":"GET","url":"/health"}
[2026-05-17T10:16:29.756Z] [INFO] HTTP GET /health | {"method":"GET","url":"/health"}
[2026-05-17T10:16:29.757Z] [INFO] HTTP GET /health | {"method":"GET","url":"/health","statusCode":200}
[2026-05-17T10:16:29.757Z] [INFO] HTTP GET /health | {"method":"GET","url":"/health","statusCode":200,"duration":"1ms"}
[2026-05-17T10:16:55.623Z] [INFO] HTTP GET /health | {"method":"GET","url":"/health"}
[2026-05-17T10:16:55.624Z] [INFO] HTTP GET /health | {"method":"GET","url":"/health","statusCode":200,"duration":"1ms"}
[2026-05-17T10:16:59.804Z] [INFO] HTTP GET /health | {"method":"GET","url":"/health"}
[2026-05-17T10:16:59.804Z] [INFO] HTTP GET /health | {"method":"GET","url":"/health"}
[2026-05-17T10:16:59.804Z] [INFO] HTTP GET /health | {"method":"GET","url":"/health","statusCode":200}
[2026-05-17T10:16:59.804Z] [INFO] HTTP GET /health | {"method":"GET","url":"/health","statusCode":200}
[2026-05-17T10:17:25.665Z] [INFO] HTTP GET /health | {"method":"GET","url":"/health"}
[2026-05-17T10:17:25.665Z] [INFO] HTTP GET /health | {"method":"GET","url":"/health","statusCode":200}
[2026-05-17T10:17:29.861Z] [INFO] HTTP GET /health | {"method":"GET","url":"/health"}
[2026-05-17T10:17:29.861Z] [INFO] HTTP GET /health | {"method":"GET","url":"/health"}
[2026-05-17T10:17:29.862Z] [INFO] HTTP GET /health | {"method":"GET","url":"/health","statusCode":200,"duration":"1ms"}
[2026-05-17T10:17:29.862Z] [INFO] HTTP GET /health | {"method":"GET","url":"/health","statusCode":200,"duration":"1ms"}
[2026-05-17T10:17:55.719Z] [INFO] HTTP GET /health | {"method":"GET","url":"/health"}
[2026-05-17T10:17:55.719Z] [INFO] HTTP GET /health | {"method":"GET","url":"/health","statusCode":200}
[2026-05-17T10:17:59.908Z] [INFO] HTTP GET /health | {"method":"GET","url":"/health"}
[2026-05-17T10:17:59.908Z] [INFO] HTTP GET /health | {"method":"GET","url":"/health"}
[2026-05-17T10:17:59.908Z] [INFO] HTTP GET /health | {"method":"GET","url":"/health","statusCode":200}
[2026-05-17T10:17:59.908Z] [INFO] HTTP GET /health | {"method":"GET","url":"/health","statusCode":200}
[2026-05-17T10:18:25.771Z] [INFO] HTTP GET /health | {"method":"GET","url":"/health"}
[2026-05-17T10:18:25.771Z] [INFO] HTTP GET /health | {"method":"GET","url":"/health","statusCode":200}
[2026-05-17T10:18:29.954Z] [INFO] HTTP GET /health | {"method":"GET","url":"/health"}
[2026-05-17T10:18:29.954Z] [INFO] HTTP GET /health | {"method":"GET","url":"/health"}
[2026-05-17T10:18:29.954Z] [INFO] HTTP GET /health | {"method":"GET","url":"/health","statusCode":200}
[2026-05-17T10:18:29.954Z] [INFO] HTTP GET /health | {"method":"GET","url":"/health","statusCode":200}
[2026-05-17T10:18:55.827Z] [INFO] HTTP GET /health | {"method":"GET","url":"/health"}
[2026-05-17T10:18:55.827Z] [INFO] HTTP GET /health | {"method":"GET","url":"/health","statusCode":200,"duration":"1ms"}
[2026-05-17T10:18:59.997Z] [INFO] HTTP GET /health | {"method":"GET","url":"/health"}
[2026-05-17T10:18:59.997Z] [INFO] HTTP GET /health | {"method":"GET","url":"/health"}
[2026-05-17T10:18:59.997Z] [INFO] HTTP GET /health | {"method":"GET","url":"/health","statusCode":200}
[2026-05-17T10:18:59.997Z] [INFO] HTTP GET /health | {"method":"GET","url":"/health","statusCode":200}
[2026-05-17T10:19:25.886Z] [INFO] HTTP GET /health | {"method":"GET","url":"/health"}
[2026-05-17T10:19:25.887Z] [INFO] HTTP GET /health | {"method":"GET","url":"/health","statusCode":200,"duration":"1ms"}
[2026-05-17T10:19:30.035Z] [INFO] HTTP GET /health | {"method":"GET","url":"/health"}
[2026-05-17T10:19:30.035Z] [INFO] HTTP GET /health | {"method":"GET","url":"/health"}
[2026-05-17T10:19:30.035Z] [INFO] HTTP GET /health | {"method":"GET","url":"/health","statusCode":200}
[2026-05-17T10:19:30.035Z] [INFO] HTTP GET /health | {"method":"GET","url":"/health","statusCode":200}
[2026-05-17T10:19:55.940Z] [INFO] HTTP GET /health | {"method":"GET","url":"/health"}
[2026-05-17T10:19:55.940Z] [INFO] HTTP GET /health | {"method":"GET","url":"/health","statusCode":200}
[2026-05-17T10:20:00.084Z] [INFO] HTTP GET /health | {"method":"GET","url":"/health"}
[2026-05-17T10:20:00.084Z] [INFO] HTTP GET /health | {"method":"GET","url":"/health"}
[2026-05-17T10:20:00.084Z] [INFO] HTTP GET /health | {"method":"GET","url":"/health","statusCode":200}
[2026-05-17T10:20:00.084Z] [INFO] HTTP GET /health | {"method":"GET","url":"/health","statusCode":200}
[2026-05-17T10:20:26.000Z] [INFO] HTTP GET /health | {"method":"GET","url":"/health"}
[2026-05-17T10:20:26.000Z] [INFO] HTTP GET /health | {"method":"GET","url":"/health","statusCode":200}
[2026-05-17T10:20:30.132Z] [INFO] HTTP GET /health | {"method":"GET","url":"/health"}
[2026-05-17T10:20:30.132Z] [INFO] HTTP GET /health | {"method":"GET","url":"/health"}
[2026-05-17T10:20:30.132Z] [INFO] HTTP GET /health | {"method":"GET","url":"/health","statusCode":200}
[2026-05-17T10:20:30.132Z] [INFO] HTTP GET /health | {"method":"GET","url":"/health","statusCode":200}
[2026-05-17T10:20:56.041Z] [INFO] HTTP GET /health | {"method":"GET","url":"/health"}
[2026-05-17T10:20:56.041Z] [INFO] HTTP GET /health | {"method":"GET","url":"/health","statusCode":200}
[2026-05-17T10:21:00.189Z] [INFO] HTTP GET /health | {"method":"GET","url":"/health"}
[2026-05-17T10:21:00.189Z] [INFO] HTTP GET /health | {"method":"GET","url":"/health"}
[2026-05-17T10:21:00.189Z] [INFO] HTTP GET /health | {"method":"GET","url":"/health","statusCode":200}
[2026-05-17T10:21:00.189Z] [INFO] HTTP GET /health | {"method":"GET","url":"/health","statusCode":200}
[2026-05-17T10:21:26.087Z] [INFO] HTTP GET /health | {"method":"GET","url":"/health"}
[2026-05-17T10:21:26.088Z] [INFO] HTTP GET /health | {"method":"GET","url":"/health","statusCode":200,"duration":"1ms"}
[2026-05-17T10:21:30.254Z] [INFO] HTTP GET /health | {"method":"GET","url":"/health"}
[2026-05-17T10:21:30.254Z] [INFO] HTTP GET /health | {"method":"GET","url":"/health"}
[2026-05-17T10:21:30.254Z] [INFO] HTTP GET /health | {"method":"GET","url":"/health","statusCode":200,"duration":"1ms"}
[2026-05-17T10:21:30.254Z] [INFO] HTTP GET /health | {"method":"GET","url":"/health","statusCode":200}
[2026-05-17T10:21:56.152Z] [INFO] HTTP GET /health | {"method":"GET","url":"/health"}
[2026-05-17T10:21:56.152Z] [INFO] HTTP GET /health | {"method":"GET","url":"/health","statusCode":200}
[2026-05-17T10:22:00.309Z] [INFO] HTTP GET /health | {"method":"GET","url":"/health"}
[2026-05-17T10:22:00.309Z] [INFO] HTTP GET /health | {"method":"GET","url":"/health"}
[2026-05-17T10:22:00.309Z] [INFO] HTTP GET /health | {"method":"GET","url":"/health","statusCode":200}
[2026-05-17T10:22:00.309Z] [INFO] HTTP GET /health | {"method":"GET","url":"/health","statusCode":200}
[2026-05-17T10:22:26.202Z] [INFO] HTTP GET /health | {"method":"GET","url":"/health"}
[2026-05-17T10:22:26.202Z] [INFO] HTTP GET /health | {"method":"GET","url":"/health","statusCode":200}
[2026-05-17T10:22:30.361Z] [INFO] HTTP GET /health | {"method":"GET","url":"/health"}
[2026-05-17T10:22:30.362Z] [INFO] HTTP GET /health | {"method":"GET","url":"/health"}
[2026-05-17T10:22:30.362Z] [INFO] HTTP GET /health | {"method":"GET","url":"/health","statusCode":200,"duration":"1ms"}
[2026-05-17T10:22:30.362Z] [INFO] HTTP GET /health | {"method":"GET","url":"/health","statusCode":200}
[2026-05-17T10:22:56.256Z] [INFO] HTTP GET /health | {"method":"GET","url":"/health"}
[2026-05-17T10:22:56.256Z] [INFO] HTTP GET /health | {"method":"GET","url":"/health","statusCode":200}
[2026-05-17T10:23:00.415Z] [INFO] HTTP GET /health | {"method":"GET","url":"/health"}
[2026-05-17T10:23:00.416Z] [INFO] HTTP GET /health | {"method":"GET","url":"/health"}
[2026-05-17T10:23:00.416Z] [INFO] HTTP GET /health | {"method":"GET","url":"/health","statusCode":200,"duration":"1ms"}
[2026-05-17T10:23:00.416Z] [INFO] HTTP GET /health | {"method":"GET","url":"/health","statusCode":200}
[2026-05-17T10:23:26.318Z] [INFO] HTTP GET /health | {"method":"GET","url":"/health"}
[2026-05-17T10:23:26.318Z] [INFO] HTTP GET /health | {"method":"GET","url":"/health","statusCode":200}
[2026-05-17T10:23:30.479Z] [INFO] HTTP GET /health | {"method":"GET","url":"/health"}
[2026-05-17T10:23:30.479Z] [INFO] HTTP GET /health | {"method":"GET","url":"/health"}
[2026-05-17T10:23:30.479Z] [INFO] HTTP GET /health | {"method":"GET","url":"/health","statusCode":200}
[2026-05-17T10:23:30.479Z] [INFO] HTTP GET /health | {"method":"GET","url":"/health","statusCode":200}
[2026-05-17T10:23:56.369Z] [INFO] HTTP GET /health | {"method":"GET","url":"/health"}
[2026-05-17T10:23:56.369Z] [INFO] HTTP GET /health | {"method":"GET","url":"/health","statusCode":200}
[2026-05-17T10:24:00.528Z] [INFO] HTTP GET /health | {"method":"GET","url":"/health"}
[2026-05-17T10:24:00.528Z] [INFO] HTTP GET /health | {"method":"GET","url":"/health"}
[2026-05-17T10:24:00.528Z] [INFO] HTTP GET /health | {"method":"GET","url":"/health","statusCode":200}
[2026-05-17T10:24:00.528Z] [INFO] HTTP GET /health | {"method":"GET","url":"/health","statusCode":200,"duration":"1ms"}
[2026-05-17T10:24:26.417Z] [INFO] HTTP GET /health | {"method":"GET","url":"/health"}
[2026-05-17T10:24:26.417Z] [INFO] HTTP GET /health | {"method":"GET","url":"/health","statusCode":200}
[2026-05-17T10:24:30.580Z] [INFO] HTTP GET /health | {"method":"GET","url":"/health"}
[2026-05-17T10:24:30.580Z] [INFO] HTTP GET /health | {"method":"GET","url":"/health"}
[2026-05-17T10:24:30.580Z] [INFO] HTTP GET /health | {"method":"GET","url":"/health","statusCode":200}
[2026-05-17T10:24:30.580Z] [INFO] HTTP GET /health | {"method":"GET","url":"/health","statusCode":200}
[2026-05-17T10:24:56.473Z] [INFO] HTTP GET /health | {"method":"GET","url":"/health"}
[2026-05-17T10:24:56.473Z] [INFO] HTTP GET /health | {"method":"GET","url":"/health","statusCode":200}
[2026-05-17T10:25:00.624Z] [INFO] HTTP GET /health | {"method":"GET","url":"/health"}
[2026-05-17T10:25:00.624Z] [INFO] HTTP GET /health | {"method":"GET","url":"/health"}
[2026-05-17T10:25:00.624Z] [INFO] HTTP GET /health | {"method":"GET","url":"/health","statusCode":200}
[2026-05-17T10:25:00.624Z] [INFO] HTTP GET /health | {"method":"GET","url":"/health","statusCode":200}
[2026-05-17T10:25:26.522Z] [INFO] HTTP GET /health | {"method":"GET","url":"/health"}
[2026-05-17T10:25:26.523Z] [INFO] HTTP GET /health | {"method":"GET","url":"/health","statusCode":200,"duration":"1ms"}
[2026-05-17T10:25:30.665Z] [INFO] HTTP GET /health | {"method":"GET","url":"/health"}
[2026-05-17T10:25:30.665Z] [INFO] HTTP GET /health | {"method":"GET","url":"/health"}
[2026-05-17T10:25:30.665Z] [INFO] HTTP GET /health | {"method":"GET","url":"/health","statusCode":200}
[2026-05-17T10:25:30.665Z] [INFO] HTTP GET /health | {"method":"GET","url":"/health","statusCode":200}
[2026-05-17T10:25:56.591Z] [INFO] HTTP GET /health | {"method":"GET","url":"/health"}
[2026-05-17T10:25:56.591Z] [INFO] HTTP GET /health | {"method":"GET","url":"/health","statusCode":200}
[2026-05-17T10:26:00.721Z] [INFO] HTTP GET /health | {"method":"GET","url":"/health"}
[2026-05-17T10:26:00.721Z] [INFO] HTTP GET /health | {"method":"GET","url":"/health"}
[2026-05-17T10:26:00.721Z] [INFO] HTTP GET /health | {"method":"GET","url":"/health","statusCode":200}
[2026-05-17T10:26:00.721Z] [INFO] HTTP GET /health | {"method":"GET","url":"/health","statusCode":200}
[2026-05-17T10:26:26.651Z] [INFO] HTTP GET /health | {"method":"GET","url":"/health"}
[2026-05-17T10:26:26.651Z] [INFO] HTTP GET /health | {"method":"GET","url":"/health","statusCode":200}
[2026-05-17T10:26:30.767Z] [INFO] HTTP GET /health | {"method":"GET","url":"/health"}
[2026-05-17T10:26:30.767Z] [INFO] HTTP GET /health | {"method":"GET","url":"/health"}
[2026-05-17T10:26:30.767Z] [INFO] HTTP GET /health | {"method":"GET","url":"/health","statusCode":200}
[2026-05-17T10:26:30.767Z] [INFO] HTTP GET /health | {"method":"GET","url":"/health","statusCode":200}
[2026-05-17T10:26:56.702Z] [INFO] HTTP GET /health | {"method":"GET","url":"/health"}
[2026-05-17T10:26:56.702Z] [INFO] HTTP GET /health | {"method":"GET","url":"/health","statusCode":200}
[2026-05-17T10:27:00.822Z] [INFO] HTTP GET /health | {"method":"GET","url":"/health"}
[2026-05-17T10:27:00.822Z] [INFO] HTTP GET /health | {"method":"GET","url":"/health"}
[2026-05-17T10:27:00.822Z] [INFO] HTTP GET /health | {"method":"GET","url":"/health","statusCode":200}
[2026-05-17T10:27:00.822Z] [INFO] HTTP GET /health | {"method":"GET","url":"/health","statusCode":200}
[2026-05-17T10:27:26.757Z] [INFO] HTTP GET /health | {"method":"GET","url":"/health"}
[2026-05-17T10:27:26.757Z] [INFO] HTTP GET /health | {"method":"GET","url":"/health","statusCode":200}
[2026-05-17T10:27:30.877Z] [INFO] HTTP GET /health | {"method":"GET","url":"/health"}
[2026-05-17T10:27:30.877Z] [INFO] HTTP GET /health | {"method":"GET","url":"/health"}
[2026-05-17T10:27:30.877Z] [INFO] HTTP GET /health | {"method":"GET","url":"/health","statusCode":200}
[2026-05-17T10:27:30.877Z] [INFO] HTTP GET /health | {"method":"GET","url":"/health","statusCode":200}
[2026-05-17T10:27:56.808Z] [INFO] HTTP GET /health | {"method":"GET","url":"/health"}
[2026-05-17T10:27:56.808Z] [INFO] HTTP GET /health | {"method":"GET","url":"/health","statusCode":200}
[2026-05-17T10:28:00.932Z] [INFO] HTTP GET /health | {"method":"GET","url":"/health"}
[2026-05-17T10:28:00.932Z] [INFO] HTTP GET /health | {"method":"GET","url":"/health"}
[2026-05-17T10:28:00.932Z] [INFO] HTTP GET /health | {"method":"GET","url":"/health","statusCode":200}
[2026-05-17T10:28:00.932Z] [INFO] HTTP GET /health | {"method":"GET","url":"/health","statusCode":200}
[2026-05-17T10:28:26.858Z] [INFO] HTTP GET /health | {"method":"GET","url":"/health"}
[2026-05-17T10:28:26.858Z] [INFO] HTTP GET /health | {"method":"GET","url":"/health","statusCode":200}
[2026-05-17T10:28:30.984Z] [INFO] HTTP GET /health | {"method":"GET","url":"/health"}
[2026-05-17T10:28:30.984Z] [INFO] HTTP GET /health | {"method":"GET","url":"/health"}
[2026-05-17T10:28:30.984Z] [INFO] HTTP GET /health | {"method":"GET","url":"/health","statusCode":200}
[2026-05-17T10:28:30.985Z] [INFO] HTTP GET /health | {"method":"GET","url":"/health","statusCode":200,"duration":"1ms"}
[2026-05-17T10:28:56.909Z] [INFO] HTTP GET /health | {"method":"GET","url":"/health"}
[2026-05-17T10:28:56.910Z] [INFO] HTTP GET /health | {"method":"GET","url":"/health","statusCode":200}
[2026-05-17T10:29:01.039Z] [INFO] HTTP GET /health | {"method":"GET","url":"/health"}
[2026-05-17T10:29:01.039Z] [INFO] HTTP GET /health | {"method":"GET","url":"/health"}
[2026-05-17T10:29:01.039Z] [INFO] HTTP GET /health | {"method":"GET","url":"/health","statusCode":200}
[2026-05-17T10:29:01.039Z] [INFO] HTTP GET /health | {"method":"GET","url":"/health","statusCode":200}
[2026-05-17T10:29:26.963Z] [INFO] HTTP GET /health | {"method":"GET","url":"/health"}
[2026-05-17T10:29:26.963Z] [INFO] HTTP GET /health | {"method":"GET","url":"/health","statusCode":200}
[2026-05-17T10:29:31.094Z] [INFO] HTTP GET /health | {"method":"GET","url":"/health"}
[2026-05-17T10:29:31.095Z] [INFO] HTTP GET /health | {"method":"GET","url":"/health"}
[2026-05-17T10:29:31.095Z] [INFO] HTTP GET /health | {"method":"GET","url":"/health","statusCode":200,"duration":"1ms"}
[2026-05-17T10:29:31.095Z] [INFO] HTTP GET /health | {"method":"GET","url":"/health","statusCode":200}
[2026-05-17T10:29:57.015Z] [INFO] HTTP GET /health | {"method":"GET","url":"/health"}
[2026-05-17T10:29:57.016Z] [INFO] HTTP GET /health | {"method":"GET","url":"/health","statusCode":200,"duration":"1ms"}
[2026-05-17T10:30:01.137Z] [INFO] HTTP GET /health | {"method":"GET","url":"/health"}
[2026-05-17T10:30:01.138Z] [INFO] HTTP GET /health | {"method":"GET","url":"/health"}
[2026-05-17T10:30:01.137Z] [INFO] HTTP GET /health | {"method":"GET","url":"/health","statusCode":200}
[2026-05-17T10:30:01.138Z] [INFO] HTTP GET /health | {"method":"GET","url":"/health","statusCode":200,"duration":"1ms"}
[2026-05-17T10:30:27.069Z] [INFO] HTTP GET /health | {"method":"GET","url":"/health"}
[2026-05-17T10:30:27.069Z] [INFO] HTTP GET /health | {"method":"GET","url":"/health","statusCode":200}
[2026-05-17T10:30:31.189Z] [INFO] HTTP GET /health | {"method":"GET","url":"/health"}
[2026-05-17T10:30:31.189Z] [INFO] HTTP GET /health | {"method":"GET","url":"/health"}
[2026-05-17T10:30:31.189Z] [INFO] HTTP GET /health | {"method":"GET","url":"/health","statusCode":200,"duration":"1ms"}
[2026-05-17T10:30:31.189Z] [INFO] HTTP GET /health | {"method":"GET","url":"/health","statusCode":200,"duration":"1ms"}
[2026-05-17T10:30:57.119Z] [INFO] HTTP GET /health | {"method":"GET","url":"/health"}
[2026-05-17T10:30:57.119Z] [INFO] HTTP GET /health | {"method":"GET","url":"/health","statusCode":200}
[2026-05-17T10:31:01.227Z] [INFO] HTTP GET /health | {"method":"GET","url":"/health"}
[2026-05-17T10:31:01.227Z] [INFO] HTTP GET /health | {"method":"GET","url":"/health"}
[2026-05-17T10:31:01.227Z] [INFO] HTTP GET /health | {"method":"GET","url":"/health","statusCode":200}
[2026-05-17T10:31:01.227Z] [INFO] HTTP GET /health | {"method":"GET","url":"/health","statusCode":200}
[2026-05-17T10:31:27.176Z] [INFO] HTTP GET /health | {"method":"GET","url":"/health"}
[2026-05-17T10:31:27.176Z] [INFO] HTTP GET /health | {"method":"GET","url":"/health","statusCode":200}
[2026-05-17T10:31:31.266Z] [INFO] HTTP GET /health | {"method":"GET","url":"/health"}
[2026-05-17T10:31:31.266Z] [INFO] HTTP GET /health | {"method":"GET","url":"/health"}
[2026-05-17T10:31:31.267Z] [INFO] HTTP GET /health | {"method":"GET","url":"/health","statusCode":200}
[2026-05-17T10:31:31.267Z] [INFO] HTTP GET /health | {"method":"GET","url":"/health","statusCode":200}
[2026-05-17T10:31:57.236Z] [INFO] HTTP GET /health | {"method":"GET","url":"/health"}
[2026-05-17T10:31:57.236Z] [INFO] HTTP GET /health | {"method":"GET","url":"/health","statusCode":200}
[2026-05-17T10:32:01.309Z] [INFO] HTTP GET /health | {"method":"GET","url":"/health"}
[2026-05-17T10:32:01.309Z] [INFO] HTTP GET /health | {"method":"GET","url":"/health"}
[2026-05-17T10:32:01.309Z] [INFO] HTTP GET /health | {"method":"GET","url":"/health","statusCode":200}
[2026-05-17T10:32:01.309Z] [INFO] HTTP GET /health | {"method":"GET","url":"/health","statusCode":200}
[2026-05-17T10:32:27.293Z] [INFO] HTTP GET /health | {"method":"GET","url":"/health"}
[2026-05-17T10:32:27.293Z] [INFO] HTTP GET /health | {"method":"GET","url":"/health","statusCode":200}
[2026-05-17T10:32:31.354Z] [INFO] HTTP GET /health | {"method":"GET","url":"/health"}
[2026-05-17T10:32:31.354Z] [INFO] HTTP GET /health | {"method":"GET","url":"/health"}
[2026-05-17T10:32:31.354Z] [INFO] HTTP GET /health | {"method":"GET","url":"/health","statusCode":200}
[2026-05-17T10:32:31.354Z] [INFO] HTTP GET /health | {"method":"GET","url":"/health","statusCode":200}
[2026-05-17T10:32:57.347Z] [INFO] HTTP GET /health | {"method":"GET","url":"/health"}
[2026-05-17T10:32:57.347Z] [INFO] HTTP GET /health | {"method":"GET","url":"/health","statusCode":200}
[2026-05-17T10:33:01.404Z] [INFO] HTTP GET /health | {"method":"GET","url":"/health"}
[2026-05-17T10:33:01.404Z] [INFO] HTTP GET /health | {"method":"GET","url":"/health"}
[2026-05-17T10:33:01.404Z] [INFO] HTTP GET /health | {"method":"GET","url":"/health","statusCode":200}
[2026-05-17T10:33:01.404Z] [INFO] HTTP GET /health | {"method":"GET","url":"/health","statusCode":200}
[2026-05-17T10:33:27.405Z] [INFO] HTTP GET /health | {"method":"GET","url":"/health"}
[2026-05-17T10:33:27.405Z] [INFO] HTTP GET /health | {"method":"GET","url":"/health","statusCode":200}
[2026-05-17T10:33:31.459Z] [INFO] HTTP GET /health | {"method":"GET","url":"/health"}
[2026-05-17T10:33:31.459Z] [INFO] HTTP GET /health | {"method":"GET","url":"/health"}
[2026-05-17T10:33:31.459Z] [INFO] HTTP GET /health | {"method":"GET","url":"/health","statusCode":200}
[2026-05-17T10:33:31.459Z] [INFO] HTTP GET /health | {"method":"GET","url":"/health","statusCode":200}
[2026-05-17T10:33:57.457Z] [INFO] HTTP GET /health | {"method":"GET","url":"/health"}
[2026-05-17T10:33:57.458Z] [INFO] HTTP GET /health | {"method":"GET","url":"/health","statusCode":200,"duration":"1ms"}
[2026-05-17T10:34:01.507Z] [INFO] HTTP GET /health | {"method":"GET","url":"/health"}
[2026-05-17T10:34:01.507Z] [INFO] HTTP GET /health | {"method":"GET","url":"/health"}
[2026-05-17T10:34:01.508Z] [INFO] HTTP GET /health | {"method":"GET","url":"/health","statusCode":200,"duration":"1ms"}
[2026-05-17T10:34:01.508Z] [INFO] HTTP GET /health | {"method":"GET","url":"/health","statusCode":200,"duration":"1ms"}
[2026-05-17T10:34:27.524Z] [INFO] HTTP GET /health | {"method":"GET","url":"/health"}
[2026-05-17T10:34:27.524Z] [INFO] HTTP GET /health | {"method":"GET","url":"/health","statusCode":200}
[2026-05-17T10:34:31.542Z] [INFO] HTTP GET /health | {"method":"GET","url":"/health"}
[2026-05-17T10:34:31.542Z] [INFO] HTTP GET /health | {"method":"GET","url":"/health"}
[2026-05-17T10:34:31.542Z] [INFO] HTTP GET /health | {"method":"GET","url":"/health","statusCode":200}
[2026-05-17T10:34:31.543Z] [INFO] HTTP GET /health | {"method":"GET","url":"/health","statusCode":200}
[2026-05-17T10:34:57.575Z] [INFO] HTTP GET /health | {"method":"GET","url":"/health"}
[2026-05-17T10:34:57.575Z] [INFO] HTTP GET /health | {"method":"GET","url":"/health","statusCode":200}
[2026-05-17T10:35:01.589Z] [INFO] HTTP GET /health | {"method":"GET","url":"/health"}
[2026-05-17T10:35:01.589Z] [INFO] HTTP GET /health | {"method":"GET","url":"/health"}
[2026-05-17T10:35:01.589Z] [INFO] HTTP GET /health | {"method":"GET","url":"/health","statusCode":200}
[2026-05-17T10:35:01.589Z] [INFO] HTTP GET /health | {"method":"GET","url":"/health","statusCode":200}
[2026-05-17T10:35:27.636Z] [INFO] HTTP GET /health | {"method":"GET","url":"/health"}
[2026-05-17T10:35:27.636Z] [INFO] HTTP GET /health | {"method":"GET","url":"/health","statusCode":200}
[2026-05-17T10:35:31.648Z] [INFO] HTTP GET /health | {"method":"GET","url":"/health"}
[2026-05-17T10:35:31.648Z] [INFO] HTTP GET /health | {"method":"GET","url":"/health"}
[2026-05-17T10:35:31.648Z] [INFO] HTTP GET /health | {"method":"GET","url":"/health","statusCode":200}
[2026-05-17T10:35:31.649Z] [INFO] HTTP GET /health | {"method":"GET","url":"/health","statusCode":200,"duration":"1ms"}
[2026-05-17T10:35:57.664Z] [INFO] HTTP GET /health | {"method":"GET","url":"/health"}
[2026-05-17T10:35:57.664Z] [INFO] HTTP GET /health | {"method":"GET","url":"/health","statusCode":200}
[2026-05-17T10:36:01.708Z] [INFO] HTTP GET /health | {"method":"GET","url":"/health"}
[2026-05-17T10:36:01.708Z] [INFO] HTTP GET /health | {"method":"GET","url":"/health"}
[2026-05-17T10:36:01.708Z] [INFO] HTTP GET /health | {"method":"GET","url":"/health","statusCode":200}
[2026-05-17T10:36:01.708Z] [INFO] HTTP GET /health | {"method":"GET","url":"/health","statusCode":200}
[2026-05-17T10:36:27.717Z] [INFO] HTTP GET /health | {"method":"GET","url":"/health"}
[2026-05-17T10:36:27.717Z] [INFO] HTTP GET /health | {"method":"GET","url":"/health","statusCode":200,"duration":"1ms"}
[2026-05-17T10:36:31.769Z] [INFO] HTTP GET /health | {"method":"GET","url":"/health"}
[2026-05-17T10:36:31.769Z] [INFO] HTTP GET /health | {"method":"GET","url":"/health"}
[2026-05-17T10:36:31.769Z] [INFO] HTTP GET /health | {"method":"GET","url":"/health","statusCode":200}
[2026-05-17T10:36:31.769Z] [INFO] HTTP GET /health | {"method":"GET","url":"/health","statusCode":200,"duration":"1ms"}
[2026-05-17T10:36:57.766Z] [INFO] HTTP GET /health | {"method":"GET","url":"/health"}
[2026-05-17T10:36:57.766Z] [INFO] HTTP GET /health | {"method":"GET","url":"/health","statusCode":200}
[2026-05-17T10:37:01.821Z] [INFO] HTTP GET /health | {"method":"GET","url":"/health"}
[2026-05-17T10:37:01.821Z] [INFO] HTTP GET /health | {"method":"GET","url":"/health"}
[2026-05-17T10:37:01.821Z] [INFO] HTTP GET /health | {"method":"GET","url":"/health","statusCode":200}
[2026-05-17T10:37:01.821Z] [INFO] HTTP GET /health | {"method":"GET","url":"/health","statusCode":200}
[2026-05-17T10:37:27.838Z] [INFO] HTTP GET /health | {"method":"GET","url":"/health"}
[2026-05-17T10:37:27.838Z] [INFO] HTTP GET /health | {"method":"GET","url":"/health","statusCode":200,"duration":"1ms"}
[2026-05-17T10:37:31.860Z] [INFO] HTTP GET /health | {"method":"GET","url":"/health"}
[2026-05-17T10:37:31.860Z] [INFO] HTTP GET /health | {"method":"GET","url":"/health","statusCode":200}
[2026-05-17T10:37:31.860Z] [INFO] HTTP GET /health | {"method":"GET","url":"/health"}
[2026-05-17T10:37:31.860Z] [INFO] HTTP GET /health | {"method":"GET","url":"/health","statusCode":200}
[2026-05-17T10:37:57.895Z] [INFO] HTTP GET /health | {"method":"GET","url":"/health"}
[2026-05-17T10:37:57.895Z] [INFO] HTTP GET /health | {"method":"GET","url":"/health","statusCode":200}
[2026-05-17T10:38:01.920Z] [INFO] HTTP GET /health | {"method":"GET","url":"/health"}
[2026-05-17T10:38:01.920Z] [INFO] HTTP GET /health | {"method":"GET","url":"/health"}
[2026-05-17T10:38:01.920Z] [INFO] HTTP GET /health | {"method":"GET","url":"/health","statusCode":200}
[2026-05-17T10:38:01.920Z] [INFO] HTTP GET /health | {"method":"GET","url":"/health","statusCode":200}
[2026-05-17T10:38:27.956Z] [INFO] HTTP GET /health | {"method":"GET","url":"/health"}
[2026-05-17T10:38:27.956Z] [INFO] HTTP GET /health | {"method":"GET","url":"/health","statusCode":200}
[2026-05-17T10:38:31.967Z] [INFO] HTTP GET /health | {"method":"GET","url":"/health"}
[2026-05-17T10:38:31.967Z] [INFO] HTTP GET /health | {"method":"GET","url":"/health"}
[2026-05-17T10:38:31.967Z] [INFO] HTTP GET /health | {"method":"GET","url":"/health","statusCode":200}
[2026-05-17T10:38:31.967Z] [INFO] HTTP GET /health | {"method":"GET","url":"/health","statusCode":200}
[2026-05-17T10:38:58.016Z] [INFO] HTTP GET /health | {"method":"GET","url":"/health"}
[2026-05-17T10:38:58.016Z] [INFO] HTTP GET /health | {"method":"GET","url":"/health","statusCode":200}
[2026-05-17T10:39:01.994Z] [INFO] HTTP GET /health | {"method":"GET","url":"/health"}
[2026-05-17T10:39:01.995Z] [INFO] HTTP GET /health | {"method":"GET","url":"/health"}
[2026-05-17T10:39:01.995Z] [INFO] HTTP GET /health | {"method":"GET","url":"/health","statusCode":200,"duration":"1ms"}
[2026-05-17T10:39:01.995Z] [INFO] HTTP GET /health | {"method":"GET","url":"/health","statusCode":200}
[2026-05-17T10:39:28.071Z] [INFO] HTTP GET /health | {"method":"GET","url":"/health"}
[2026-05-17T10:39:28.071Z] [INFO] HTTP GET /health | {"method":"GET","url":"/health","statusCode":200}
[2026-05-17T10:39:32.058Z] [INFO] HTTP GET /health | {"method":"GET","url":"/health"}
[2026-05-17T10:39:32.058Z] [INFO] HTTP GET /health | {"method":"GET","url":"/health"}
[2026-05-17T10:39:32.058Z] [INFO] HTTP GET /health | {"method":"GET","url":"/health","statusCode":200}
[2026-05-17T10:39:32.058Z] [INFO] HTTP GET /health | {"method":"GET","url":"/health","statusCode":200}
[2026-05-17T10:39:58.123Z] [INFO] HTTP GET /health | {"method":"GET","url":"/health"}
[2026-05-17T10:39:58.123Z] [INFO] HTTP GET /health | {"method":"GET","url":"/health","statusCode":200}
[2026-05-17T10:40:02.098Z] [INFO] HTTP GET /health | {"method":"GET","url":"/health"}
[2026-05-17T10:40:02.098Z] [INFO] HTTP GET /health | {"method":"GET","url":"/health"}
[2026-05-17T10:40:02.098Z] [INFO] HTTP GET /health | {"method":"GET","url":"/health","statusCode":200}
[2026-05-17T10:40:02.098Z] [INFO] HTTP GET /health | {"method":"GET","url":"/health","statusCode":200}
[2026-05-17T10:40:28.178Z] [INFO] HTTP GET /health | {"method":"GET","url":"/health"}
[2026-05-17T10:40:28.178Z] [INFO] HTTP GET /health | {"method":"GET","url":"/health","statusCode":200,"duration":"1ms"}
[2026-05-17T10:40:32.163Z] [INFO] HTTP GET /health | {"method":"GET","url":"/health"}
[2026-05-17T10:40:32.164Z] [INFO] HTTP GET /health | {"method":"GET","url":"/health"}
[2026-05-17T10:40:32.164Z] [INFO] HTTP GET /health | {"method":"GET","url":"/health","statusCode":200,"duration":"1ms"}
[2026-05-17T10:40:32.163Z] [INFO] HTTP GET /health | {"method":"GET","url":"/health","statusCode":200}
[2026-05-17T10:40:58.237Z] [INFO] HTTP GET /health | {"method":"GET","url":"/health"}
[2026-05-17T10:40:58.237Z] [INFO] HTTP GET /health | {"method":"GET","url":"/health","statusCode":200}
[2026-05-17T10:41:02.218Z] [INFO] HTTP GET /health | {"method":"GET","url":"/health"}
[2026-05-17T10:41:02.218Z] [INFO] HTTP GET /health | {"method":"GET","url":"/health"}
[2026-05-17T10:41:02.218Z] [INFO] HTTP GET /health | {"method":"GET","url":"/health","statusCode":200}
[2026-05-17T10:41:02.218Z] [INFO] HTTP GET /health | {"method":"GET","url":"/health","statusCode":200}
[2026-05-17T10:41:28.289Z] [INFO] HTTP GET /health | {"method":"GET","url":"/health"}
[2026-05-17T10:41:28.289Z] [INFO] HTTP GET /health | {"method":"GET","url":"/health","statusCode":200}
[2026-05-17T10:41:32.271Z] [INFO] HTTP GET /health | {"method":"GET","url":"/health"}
[2026-05-17T10:41:32.271Z] [INFO] HTTP GET /health | {"method":"GET","url":"/health"}
[2026-05-17T10:41:32.271Z] [INFO] HTTP GET /health | {"method":"GET","url":"/health","statusCode":200}
[2026-05-17T10:41:32.271Z] [INFO] HTTP GET /health | {"method":"GET","url":"/health","statusCode":200}
[2026-05-17T10:41:58.350Z] [INFO] HTTP GET /health | {"method":"GET","url":"/health"}
[2026-05-17T10:41:58.350Z] [INFO] HTTP GET /health | {"method":"GET","url":"/health","statusCode":200}
[2026-05-17T10:42:02.330Z] [INFO] HTTP GET /health | {"method":"GET","url":"/health"}
[2026-05-17T10:42:02.330Z] [INFO] HTTP GET /health | {"method":"GET","url":"/health"}
[2026-05-17T10:42:02.330Z] [INFO] HTTP GET /health | {"method":"GET","url":"/health","statusCode":200}
[2026-05-17T10:42:02.330Z] [INFO] HTTP GET /health | {"method":"GET","url":"/health","statusCode":200}
[2026-05-17T10:42:28.416Z] [INFO] HTTP GET /health | {"method":"GET","url":"/health"}
[2026-05-17T10:42:28.416Z] [INFO] HTTP GET /health | {"method":"GET","url":"/health","statusCode":200}
[2026-05-17T10:42:32.381Z] [INFO] HTTP GET /health | {"method":"GET","url":"/health"}
[2026-05-17T10:42:32.381Z] [INFO] HTTP GET /health | {"method":"GET","url":"/health"}
[2026-05-17T10:42:32.381Z] [INFO] HTTP GET /health | {"method":"GET","url":"/health","statusCode":200}
[2026-05-17T10:42:32.381Z] [INFO] HTTP GET /health | {"method":"GET","url":"/health","statusCode":200}
[2026-05-17T10:42:58.473Z] [INFO] HTTP GET /health | {"method":"GET","url":"/health"}
[2026-05-17T10:42:58.473Z] [INFO] HTTP GET /health | {"method":"GET","url":"/health","statusCode":200}
[2026-05-17T10:43:02.430Z] [INFO] HTTP GET /health | {"method":"GET","url":"/health"}
[2026-05-17T10:43:02.430Z] [INFO] HTTP GET /health | {"method":"GET","url":"/health"}
[2026-05-17T10:43:02.430Z] [INFO] HTTP GET /health | {"method":"GET","url":"/health","statusCode":200}
[2026-05-17T10:43:02.431Z] [INFO] HTTP GET /health | {"method":"GET","url":"/health","statusCode":200,"duration":"1ms"}
[2026-05-17T10:43:28.504Z] [INFO] HTTP GET /health | {"method":"GET","url":"/health"}
[2026-05-17T10:43:28.504Z] [INFO] HTTP GET /health | {"method":"GET","url":"/health","statusCode":200}
[2026-05-17T10:43:32.481Z] [INFO] HTTP GET /health | {"method":"GET","url":"/health"}
[2026-05-17T10:43:32.481Z] [INFO] HTTP GET /health | {"method":"GET","url":"/health"}
[2026-05-17T10:43:32.481Z] [INFO] HTTP GET /health | {"method":"GET","url":"/health","statusCode":200}
[2026-05-17T10:43:32.482Z] [INFO] HTTP GET /health | {"method":"GET","url":"/health","statusCode":200,"duration":"1ms"}
[2026-05-17T10:43:58.564Z] [INFO] HTTP GET /health | {"method":"GET","url":"/health"}
[2026-05-17T10:43:58.565Z] [INFO] HTTP GET /health | {"method":"GET","url":"/health","statusCode":200,"duration":"1ms"}
[2026-05-17T10:44:02.533Z] [INFO] HTTP GET /health | {"method":"GET","url":"/health"}
[2026-05-17T10:44:02.533Z] [INFO] HTTP GET /health | {"method":"GET","url":"/health"}
[2026-05-17T10:44:02.533Z] [INFO] HTTP GET /health | {"method":"GET","url":"/health","statusCode":200}
[2026-05-17T10:44:02.533Z] [INFO] HTTP GET /health | {"method":"GET","url":"/health","statusCode":200}
[2026-05-17T10:44:28.637Z] [INFO] HTTP GET /health | {"method":"GET","url":"/health"}
[2026-05-17T10:44:28.637Z] [INFO] HTTP GET /health | {"method":"GET","url":"/health","statusCode":200}
[2026-05-17T10:44:32.580Z] [INFO] HTTP GET /health | {"method":"GET","url":"/health"}
[2026-05-17T10:44:32.580Z] [INFO] HTTP GET /health | {"method":"GET","url":"/health"}
[2026-05-17T10:44:32.580Z] [INFO] HTTP GET /health | {"method":"GET","url":"/health","statusCode":200,"duration":"1ms"}
[2026-05-17T10:44:32.580Z] [INFO] HTTP GET /health | {"method":"GET","url":"/health","statusCode":200}
[2026-05-17T10:44:58.703Z] [INFO] HTTP GET /health | {"method":"GET","url":"/health"}
[2026-05-17T10:44:58.703Z] [INFO] HTTP GET /health | {"method":"GET","url":"/health","statusCode":200,"duration":"1ms"}
[2026-05-17T10:45:02.622Z] [INFO] HTTP GET /health | {"method":"GET","url":"/health"}
[2026-05-17T10:45:02.622Z] [INFO] HTTP GET /health | {"method":"GET","url":"/health"}
[2026-05-17T10:45:02.622Z] [INFO] HTTP GET /health | {"method":"GET","url":"/health","statusCode":200}
[2026-05-17T10:45:02.622Z] [INFO] HTTP GET /health | {"method":"GET","url":"/health","statusCode":200}
[2026-05-17T10:45:28.756Z] [INFO] HTTP GET /health | {"method":"GET","url":"/health"}
[2026-05-17T10:45:28.756Z] [INFO] HTTP GET /health | {"method":"GET","url":"/health","statusCode":200,"duration":"1ms"}
[2026-05-17T10:45:32.671Z] [INFO] HTTP GET /health | {"method":"GET","url":"/health"}
[2026-05-17T10:45:32.671Z] [INFO] HTTP GET /health | {"method":"GET","url":"/health"}
[2026-05-17T10:45:32.671Z] [INFO] HTTP GET /health | {"method":"GET","url":"/health","statusCode":200}
[2026-05-17T10:45:32.671Z] [INFO] HTTP GET /health | {"method":"GET","url":"/health","statusCode":200}
[2026-05-17T10:45:58.813Z] [INFO] HTTP GET /health | {"method":"GET","url":"/health"}
[2026-05-17T10:45:58.813Z] [INFO] HTTP GET /health | {"method":"GET","url":"/health","statusCode":200}
[2026-05-17T10:46:02.711Z] [INFO] HTTP GET /health | {"method":"GET","url":"/health"}
[2026-05-17T10:46:02.711Z] [INFO] HTTP GET /health | {"method":"GET","url":"/health"}
[2026-05-17T10:46:02.712Z] [INFO] HTTP GET /health | {"method":"GET","url":"/health","statusCode":200}
[2026-05-17T10:46:02.711Z] [INFO] HTTP GET /health | {"method":"GET","url":"/health","statusCode":200}
[2026-05-17T10:46:28.863Z] [INFO] HTTP GET /health | {"method":"GET","url":"/health"}
[2026-05-17T10:46:28.864Z] [INFO] HTTP GET /health | {"method":"GET","url":"/health","statusCode":200,"duration":"1ms"}
[2026-05-17T10:46:32.772Z] [INFO] HTTP GET /health | {"method":"GET","url":"/health"}
[2026-05-17T10:46:32.773Z] [INFO] HTTP GET /health | {"method":"GET","url":"/health"}
[2026-05-17T10:46:32.773Z] [INFO] HTTP GET /health | {"method":"GET","url":"/health","statusCode":200,"duration":"1ms"}
[2026-05-17T10:46:32.773Z] [INFO] HTTP GET /health | {"method":"GET","url":"/health","statusCode":200}
[2026-05-17T10:46:58.920Z] [INFO] HTTP GET /health | {"method":"GET","url":"/health"}
[2026-05-17T10:46:58.921Z] [INFO] HTTP GET /health | {"method":"GET","url":"/health","statusCode":200,"duration":"1ms"}
[2026-05-17T10:47:02.823Z] [INFO] HTTP GET /health | {"method":"GET","url":"/health"}
[2026-05-17T10:47:02.823Z] [INFO] HTTP GET /health | {"method":"GET","url":"/health"}
[2026-05-17T10:47:02.823Z] [INFO] HTTP GET /health | {"method":"GET","url":"/health","statusCode":200}
[2026-05-17T10:47:02.824Z] [INFO] HTTP GET /health | {"method":"GET","url":"/health","statusCode":200}
[2026-05-17T10:47:28.967Z] [INFO] HTTP GET /health | {"method":"GET","url":"/health"}
[2026-05-17T10:47:28.967Z] [INFO] HTTP GET /health | {"method":"GET","url":"/health","statusCode":200}
[2026-05-17T10:47:32.885Z] [INFO] HTTP GET /health | {"method":"GET","url":"/health"}
[2026-05-17T10:47:32.885Z] [INFO] HTTP GET /health | {"method":"GET","url":"/health"}
[2026-05-17T10:47:32.885Z] [INFO] HTTP GET /health | {"method":"GET","url":"/health","statusCode":200,"duration":"1ms"}
[2026-05-17T10:47:32.885Z] [INFO] HTTP GET /health | {"method":"GET","url":"/health","statusCode":200}
[2026-05-17T10:47:59.036Z] [INFO] HTTP GET /health | {"method":"GET","url":"/health"}
[2026-05-17T10:47:59.036Z] [INFO] HTTP GET /health | {"method":"GET","url":"/health","statusCode":200}
[2026-05-17T10:48:02.937Z] [INFO] HTTP GET /health | {"method":"GET","url":"/health"}
[2026-05-17T10:48:02.937Z] [INFO] HTTP GET /health | {"method":"GET","url":"/health"}
[2026-05-17T10:48:02.937Z] [INFO] HTTP GET /health | {"method":"GET","url":"/health","statusCode":200}
[2026-05-17T10:48:02.937Z] [INFO] HTTP GET /health | {"method":"GET","url":"/health","statusCode":200}
[2026-05-17T10:48:29.096Z] [INFO] HTTP GET /health | {"method":"GET","url":"/health"}
[2026-05-17T10:48:29.096Z] [INFO] HTTP GET /health | {"method":"GET","url":"/health","statusCode":200}
[2026-05-17T10:48:32.980Z] [INFO] HTTP GET /health | {"method":"GET","url":"/health"}
[2026-05-17T10:48:32.980Z] [INFO] HTTP GET /health | {"method":"GET","url":"/health","statusCode":200}
[2026-05-17T10:48:32.980Z] [INFO] HTTP GET /health | {"method":"GET","url":"/health"}
[2026-05-17T10:48:32.981Z] [INFO] HTTP GET /health | {"method":"GET","url":"/health","statusCode":200,"duration":"1ms"}
[2026-05-17T10:48:59.153Z] [INFO] HTTP GET /health | {"method":"GET","url":"/health"}
[2026-05-17T10:48:59.154Z] [INFO] HTTP GET /health | {"method":"GET","url":"/health","statusCode":200,"duration":"1ms"}
[2026-05-17T10:49:03.023Z] [INFO] HTTP GET /health | {"method":"GET","url":"/health"}
[2026-05-17T10:49:03.023Z] [INFO] HTTP GET /health | {"method":"GET","url":"/health"}
[2026-05-17T10:49:03.023Z] [INFO] HTTP GET /health | {"method":"GET","url":"/health","statusCode":200}
[2026-05-17T10:49:03.024Z] [INFO] HTTP GET /health | {"method":"GET","url":"/health","statusCode":200,"duration":"1ms"}
[2026-05-17T10:49:29.212Z] [INFO] HTTP GET /health | {"method":"GET","url":"/health"}
[2026-05-17T10:49:29.212Z] [INFO] HTTP GET /health | {"method":"GET","url":"/health","statusCode":200}
[2026-05-17T10:49:33.076Z] [INFO] HTTP GET /health | {"method":"GET","url":"/health"}
[2026-05-17T10:49:33.076Z] [INFO] HTTP GET /health | {"method":"GET","url":"/health"}
[2026-05-17T10:49:33.076Z] [INFO] HTTP GET /health | {"method":"GET","url":"/health","statusCode":200}
[2026-05-17T10:49:33.076Z] [INFO] HTTP GET /health | {"method":"GET","url":"/health","statusCode":200}
[2026-05-17T10:49:59.267Z] [INFO] HTTP GET /health | {"method":"GET","url":"/health"}
[2026-05-17T10:49:59.268Z] [INFO] HTTP GET /health | {"method":"GET","url":"/health","statusCode":200,"duration":"1ms"}
[2026-05-17T10:50:03.124Z] [INFO] HTTP GET /health | {"method":"GET","url":"/health"}
[2026-05-17T10:50:03.125Z] [INFO] HTTP GET /health | {"method":"GET","url":"/health"}
[2026-05-17T10:50:03.125Z] [INFO] HTTP GET /health | {"method":"GET","url":"/health","statusCode":200,"duration":"1ms"}
[2026-05-17T10:50:03.125Z] [INFO] HTTP GET /health | {"method":"GET","url":"/health","statusCode":200}
[2026-05-17T10:50:29.316Z] [INFO] HTTP GET /health | {"method":"GET","url":"/health"}
[2026-05-17T10:50:29.316Z] [INFO] HTTP GET /health | {"method":"GET","url":"/health","statusCode":200}
[2026-05-17T10:50:33.176Z] [INFO] HTTP GET /health | {"method":"GET","url":"/health"}
[2026-05-17T10:50:33.176Z] [INFO] HTTP GET /health | {"method":"GET","url":"/health"}
[2026-05-17T10:50:33.176Z] [INFO] HTTP GET /health | {"method":"GET","url":"/health","statusCode":200}
[2026-05-17T10:50:33.176Z] [INFO] HTTP GET /health | {"method":"GET","url":"/health","statusCode":200}
[2026-05-17T10:50:59.357Z] [INFO] HTTP GET /health | {"method":"GET","url":"/health"}
[2026-05-17T10:50:59.357Z] [INFO] HTTP GET /health | {"method":"GET","url":"/health","statusCode":200}
[2026-05-17T10:51:03.234Z] [INFO] HTTP GET /health | {"method":"GET","url":"/health"}
[2026-05-17T10:51:03.234Z] [INFO] HTTP GET /health | {"method":"GET","url":"/health"}
[2026-05-17T10:51:03.234Z] [INFO] HTTP GET /health | {"method":"GET","url":"/health","statusCode":200}
[2026-05-17T10:51:03.234Z] [INFO] HTTP GET /health | {"method":"GET","url":"/health","statusCode":200}
[2026-05-17T10:51:29.409Z] [INFO] HTTP GET /health | {"method":"GET","url":"/health"}
[2026-05-17T10:51:29.409Z] [INFO] HTTP GET /health | {"method":"GET","url":"/health","statusCode":200}
[2026-05-17T10:51:33.287Z] [INFO] HTTP GET /health | {"method":"GET","url":"/health"}
[2026-05-17T10:51:33.287Z] [INFO] HTTP GET /health | {"method":"GET","url":"/health"}
[2026-05-17T10:51:33.287Z] [INFO] HTTP GET /health | {"method":"GET","url":"/health","statusCode":200}
[2026-05-17T10:51:33.287Z] [INFO] HTTP GET /health | {"method":"GET","url":"/health","statusCode":200}
[2026-05-17T10:51:59.466Z] [INFO] HTTP GET /health | {"method":"GET","url":"/health"}
[2026-05-17T10:51:59.467Z] [INFO] HTTP GET /health | {"method":"GET","url":"/health","statusCode":200,"duration":"1ms"}
[2026-05-17T10:52:03.341Z] [INFO] HTTP GET /health | {"method":"GET","url":"/health"}
[2026-05-17T10:52:03.341Z] [INFO] HTTP GET /health | {"method":"GET","url":"/health"}
[2026-05-17T10:52:03.341Z] [INFO] HTTP GET /health | {"method":"GET","url":"/health","statusCode":200}
[2026-05-17T10:52:03.341Z] [INFO] HTTP GET /health | {"method":"GET","url":"/health","statusCode":200}
[2026-05-17T10:52:29.519Z] [INFO] HTTP GET /health | {"method":"GET","url":"/health"}
[2026-05-17T10:52:29.519Z] [INFO] HTTP GET /health | {"method":"GET","url":"/health","statusCode":200}
[2026-05-17T10:52:33.397Z] [INFO] HTTP GET /health | {"method":"GET","url":"/health"}
[2026-05-17T10:52:33.397Z] [INFO] HTTP GET /health | {"method":"GET","url":"/health"}
[2026-05-17T10:52:33.397Z] [INFO] HTTP GET /health | {"method":"GET","url":"/health","statusCode":200}
[2026-05-17T10:52:33.397Z] [INFO] HTTP GET /health | {"method":"GET","url":"/health","statusCode":200}
[2026-05-17T10:52:59.580Z] [INFO] HTTP GET /health | {"method":"GET","url":"/health"}
[2026-05-17T10:52:59.581Z] [INFO] HTTP GET /health | {"method":"GET","url":"/health","statusCode":200,"duration":"1ms"}
[2026-05-17T10:53:03.451Z] [INFO] HTTP GET /health | {"method":"GET","url":"/health"}
[2026-05-17T10:53:03.451Z] [INFO] HTTP GET /health | {"method":"GET","url":"/health"}
[2026-05-17T10:53:03.451Z] [INFO] HTTP GET /health | {"method":"GET","url":"/health","statusCode":200}
[2026-05-17T10:53:03.451Z] [INFO] HTTP GET /health | {"method":"GET","url":"/health","statusCode":200}
[2026-05-17T10:53:29.634Z] [INFO] HTTP GET /health | {"method":"GET","url":"/health"}
[2026-05-17T10:53:29.634Z] [INFO] HTTP GET /health | {"method":"GET","url":"/health","statusCode":200,"duration":"1ms"}
[2026-05-17T10:53:33.504Z] [INFO] HTTP GET /health | {"method":"GET","url":"/health"}
[2026-05-17T10:53:33.504Z] [INFO] HTTP GET /health | {"method":"GET","url":"/health"}
[2026-05-17T10:53:33.504Z] [INFO] HTTP GET /health | {"method":"GET","url":"/health","statusCode":200}
[2026-05-17T10:53:33.504Z] [INFO] HTTP GET /health | {"method":"GET","url":"/health","statusCode":200}
[2026-05-17T10:53:59.683Z] [INFO] HTTP GET /health | {"method":"GET","url":"/health"}
[2026-05-17T10:53:59.683Z] [INFO] HTTP GET /health | {"method":"GET","url":"/health","statusCode":200}
[2026-05-17T10:54:03.560Z] [INFO] HTTP GET /health | {"method":"GET","url":"/health"}
[2026-05-17T10:54:03.561Z] [INFO] HTTP GET /health | {"method":"GET","url":"/health"}
[2026-05-17T10:54:03.561Z] [INFO] HTTP GET /health | {"method":"GET","url":"/health","statusCode":200,"duration":"1ms"}
[2026-05-17T10:54:03.561Z] [INFO] HTTP GET /health | {"method":"GET","url":"/health","statusCode":200,"duration":"1ms"}
[2026-05-17T10:54:29.741Z] [INFO] HTTP GET /health | {"method":"GET","url":"/health"}
[2026-05-17T10:54:29.741Z] [INFO] HTTP GET /health | {"method":"GET","url":"/health","statusCode":200}
[2026-05-17T10:54:33.615Z] [INFO] HTTP GET /health | {"method":"GET","url":"/health"}
[2026-05-17T10:54:33.615Z] [INFO] HTTP GET /health | {"method":"GET","url":"/health"}
[2026-05-17T10:54:33.615Z] [INFO] HTTP GET /health | {"method":"GET","url":"/health","statusCode":200,"duration":"1ms"}
[2026-05-17T10:54:33.615Z] [INFO] HTTP GET /health | {"method":"GET","url":"/health","statusCode":200}
[2026-05-17T10:54:59.802Z] [INFO] HTTP GET /health | {"method":"GET","url":"/health"}
[2026-05-17T10:54:59.802Z] [INFO] HTTP GET /health | {"method":"GET","url":"/health","statusCode":200}
[2026-05-17T10:55:03.680Z] [INFO] HTTP GET /health | {"method":"GET","url":"/health"}
[2026-05-17T10:55:03.680Z] [INFO] HTTP GET /health | {"method":"GET","url":"/health"}
[2026-05-17T10:55:03.680Z] [INFO] HTTP GET /health | {"method":"GET","url":"/health","statusCode":200}
[2026-05-17T10:55:03.680Z] [INFO] HTTP GET /health | {"method":"GET","url":"/health","statusCode":200}
[2026-05-17T10:55:29.867Z] [INFO] HTTP GET /health | {"method":"GET","url":"/health"}
[2026-05-17T10:55:29.867Z] [INFO] HTTP GET /health | {"method":"GET","url":"/health","statusCode":200}
[2026-05-17T10:55:33.736Z] [INFO] HTTP GET /health | {"method":"GET","url":"/health"}
[2026-05-17T10:55:33.736Z] [INFO] HTTP GET /health | {"method":"GET","url":"/health","statusCode":200}
[2026-05-17T10:55:33.737Z] [INFO] HTTP GET /health | {"method":"GET","url":"/health"}
[2026-05-17T10:55:33.737Z] [INFO] HTTP GET /health | {"method":"GET","url":"/health","statusCode":200}
[2026-05-17T10:55:59.894Z] [INFO] HTTP GET /health | {"method":"GET","url":"/health"}
[2026-05-17T10:55:59.894Z] [INFO] HTTP GET /health | {"method":"GET","url":"/health","statusCode":200}
[2026-05-17T10:56:03.783Z] [INFO] HTTP GET /health | {"method":"GET","url":"/health"}
[2026-05-17T10:56:03.783Z] [INFO] HTTP GET /health | {"method":"GET","url":"/health"}
[2026-05-17T10:56:03.784Z] [INFO] HTTP GET /health | {"method":"GET","url":"/health","statusCode":200,"duration":"1ms"}
[2026-05-17T10:56:03.784Z] [INFO] HTTP GET /health | {"method":"GET","url":"/health","statusCode":200,"duration":"1ms"}
[2026-05-17T10:56:29.926Z] [INFO] HTTP GET /health | {"method":"GET","url":"/health"}
[2026-05-17T10:56:29.926Z] [INFO] HTTP GET /health | {"method":"GET","url":"/health","statusCode":200}
[2026-05-17T10:56:33.842Z] [INFO] HTTP GET /health | {"method":"GET","url":"/health"}
[2026-05-17T10:56:33.843Z] [INFO] HTTP GET /health | {"method":"GET","url":"/health"}
[2026-05-17T10:56:33.843Z] [INFO] HTTP GET /health | {"method":"GET","url":"/health","statusCode":200,"duration":"1ms"}
[2026-05-17T10:56:33.843Z] [INFO] HTTP GET /health | {"method":"GET","url":"/health","statusCode":200,"duration":"1ms"}
[2026-05-17T10:56:59.963Z] [INFO] HTTP GET /health | {"method":"GET","url":"/health"}
[2026-05-17T10:56:59.963Z] [INFO] HTTP GET /health | {"method":"GET","url":"/health","statusCode":200}
[2026-05-17T10:57:03.900Z] [INFO] HTTP GET /health | {"method":"GET","url":"/health"}
[2026-05-17T10:57:03.901Z] [INFO] HTTP GET /health | {"method":"GET","url":"/health"}
[2026-05-17T10:57:03.900Z] [INFO] HTTP GET /health | {"method":"GET","url":"/health","statusCode":200}
[2026-05-17T10:57:03.901Z] [INFO] HTTP GET /health | {"method":"GET","url":"/health","statusCode":200}
[2026-05-17T10:57:30.005Z] [INFO] HTTP GET /health | {"method":"GET","url":"/health"}
[2026-05-17T10:57:30.006Z] [INFO] HTTP GET /health | {"method":"GET","url":"/health","statusCode":200}
[2026-05-17T10:57:33.953Z] [INFO] HTTP GET /health | {"method":"GET","url":"/health"}
[2026-05-17T10:57:33.954Z] [INFO] HTTP GET /health | {"method":"GET","url":"/health"}
[2026-05-17T10:57:33.953Z] [INFO] HTTP GET /health | {"method":"GET","url":"/health","statusCode":200}
[2026-05-17T10:57:33.954Z] [INFO] HTTP GET /health | {"method":"GET","url":"/health","statusCode":200}
[2026-05-17T10:58:00.052Z] [INFO] HTTP GET /health | {"method":"GET","url":"/health"}
[2026-05-17T10:58:00.052Z] [INFO] HTTP GET /health | {"method":"GET","url":"/health","statusCode":200}
[2026-05-17T10:58:04.021Z] [INFO] HTTP GET /health | {"method":"GET","url":"/health"}
[2026-05-17T10:58:04.022Z] [INFO] HTTP GET /health | {"method":"GET","url":"/health"}
[2026-05-17T10:58:04.022Z] [INFO] HTTP GET /health | {"method":"GET","url":"/health","statusCode":200,"duration":"1ms"}
[2026-05-17T10:58:04.022Z] [INFO] HTTP GET /health | {"method":"GET","url":"/health","statusCode":200,"duration":"1ms"}
[2026-05-17T10:58:30.097Z] [INFO] HTTP GET /health | {"method":"GET","url":"/health"}
[2026-05-17T10:58:30.097Z] [INFO] HTTP GET /health | {"method":"GET","url":"/health","statusCode":200}
[2026-05-17T10:58:34.059Z] [INFO] HTTP GET /health | {"method":"GET","url":"/health"}
[2026-05-17T10:58:34.059Z] [INFO] HTTP GET /health | {"method":"GET","url":"/health"}
[2026-05-17T10:58:34.059Z] [INFO] HTTP GET /health | {"method":"GET","url":"/health","statusCode":200}
[2026-05-17T10:58:34.059Z] [INFO] HTTP GET /health | {"method":"GET","url":"/health","statusCode":200}
[2026-05-17T10:59:00.163Z] [INFO] HTTP GET /health | {"method":"GET","url":"/health"}
[2026-05-17T10:59:00.163Z] [INFO] HTTP GET /health | {"method":"GET","url":"/health","statusCode":200}
[2026-05-17T10:59:04.108Z] [INFO] HTTP GET /health | {"method":"GET","url":"/health"}
[2026-05-17T10:59:04.108Z] [INFO] HTTP GET /health | {"method":"GET","url":"/health"}
[2026-05-17T10:59:04.108Z] [INFO] HTTP GET /health | {"method":"GET","url":"/health","statusCode":200}
[2026-05-17T10:59:04.108Z] [INFO] HTTP GET /health | {"method":"GET","url":"/health","statusCode":200}
[2026-05-17T10:59:30.214Z] [INFO] HTTP GET /health | {"method":"GET","url":"/health"}
[2026-05-17T10:59:30.214Z] [INFO] HTTP GET /health | {"method":"GET","url":"/health","statusCode":200}
[2026-05-17T10:59:34.165Z] [INFO] HTTP GET /health | {"method":"GET","url":"/health"}
[2026-05-17T10:59:34.165Z] [INFO] HTTP GET /health | {"method":"GET","url":"/health"}
[2026-05-17T10:59:34.165Z] [INFO] HTTP GET /health | {"method":"GET","url":"/health","statusCode":200}
[2026-05-17T10:59:34.165Z] [INFO] HTTP GET /health | {"method":"GET","url":"/health","statusCode":200}
[2026-05-17T11:00:00.267Z] [INFO] HTTP GET /health | {"method":"GET","url":"/health"}
[2026-05-17T11:00:00.267Z] [INFO] HTTP GET /health | {"method":"GET","url":"/health","statusCode":200}
[2026-05-17T11:00:04.216Z] [INFO] HTTP GET /health | {"method":"GET","url":"/health"}
[2026-05-17T11:00:04.216Z] [INFO] HTTP GET /health | {"method":"GET","url":"/health"}
[2026-05-17T11:00:04.216Z] [INFO] HTTP GET /health | {"method":"GET","url":"/health","statusCode":200}
[2026-05-17T11:00:04.217Z] [INFO] HTTP GET /health | {"method":"GET","url":"/health","statusCode":200,"duration":"1ms"}
[2026-05-17T11:00:30.319Z] [INFO] HTTP GET /health | {"method":"GET","url":"/health"}
[2026-05-17T11:00:30.319Z] [INFO] HTTP GET /health | {"method":"GET","url":"/health","statusCode":200}
[2026-05-17T11:00:34.275Z] [INFO] HTTP GET /health | {"method":"GET","url":"/health"}
[2026-05-17T11:00:34.275Z] [INFO] HTTP GET /health | {"method":"GET","url":"/health"}
[2026-05-17T11:00:34.275Z] [INFO] HTTP GET /health | {"method":"GET","url":"/health","statusCode":200}
[2026-05-17T11:00:34.275Z] [INFO] HTTP GET /health | {"method":"GET","url":"/health","statusCode":200}
[2026-05-17T11:01:00.372Z] [INFO] HTTP GET /health | {"method":"GET","url":"/health"}
[2026-05-17T11:01:00.373Z] [INFO] HTTP GET /health | {"method":"GET","url":"/health","statusCode":200,"duration":"1ms"}
[2026-05-17T11:01:04.318Z] [INFO] HTTP GET /health | {"method":"GET","url":"/health"}
[2026-05-17T11:01:04.319Z] [INFO] HTTP GET /health | {"method":"GET","url":"/health"}
[2026-05-17T11:01:04.318Z] [INFO] HTTP GET /health | {"method":"GET","url":"/health","statusCode":200}
[2026-05-17T11:01:04.319Z] [INFO] HTTP GET /health | {"method":"GET","url":"/health","statusCode":200}
[2026-05-17T11:01:30.431Z] [INFO] HTTP GET /health | {"method":"GET","url":"/health"}
[2026-05-17T11:01:30.431Z] [INFO] HTTP GET /health | {"method":"GET","url":"/health","statusCode":200}
[2026-05-17T11:01:34.369Z] [INFO] HTTP GET /health | {"method":"GET","url":"/health"}
[2026-05-17T11:01:34.369Z] [INFO] HTTP GET /health | {"method":"GET","url":"/health"}
[2026-05-17T11:01:34.369Z] [INFO] HTTP GET /health | {"method":"GET","url":"/health","statusCode":200}
[2026-05-17T11:01:34.369Z] [INFO] HTTP GET /health | {"method":"GET","url":"/health","statusCode":200}
[2026-05-17T11:02:00.489Z] [INFO] HTTP GET /health | {"method":"GET","url":"/health"}
[2026-05-17T11:02:00.489Z] [INFO] HTTP GET /health | {"method":"GET","url":"/health","statusCode":200}
[2026-05-17T11:02:04.415Z] [INFO] HTTP GET /health | {"method":"GET","url":"/health"}
[2026-05-17T11:02:04.415Z] [INFO] HTTP GET /health | {"method":"GET","url":"/health"}
[2026-05-17T11:02:04.415Z] [INFO] HTTP GET /health | {"method":"GET","url":"/health","statusCode":200}
[2026-05-17T11:02:04.415Z] [INFO] HTTP GET /health | {"method":"GET","url":"/health","statusCode":200}
[2026-05-17T11:02:30.540Z] [INFO] HTTP GET /health | {"method":"GET","url":"/health"}
[2026-05-17T11:02:30.540Z] [INFO] HTTP GET /health | {"method":"GET","url":"/health","statusCode":200}
[2026-05-17T11:02:34.471Z] [INFO] HTTP GET /health | {"method":"GET","url":"/health"}
[2026-05-17T11:02:34.471Z] [INFO] HTTP GET /health | {"method":"GET","url":"/health"}
[2026-05-17T11:02:34.471Z] [INFO] HTTP GET /health | {"method":"GET","url":"/health","statusCode":200}
[2026-05-17T11:02:34.471Z] [INFO] HTTP GET /health | {"method":"GET","url":"/health","statusCode":200}
[2026-05-17T11:03:00.594Z] [INFO] HTTP GET /health | {"method":"GET","url":"/health"}
[2026-05-17T11:03:00.594Z] [INFO] HTTP GET /health | {"method":"GET","url":"/health","statusCode":200}
[2026-05-17T11:03:04.520Z] [INFO] HTTP GET /health | {"method":"GET","url":"/health"}
[2026-05-17T11:03:04.520Z] [INFO] HTTP GET /health | {"method":"GET","url":"/health"}
[2026-05-17T11:03:04.520Z] [INFO] HTTP GET /health | {"method":"GET","url":"/health","statusCode":200}
[2026-05-17T11:03:04.520Z] [INFO] HTTP GET /health | {"method":"GET","url":"/health","statusCode":200}
[2026-05-17T11:03:30.645Z] [INFO] HTTP GET /health | {"method":"GET","url":"/health"}
[2026-05-17T11:03:30.645Z] [INFO] HTTP GET /health | {"method":"GET","url":"/health","statusCode":200}
[2026-05-17T11:03:34.579Z] [INFO] HTTP GET /health | {"method":"GET","url":"/health"}
[2026-05-17T11:03:34.579Z] [INFO] HTTP GET /health | {"method":"GET","url":"/health"}
[2026-05-17T11:03:34.580Z] [INFO] HTTP GET /health | {"method":"GET","url":"/health","statusCode":200}
[2026-05-17T11:03:34.580Z] [INFO] HTTP GET /health | {"method":"GET","url":"/health","statusCode":200,"duration":"1ms"}
[2026-05-17T11:04:00.693Z] [INFO] HTTP GET /health | {"method":"GET","url":"/health"}
[2026-05-17T11:04:00.694Z] [INFO] HTTP GET /health | {"method":"GET","url":"/health","statusCode":200,"duration":"1ms"}
[2026-05-17T11:04:04.637Z] [INFO] HTTP GET /health | {"method":"GET","url":"/health"}
[2026-05-17T11:04:04.637Z] [INFO] HTTP GET /health | {"method":"GET","url":"/health"}
[2026-05-17T11:04:04.637Z] [INFO] HTTP GET /health | {"method":"GET","url":"/health","statusCode":200,"duration":"1ms"}
[2026-05-17T11:04:04.637Z] [INFO] HTTP GET /health | {"method":"GET","url":"/health","statusCode":200}
[2026-05-17T11:04:30.752Z] [INFO] HTTP GET /health | {"method":"GET","url":"/health"}
[2026-05-17T11:04:30.753Z] [INFO] HTTP GET /health | {"method":"GET","url":"/health","statusCode":200}
[2026-05-17T11:04:34.678Z] [INFO] HTTP GET /health | {"method":"GET","url":"/health"}
[2026-05-17T11:04:34.678Z] [INFO] HTTP GET /health | {"method":"GET","url":"/health"}
[2026-05-17T11:04:34.678Z] [INFO] HTTP GET /health | {"method":"GET","url":"/health","statusCode":200}
[2026-05-17T11:04:34.679Z] [INFO] HTTP GET /health | {"method":"GET","url":"/health","statusCode":200}
[2026-05-17T11:05:00.804Z] [INFO] HTTP GET /health | {"method":"GET","url":"/health"}
[2026-05-17T11:05:00.804Z] [INFO] HTTP GET /health | {"method":"GET","url":"/health","statusCode":200,"duration":"1ms"}
[2026-05-17T11:05:04.729Z] [INFO] HTTP GET /health | {"method":"GET","url":"/health"}
[2026-05-17T11:05:04.729Z] [INFO] HTTP GET /health | {"method":"GET","url":"/health"}
[2026-05-17T11:05:04.729Z] [INFO] HTTP GET /health | {"method":"GET","url":"/health","statusCode":200}
[2026-05-17T11:05:04.729Z] [INFO] HTTP GET /health | {"method":"GET","url":"/health","statusCode":200}
[2026-05-17T11:05:23.860Z] [WARN] Critical project detected | {"projectId":"69f726d86dac1655e72089b2","projectName":"DC3 Migration","status":"critical","issues":["2 milestones are overdue"],"overdueMilestones":2,"totalMilestones":10,"completionRate":20}
[2026-05-17T11:05:23.861Z] [INFO] Monitoring report generated | {"totalProjects":1,"critical":1,"warning":0,"healthy":0}
[2026-05-17T11:05:23.861Z] [ERROR] Critical projects detected! | {"count":1,"projects":[{"name":"DC3 Migration","issues":["2 milestones are overdue"]}]}
[2026-05-17T11:05:30.864Z] [INFO] HTTP GET /health | {"method":"GET","url":"/health"}
[2026-05-17T11:05:30.865Z] [INFO] HTTP GET /health | {"method":"GET","url":"/health","statusCode":200,"duration":"1ms"}
[2026-05-17T11:05:34.772Z] [INFO] HTTP GET /health | {"method":"GET","url":"/health"}
[2026-05-17T11:05:34.772Z] [INFO] HTTP GET /health | {"method":"GET","url":"/health"}
[2026-05-17T11:05:34.772Z] [INFO] HTTP GET /health | {"method":"GET","url":"/health","statusCode":200}
[2026-05-17T11:05:34.772Z] [INFO] HTTP GET /health | {"method":"GET","url":"/health","statusCode":200}
[2026-05-17T11:06:00.929Z] [INFO] HTTP GET /health | {"method":"GET","url":"/health"}
[2026-05-17T11:06:00.929Z] [INFO] HTTP GET /health | {"method":"GET","url":"/health","statusCode":200}
[2026-05-17T11:06:04.823Z] [INFO] HTTP GET /health | {"method":"GET","url":"/health"}
[2026-05-17T11:06:04.823Z] [INFO] HTTP GET /health | {"method":"GET","url":"/health"}
[2026-05-17T11:06:04.823Z] [INFO] HTTP GET /health | {"method":"GET","url":"/health","statusCode":200}
[2026-05-17T11:06:04.823Z] [INFO] HTTP GET /health | {"method":"GET","url":"/health","statusCode":200}
[2026-05-17T11:06:30.982Z] [INFO] HTTP GET /health | {"method":"GET","url":"/health"}
[2026-05-17T11:06:30.982Z] [INFO] HTTP GET /health | {"method":"GET","url":"/health","statusCode":200}
[2026-05-17T11:06:34.875Z] [INFO] HTTP GET /health | {"method":"GET","url":"/health"}
[2026-05-17T11:06:34.875Z] [INFO] HTTP GET /health | {"method":"GET","url":"/health"}
[2026-05-17T11:06:34.875Z] [INFO] HTTP GET /health | {"method":"GET","url":"/health","statusCode":200}
[2026-05-17T11:06:34.875Z] [INFO] HTTP GET /health | {"method":"GET","url":"/health","statusCode":200}
[2026-05-17T11:07:01.029Z] [INFO] HTTP GET /health | {"method":"GET","url":"/health"}
[2026-05-17T11:07:01.029Z] [INFO] HTTP GET /health | {"method":"GET","url":"/health","statusCode":200}
[2026-05-17T11:07:04.934Z] [INFO] HTTP GET /health | {"method":"GET","url":"/health"}
[2026-05-17T11:07:04.934Z] [INFO] HTTP GET /health | {"method":"GET","url":"/health"}
[2026-05-17T11:07:04.934Z] [INFO] HTTP GET /health | {"method":"GET","url":"/health","statusCode":200}
[2026-05-17T11:07:04.934Z] [INFO] HTTP GET /health | {"method":"GET","url":"/health","statusCode":200}
[2026-05-17T11:07:31.081Z] [INFO] HTTP GET /health | {"method":"GET","url":"/health"}
[2026-05-17T11:07:31.082Z] [INFO] HTTP GET /health | {"method":"GET","url":"/health","statusCode":200,"duration":"1ms"}
[2026-05-17T11:07:34.980Z] [INFO] HTTP GET /health | {"method":"GET","url":"/health"}
[2026-05-17T11:07:34.981Z] [INFO] HTTP GET /health | {"method":"GET","url":"/health"}
[2026-05-17T11:07:34.980Z] [INFO] HTTP GET /health | {"method":"GET","url":"/health","statusCode":200}
[2026-05-17T11:07:34.981Z] [INFO] HTTP GET /health | {"method":"GET","url":"/health","statusCode":200,"duration":"1ms"}
[2026-05-17T11:08:01.138Z] [INFO] HTTP GET /health | {"method":"GET","url":"/health"}
[2026-05-17T11:08:01.138Z] [INFO] HTTP GET /health | {"method":"GET","url":"/health","statusCode":200}
[2026-05-17T11:08:05.039Z] [INFO] HTTP GET /health | {"method":"GET","url":"/health"}
[2026-05-17T11:08:05.039Z] [INFO] HTTP GET /health | {"method":"GET","url":"/health"}
[2026-05-17T11:08:05.039Z] [INFO] HTTP GET /health | {"method":"GET","url":"/health","statusCode":200}
[2026-05-17T11:08:05.039Z] [INFO] HTTP GET /health | {"method":"GET","url":"/health","statusCode":200}
[2026-05-17T11:08:31.195Z] [INFO] HTTP GET /health | {"method":"GET","url":"/health"}
[2026-05-17T11:08:31.195Z] [INFO] HTTP GET /health | {"method":"GET","url":"/health","statusCode":200}
[2026-05-17T11:08:35.087Z] [INFO] HTTP GET /health | {"method":"GET","url":"/health"}
[2026-05-17T11:08:35.087Z] [INFO] HTTP GET /health | {"method":"GET","url":"/health"}
[2026-05-17T11:08:35.087Z] [INFO] HTTP GET /health | {"method":"GET","url":"/health","statusCode":200}
[2026-05-17T11:08:35.087Z] [INFO] HTTP GET /health | {"method":"GET","url":"/health","statusCode":200}
[2026-05-17T11:09:01.256Z] [INFO] HTTP GET /health | {"method":"GET","url":"/health"}
[2026-05-17T11:09:01.256Z] [INFO] HTTP GET /health | {"method":"GET","url":"/health","statusCode":200}
[2026-05-17T11:09:05.140Z] [INFO] HTTP GET /health | {"method":"GET","url":"/health"}
[2026-05-17T11:09:05.141Z] [INFO] HTTP GET /health | {"method":"GET","url":"/health"}
[2026-05-17T11:09:05.140Z] [INFO] HTTP GET /health | {"method":"GET","url":"/health","statusCode":200}
[2026-05-17T11:09:05.141Z] [INFO] HTTP GET /health | {"method":"GET","url":"/health","statusCode":200}
[2026-05-17T11:09:31.310Z] [INFO] HTTP GET /health | {"method":"GET","url":"/health"}
[2026-05-17T11:09:31.310Z] [INFO] HTTP GET /health | {"method":"GET","url":"/health","statusCode":200,"duration":"1ms"}
[2026-05-17T11:09:35.193Z] [INFO] HTTP GET /health | {"method":"GET","url":"/health"}
[2026-05-17T11:09:35.194Z] [INFO] HTTP GET /health | {"method":"GET","url":"/health"}
[2026-05-17T11:09:35.194Z] [INFO] HTTP GET /health | {"method":"GET","url":"/health","statusCode":200}
[2026-05-17T11:09:35.194Z] [INFO] HTTP GET /health | {"method":"GET","url":"/health","statusCode":200,"duration":"1ms"}
[2026-05-17T11:10:01.363Z] [INFO] HTTP GET /health | {"method":"GET","url":"/health"}
[2026-05-17T11:10:01.364Z] [INFO] HTTP GET /health | {"method":"GET","url":"/health","statusCode":200,"duration":"1ms"}
[2026-05-17T11:10:05.245Z] [INFO] HTTP GET /health | {"method":"GET","url":"/health"}
[2026-05-17T11:10:05.245Z] [INFO] HTTP GET /health | {"method":"GET","url":"/health"}
[2026-05-17T11:10:05.245Z] [INFO] HTTP GET /health | {"method":"GET","url":"/health","statusCode":200,"duration":"1ms"}
[2026-05-17T11:10:05.245Z] [INFO] HTTP GET /health | {"method":"GET","url":"/health","statusCode":200}
[2026-05-17T11:10:31.410Z] [INFO] HTTP GET /health | {"method":"GET","url":"/health"}
[2026-05-17T11:10:31.411Z] [INFO] HTTP GET /health | {"method":"GET","url":"/health","statusCode":200,"duration":"1ms"}
[2026-05-17T11:10:35.299Z] [INFO] HTTP GET /health | {"method":"GET","url":"/health"}
[2026-05-17T11:10:35.300Z] [INFO] HTTP GET /health | {"method":"GET","url":"/health"}
[2026-05-17T11:10:35.300Z] [INFO] HTTP GET /health | {"method":"GET","url":"/health","statusCode":200,"duration":"1ms"}
[2026-05-17T11:10:35.300Z] [INFO] HTTP GET /health | {"method":"GET","url":"/health","statusCode":200}
[2026-05-17T11:11:01.459Z] [INFO] HTTP GET /health | {"method":"GET","url":"/health"}
[2026-05-17T11:11:01.460Z] [INFO] HTTP GET /health | {"method":"GET","url":"/health","statusCode":200,"duration":"1ms"}
[2026-05-17T11:11:05.352Z] [INFO] HTTP GET /health | {"method":"GET","url":"/health"}
[2026-05-17T11:11:05.352Z] [INFO] HTTP GET /health | {"method":"GET","url":"/health"}
[2026-05-17T11:11:05.352Z] [INFO] HTTP GET /health | {"method":"GET","url":"/health","statusCode":200}
[2026-05-17T11:11:05.352Z] [INFO] HTTP GET /health | {"method":"GET","url":"/health","statusCode":200}
[2026-05-17T11:11:31.504Z] [INFO] HTTP GET /health | {"method":"GET","url":"/health"}
[2026-05-17T11:11:31.504Z] [INFO] HTTP GET /health | {"method":"GET","url":"/health","statusCode":200}
[2026-05-17T11:11:35.406Z] [INFO] HTTP GET /health | {"method":"GET","url":"/health"}
[2026-05-17T11:11:35.406Z] [INFO] HTTP GET /health | {"method":"GET","url":"/health"}
[2026-05-17T11:11:35.406Z] [INFO] HTTP GET /health | {"method":"GET","url":"/health","statusCode":200}
[2026-05-17T11:11:35.406Z] [INFO] HTTP GET /health | {"method":"GET","url":"/health","statusCode":200}
[2026-05-17T11:12:01.556Z] [INFO] HTTP GET /health | {"method":"GET","url":"/health"}
[2026-05-17T11:12:01.556Z] [INFO] HTTP GET /health | {"method":"GET","url":"/health","statusCode":200}
[2026-05-17T11:12:05.472Z] [INFO] HTTP GET /health | {"method":"GET","url":"/health"}
[2026-05-17T11:12:05.472Z] [INFO] HTTP GET /health | {"method":"GET","url":"/health"}
[2026-05-17T11:12:05.472Z] [INFO] HTTP GET /health | {"method":"GET","url":"/health","statusCode":200}
[2026-05-17T11:12:05.472Z] [INFO] HTTP GET /health | {"method":"GET","url":"/health","statusCode":200}
[2026-05-17T11:12:31.605Z] [INFO] HTTP GET /health | {"method":"GET","url":"/health"}
[2026-05-17T11:12:31.605Z] [INFO] HTTP GET /health | {"method":"GET","url":"/health","statusCode":200}
[2026-05-17T11:12:35.517Z] [INFO] HTTP GET /health | {"method":"GET","url":"/health"}
[2026-05-17T11:12:35.517Z] [INFO] HTTP GET /health | {"method":"GET","url":"/health"}
[2026-05-17T11:12:35.517Z] [INFO] HTTP GET /health | {"method":"GET","url":"/health","statusCode":200,"duration":"1ms"}
[2026-05-17T11:12:35.517Z] [INFO] HTTP GET /health | {"method":"GET","url":"/health","statusCode":200}
[2026-05-17T11:13:01.655Z] [INFO] HTTP GET /health | {"method":"GET","url":"/health"}
[2026-05-17T11:13:01.655Z] [INFO] HTTP GET /health | {"method":"GET","url":"/health","statusCode":200,"duration":"1ms"}
[2026-05-17T11:13:05.567Z] [INFO] HTTP GET /health | {"method":"GET","url":"/health"}
[2026-05-17T11:13:05.567Z] [INFO] HTTP GET /health | {"method":"GET","url":"/health"}
[2026-05-17T11:13:05.567Z] [INFO] HTTP GET /health | {"method":"GET","url":"/health","statusCode":200}
[2026-05-17T11:13:05.567Z] [INFO] HTTP GET /health | {"method":"GET","url":"/health","statusCode":200}
[2026-05-17T11:13:31.710Z] [INFO] HTTP GET /health | {"method":"GET","url":"/health"}
[2026-05-17T11:13:31.710Z] [INFO] HTTP GET /health | {"method":"GET","url":"/health","statusCode":200}
[2026-05-17T11:13:35.609Z] [INFO] HTTP GET /health | {"method":"GET","url":"/health"}
[2026-05-17T11:13:35.609Z] [INFO] HTTP GET /health | {"method":"GET","url":"/health"}
[2026-05-17T11:13:35.609Z] [INFO] HTTP GET /health | {"method":"GET","url":"/health","statusCode":200}
[2026-05-17T11:13:35.609Z] [INFO] HTTP GET /health | {"method":"GET","url":"/health","statusCode":200}
[2026-05-17T11:14:01.764Z] [INFO] HTTP GET /health | {"method":"GET","url":"/health"}
[2026-05-17T11:14:01.764Z] [INFO] HTTP GET /health | {"method":"GET","url":"/health","statusCode":200}
[2026-05-17T11:14:05.662Z] [INFO] HTTP GET /health | {"method":"GET","url":"/health"}
[2026-05-17T11:14:05.662Z] [INFO] HTTP GET /health | {"method":"GET","url":"/health"}
[2026-05-17T11:14:05.662Z] [INFO] HTTP GET /health | {"method":"GET","url":"/health","statusCode":200}
[2026-05-17T11:14:05.662Z] [INFO] HTTP GET /health | {"method":"GET","url":"/health","statusCode":200}
[2026-05-17T11:14:31.816Z] [INFO] HTTP GET /health | {"method":"GET","url":"/health"}
[2026-05-17T11:14:31.816Z] [INFO] HTTP GET /health | {"method":"GET","url":"/health","statusCode":200}
[2026-05-17T11:14:35.709Z] [INFO] HTTP GET /health | {"method":"GET","url":"/health"}
[2026-05-17T11:14:35.709Z] [INFO] HTTP GET /health | {"method":"GET","url":"/health"}
[2026-05-17T11:14:35.709Z] [INFO] HTTP GET /health | {"method":"GET","url":"/health","statusCode":200}
[2026-05-17T11:14:35.709Z] [INFO] HTTP GET /health | {"method":"GET","url":"/health","statusCode":200}
[2026-05-17T11:15:01.867Z] [INFO] HTTP GET /health | {"method":"GET","url":"/health"}
[2026-05-17T11:15:01.867Z] [INFO] HTTP GET /health | {"method":"GET","url":"/health","statusCode":200}
[2026-05-17T11:15:05.764Z] [INFO] HTTP GET /health | {"method":"GET","url":"/health"}
[2026-05-17T11:15:05.764Z] [INFO] HTTP GET /health | {"method":"GET","url":"/health"}
[2026-05-17T11:15:05.764Z] [INFO] HTTP GET /health | {"method":"GET","url":"/health","statusCode":200}
[2026-05-17T11:15:05.764Z] [INFO] HTTP GET /health | {"method":"GET","url":"/health","statusCode":200}
[2026-05-17T11:15:31.922Z] [INFO] HTTP GET /health | {"method":"GET","url":"/health"}
[2026-05-17T11:15:31.922Z] [INFO] HTTP GET /health | {"method":"GET","url":"/health","statusCode":200}
[2026-05-17T11:15:35.816Z] [INFO] HTTP GET /health | {"method":"GET","url":"/health"}
[2026-05-17T11:15:35.816Z] [INFO] HTTP GET /health | {"method":"GET","url":"/health"}
[2026-05-17T11:15:35.816Z] [INFO] HTTP GET /health | {"method":"GET","url":"/health","statusCode":200}
[2026-05-17T11:15:35.816Z] [INFO] HTTP GET /health | {"method":"GET","url":"/health","statusCode":200}
[2026-05-17T11:16:01.977Z] [INFO] HTTP GET /health | {"method":"GET","url":"/health"}
[2026-05-17T11:16:01.977Z] [INFO] HTTP GET /health | {"method":"GET","url":"/health","statusCode":200}
[2026-05-17T11:16:05.851Z] [INFO] HTTP GET /health | {"method":"GET","url":"/health"}
[2026-05-17T11:16:05.851Z] [INFO] HTTP GET /health | {"method":"GET","url":"/health","statusCode":200,"duration":"1ms"}
[2026-05-17T11:16:05.851Z] [INFO] HTTP GET /health | {"method":"GET","url":"/health"}
[2026-05-17T11:16:05.851Z] [INFO] HTTP GET /health | {"method":"GET","url":"/health","statusCode":200}
[2026-05-17T11:16:32.028Z] [INFO] HTTP GET /health | {"method":"GET","url":"/health"}
[2026-05-17T11:16:32.028Z] [INFO] HTTP GET /health | {"method":"GET","url":"/health","statusCode":200}
[2026-05-17T11:16:35.903Z] [INFO] HTTP GET /health | {"method":"GET","url":"/health"}
[2026-05-17T11:16:35.903Z] [INFO] HTTP GET /health | {"method":"GET","url":"/health"}
[2026-05-17T11:16:35.903Z] [INFO] HTTP GET /health | {"method":"GET","url":"/health","statusCode":200}
[2026-05-17T11:16:35.903Z] [INFO] HTTP GET /health | {"method":"GET","url":"/health","statusCode":200}
[2026-05-17T11:17:02.074Z] [INFO] HTTP GET /health | {"method":"GET","url":"/health"}
[2026-05-17T11:17:02.074Z] [INFO] HTTP GET /health | {"method":"GET","url":"/health","statusCode":200}
[2026-05-17T11:17:05.950Z] [INFO] HTTP GET /health | {"method":"GET","url":"/health"}
[2026-05-17T11:17:05.950Z] [INFO] HTTP GET /health | {"method":"GET","url":"/health"}
[2026-05-17T11:17:05.950Z] [INFO] HTTP GET /health | {"method":"GET","url":"/health","statusCode":200}
[2026-05-17T11:17:05.950Z] [INFO] HTTP GET /health | {"method":"GET","url":"/health","statusCode":200}
[2026-05-17T11:17:32.126Z] [INFO] HTTP GET /health | {"method":"GET","url":"/health"}
[2026-05-17T11:17:32.126Z] [INFO] HTTP GET /health | {"method":"GET","url":"/health","statusCode":200}
[2026-05-17T11:17:35.982Z] [INFO] HTTP GET /health | {"method":"GET","url":"/health"}
[2026-05-17T11:17:35.982Z] [INFO] HTTP GET /health | {"method":"GET","url":"/health"}
[2026-05-17T11:17:35.982Z] [INFO] HTTP GET /health | {"method":"GET","url":"/health","statusCode":200}
[2026-05-17T11:17:35.983Z] [INFO] HTTP GET /health | {"method":"GET","url":"/health","statusCode":200}
[2026-05-17T11:18:02.180Z] [INFO] HTTP GET /health | {"method":"GET","url":"/health"}
[2026-05-17T11:18:02.180Z] [INFO] HTTP GET /health | {"method":"GET","url":"/health","statusCode":200}
[2026-05-17T11:18:06.046Z] [INFO] HTTP GET /health | {"method":"GET","url":"/health"}
[2026-05-17T11:18:06.046Z] [INFO] HTTP GET /health | {"method":"GET","url":"/health"}
[2026-05-17T11:18:06.046Z] [INFO] HTTP GET /health | {"method":"GET","url":"/health","statusCode":200}
[2026-05-17T11:18:06.046Z] [INFO] HTTP GET /health | {"method":"GET","url":"/health","statusCode":200}
[2026-05-17T11:18:32.234Z] [INFO] HTTP GET /health | {"method":"GET","url":"/health"}
[2026-05-17T11:18:32.235Z] [INFO] HTTP GET /health | {"method":"GET","url":"/health","statusCode":200,"duration":"1ms"}
[2026-05-17T11:18:36.100Z] [INFO] HTTP GET /health | {"method":"GET","url":"/health"}
[2026-05-17T11:18:36.100Z] [INFO] HTTP GET /health | {"method":"GET","url":"/health"}
[2026-05-17T11:18:36.100Z] [INFO] HTTP GET /health | {"method":"GET","url":"/health","statusCode":200}
[2026-05-17T11:18:36.101Z] [INFO] HTTP GET /health | {"method":"GET","url":"/health","statusCode":200,"duration":"1ms"}
[2026-05-17T11:19:02.287Z] [INFO] HTTP GET /health | {"method":"GET","url":"/health"}
[2026-05-17T11:19:02.287Z] [INFO] HTTP GET /health | {"method":"GET","url":"/health","statusCode":200}
[2026-05-17T11:19:06.160Z] [INFO] HTTP GET /health | {"method":"GET","url":"/health"}
[2026-05-17T11:19:06.161Z] [INFO] HTTP GET /health | {"method":"GET","url":"/health"}
[2026-05-17T11:19:06.161Z] [INFO] HTTP GET /health | {"method":"GET","url":"/health","statusCode":200,"duration":"1ms"}
[2026-05-17T11:19:06.161Z] [INFO] HTTP GET /health | {"method":"GET","url":"/health","statusCode":200,"duration":"1ms"}
[2026-05-17T11:19:32.339Z] [INFO] HTTP GET /health | {"method":"GET","url":"/health"}
[2026-05-17T11:19:32.339Z] [INFO] HTTP GET /health | {"method":"GET","url":"/health","statusCode":200}
[2026-05-17T11:19:36.213Z] [INFO] HTTP GET /health | {"method":"GET","url":"/health"}
[2026-05-17T11:19:36.213Z] [INFO] HTTP GET /health | {"method":"GET","url":"/health"}
[2026-05-17T11:19:36.213Z] [INFO] HTTP GET /health | {"method":"GET","url":"/health","statusCode":200}
[2026-05-17T11:19:36.213Z] [INFO] HTTP GET /health | {"method":"GET","url":"/health","statusCode":200}
[2026-05-17T11:20:02.390Z] [INFO] HTTP GET /health | {"method":"GET","url":"/health"}
[2026-05-17T11:20:02.390Z] [INFO] HTTP GET /health | {"method":"GET","url":"/health","statusCode":200,"duration":"1ms"}
[2026-05-17T11:20:06.278Z] [INFO] HTTP GET /health | {"method":"GET","url":"/health"}
[2026-05-17T11:20:06.278Z] [INFO] HTTP GET /health | {"method":"GET","url":"/health"}
[2026-05-17T11:20:06.278Z] [INFO] HTTP GET /health | {"method":"GET","url":"/health","statusCode":200}
[2026-05-17T11:20:06.278Z] [INFO] HTTP GET /health | {"method":"GET","url":"/health","statusCode":200}
[2026-05-17T11:20:32.433Z] [INFO] HTTP GET /health | {"method":"GET","url":"/health"}
[2026-05-17T11:20:32.433Z] [INFO] HTTP GET /health | {"method":"GET","url":"/health","statusCode":200}
[2026-05-17T11:20:36.330Z] [INFO] HTTP GET /health | {"method":"GET","url":"/health"}
[2026-05-17T11:20:36.330Z] [INFO] HTTP GET /health | {"method":"GET","url":"/health"}
[2026-05-17T11:20:36.330Z] [INFO] HTTP GET /health | {"method":"GET","url":"/health","statusCode":200}
[2026-05-17T11:20:36.331Z] [INFO] HTTP GET /health | {"method":"GET","url":"/health","statusCode":200,"duration":"1ms"}
[2026-05-17T11:21:02.493Z] [INFO] HTTP GET /health | {"method":"GET","url":"/health"}
[2026-05-17T11:21:02.493Z] [INFO] HTTP GET /health | {"method":"GET","url":"/health","statusCode":200}
[2026-05-17T11:21:06.376Z] [INFO] HTTP GET /health | {"method":"GET","url":"/health"}
[2026-05-17T11:21:06.376Z] [INFO] HTTP GET /health | {"method":"GET","url":"/health"}
[2026-05-17T11:21:06.376Z] [INFO] HTTP GET /health | {"method":"GET","url":"/health","statusCode":200,"duration":"1ms"}
[2026-05-17T11:21:06.376Z] [INFO] HTTP GET /health | {"method":"GET","url":"/health","statusCode":200}
[2026-05-17T11:21:32.549Z] [INFO] HTTP GET /health | {"method":"GET","url":"/health"}
[2026-05-17T11:21:32.549Z] [INFO] HTTP GET /health | {"method":"GET","url":"/health","statusCode":200}
[2026-05-17T11:21:36.422Z] [INFO] HTTP GET /health | {"method":"GET","url":"/health"}
[2026-05-17T11:21:36.422Z] [INFO] HTTP GET /health | {"method":"GET","url":"/health"}
[2026-05-17T11:21:36.422Z] [INFO] HTTP GET /health | {"method":"GET","url":"/health","statusCode":200}
[2026-05-17T11:21:36.423Z] [INFO] HTTP GET /health | {"method":"GET","url":"/health","statusCode":200,"duration":"1ms"}
[2026-05-17T11:22:02.601Z] [INFO] HTTP GET /health | {"method":"GET","url":"/health"}
[2026-05-17T11:22:02.601Z] [INFO] HTTP GET /health | {"method":"GET","url":"/health","statusCode":200}
[2026-05-17T11:22:06.470Z] [INFO] HTTP GET /health | {"method":"GET","url":"/health"}
[2026-05-17T11:22:06.470Z] [INFO] HTTP GET /health | {"method":"GET","url":"/health"}
[2026-05-17T11:22:06.470Z] [INFO] HTTP GET /health | {"method":"GET","url":"/health","statusCode":200}
[2026-05-17T11:22:06.471Z] [INFO] HTTP GET /health | {"method":"GET","url":"/health","statusCode":200}
[2026-05-17T11:22:32.663Z] [INFO] HTTP GET /health | {"method":"GET","url":"/health"}
[2026-05-17T11:22:32.663Z] [INFO] HTTP GET /health | {"method":"GET","url":"/health","statusCode":200}
[2026-05-17T11:22:36.531Z] [INFO] HTTP GET /health | {"method":"GET","url":"/health"}
[2026-05-17T11:22:36.531Z] [INFO] HTTP GET /health | {"method":"GET","url":"/health"}
[2026-05-17T11:22:36.531Z] [INFO] HTTP GET /health | {"method":"GET","url":"/health","statusCode":200}
[2026-05-17T11:22:36.531Z] [INFO] HTTP GET /health | {"method":"GET","url":"/health","statusCode":200}
[2026-05-17T11:23:02.722Z] [INFO] HTTP GET /health | {"method":"GET","url":"/health"}
[2026-05-17T11:23:02.722Z] [INFO] HTTP GET /health | {"method":"GET","url":"/health","statusCode":200,"duration":"1ms"}
[2026-05-17T11:23:06.580Z] [INFO] HTTP GET /health | {"method":"GET","url":"/health"}
[2026-05-17T11:23:06.580Z] [INFO] HTTP GET /health | {"method":"GET","url":"/health"}
[2026-05-17T11:23:06.580Z] [INFO] HTTP GET /health | {"method":"GET","url":"/health","statusCode":200}
[2026-05-17T11:23:06.580Z] [INFO] HTTP GET /health | {"method":"GET","url":"/health","statusCode":200}
[2026-05-17T11:23:32.776Z] [INFO] HTTP GET /health | {"method":"GET","url":"/health"}
[2026-05-17T11:23:32.776Z] [INFO] HTTP GET /health | {"method":"GET","url":"/health","statusCode":200}
[2026-05-17T11:23:36.606Z] [INFO] HTTP GET /health | {"method":"GET","url":"/health"}
[2026-05-17T11:23:36.606Z] [INFO] HTTP GET /health | {"method":"GET","url":"/health"}
[2026-05-17T11:23:36.606Z] [INFO] HTTP GET /health | {"method":"GET","url":"/health","statusCode":200}
[2026-05-17T11:23:36.606Z] [INFO] HTTP GET /health | {"method":"GET","url":"/health","statusCode":200}
[2026-05-17T11:24:02.830Z] [INFO] HTTP GET /health | {"method":"GET","url":"/health"}
[2026-05-17T11:24:02.830Z] [INFO] HTTP GET /health | {"method":"GET","url":"/health","statusCode":200}
[2026-05-17T11:24:06.658Z] [INFO] HTTP GET /health | {"method":"GET","url":"/health"}
[2026-05-17T11:24:06.658Z] [INFO] HTTP GET /health | {"method":"GET","url":"/health"}
[2026-05-17T11:24:06.658Z] [INFO] HTTP GET /health | {"method":"GET","url":"/health","statusCode":200}
[2026-05-17T11:24:06.658Z] [INFO] HTTP GET /health | {"method":"GET","url":"/health","statusCode":200}
[2026-05-17T11:24:32.892Z] [INFO] HTTP GET /health | {"method":"GET","url":"/health"}
[2026-05-17T11:24:32.892Z] [INFO] HTTP GET /health | {"method":"GET","url":"/health","statusCode":200}
[2026-05-17T11:24:36.724Z] [INFO] HTTP GET /health | {"method":"GET","url":"/health"}
[2026-05-17T11:24:36.724Z] [INFO] HTTP GET /health | {"method":"GET","url":"/health"}
[2026-05-17T11:24:36.724Z] [INFO] HTTP GET /health | {"method":"GET","url":"/health","statusCode":200}
[2026-05-17T11:24:36.724Z] [INFO] HTTP GET /health | {"method":"GET","url":"/health","statusCode":200}
[2026-05-17T11:25:02.928Z] [INFO] HTTP GET /health | {"method":"GET","url":"/health"}
[2026-05-17T11:25:02.928Z] [INFO] HTTP GET /health | {"method":"GET","url":"/health","statusCode":200}
[2026-05-17T11:25:06.771Z] [INFO] HTTP GET /health | {"method":"GET","url":"/health"}
[2026-05-17T11:25:06.771Z] [INFO] HTTP GET /health | {"method":"GET","url":"/health"}
[2026-05-17T11:25:06.771Z] [INFO] HTTP GET /health | {"method":"GET","url":"/health","statusCode":200,"duration":"1ms"}
[2026-05-17T11:25:06.771Z] [INFO] HTTP GET /health | {"method":"GET","url":"/health","statusCode":200}
[2026-05-17T11:25:32.972Z] [INFO] HTTP GET /health | {"method":"GET","url":"/health"}
[2026-05-17T11:25:32.972Z] [INFO] HTTP GET /health | {"method":"GET","url":"/health","statusCode":200}
[2026-05-17T11:25:36.816Z] [INFO] HTTP GET /health | {"method":"GET","url":"/health"}
[2026-05-17T11:25:36.816Z] [INFO] HTTP GET /health | {"method":"GET","url":"/health"}
[2026-05-17T11:25:36.816Z] [INFO] HTTP GET /health | {"method":"GET","url":"/health","statusCode":200}
[2026-05-17T11:25:36.816Z] [INFO] HTTP GET /health | {"method":"GET","url":"/health","statusCode":200}
[2026-05-17T11:26:03.021Z] [INFO] HTTP GET /health | {"method":"GET","url":"/health"}
[2026-05-17T11:26:03.021Z] [INFO] HTTP GET /health | {"method":"GET","url":"/health","statusCode":200}
[2026-05-17T11:26:06.860Z] [INFO] HTTP GET /health | {"method":"GET","url":"/health"}
[2026-05-17T11:26:06.860Z] [INFO] HTTP GET /health | {"method":"GET","url":"/health"}
[2026-05-17T11:26:06.860Z] [INFO] HTTP GET /health | {"method":"GET","url":"/health","statusCode":200}
[2026-05-17T11:26:06.860Z] [INFO] HTTP GET /health | {"method":"GET","url":"/health","statusCode":200}
[2026-05-17T11:26:33.059Z] [INFO] HTTP GET /health | {"method":"GET","url":"/health"}
[2026-05-17T11:26:33.059Z] [INFO] HTTP GET /health | {"method":"GET","url":"/health","statusCode":200}
[2026-05-17T11:26:36.912Z] [INFO] HTTP GET /health | {"method":"GET","url":"/health"}
[2026-05-17T11:26:36.912Z] [INFO] HTTP GET /health | {"method":"GET","url":"/health"}
[2026-05-17T11:26:36.912Z] [INFO] HTTP GET /health | {"method":"GET","url":"/health","statusCode":200,"duration":"1ms"}
[2026-05-17T11:26:36.912Z] [INFO] HTTP GET /health | {"method":"GET","url":"/health","statusCode":200}
[2026-05-17T11:27:03.100Z] [INFO] HTTP GET /health | {"method":"GET","url":"/health"}
[2026-05-17T11:27:03.100Z] [INFO] HTTP GET /health | {"method":"GET","url":"/health","statusCode":200}
[2026-05-17T11:27:06.966Z] [INFO] HTTP GET /health | {"method":"GET","url":"/health"}
[2026-05-17T11:27:06.967Z] [INFO] HTTP GET /health | {"method":"GET","url":"/health"}
[2026-05-17T11:27:06.967Z] [INFO] HTTP GET /health | {"method":"GET","url":"/health","statusCode":200,"duration":"1ms"}
[2026-05-17T11:27:06.967Z] [INFO] HTTP GET /health | {"method":"GET","url":"/health","statusCode":200}
[2026-05-17T11:27:33.149Z] [INFO] HTTP GET /health | {"method":"GET","url":"/health"}
[2026-05-17T11:27:33.149Z] [INFO] HTTP GET /health | {"method":"GET","url":"/health","statusCode":200,"duration":"1ms"}
[2026-05-17T11:27:37.021Z] [INFO] HTTP GET /health | {"method":"GET","url":"/health"}
[2026-05-17T11:27:37.021Z] [INFO] HTTP GET /health | {"method":"GET","url":"/health"}
[2026-05-17T11:27:37.021Z] [INFO] HTTP GET /health | {"method":"GET","url":"/health","statusCode":200}
[2026-05-17T11:27:37.021Z] [INFO] HTTP GET /health | {"method":"GET","url":"/health","statusCode":200}
[2026-05-17T11:28:03.186Z] [INFO] HTTP GET /health | {"method":"GET","url":"/health"}
[2026-05-17T11:28:03.186Z] [INFO] HTTP GET /health | {"method":"GET","url":"/health","statusCode":200}
[2026-05-17T11:28:07.071Z] [INFO] HTTP GET /health | {"method":"GET","url":"/health"}
[2026-05-17T11:28:07.072Z] [INFO] HTTP GET /health | {"method":"GET","url":"/health"}
[2026-05-17T11:28:07.072Z] [INFO] HTTP GET /health | {"method":"GET","url":"/health","statusCode":200}
[2026-05-17T11:28:07.072Z] [INFO] HTTP GET /health | {"method":"GET","url":"/health","statusCode":200}
[2026-05-17T11:28:33.257Z] [INFO] HTTP GET /health | {"method":"GET","url":"/health"}
[2026-05-17T11:28:33.257Z] [INFO] HTTP GET /health | {"method":"GET","url":"/health","statusCode":200}
[2026-05-17T11:28:37.124Z] [INFO] HTTP GET /health | {"method":"GET","url":"/health"}
[2026-05-17T11:28:37.124Z] [INFO] HTTP GET /health | {"method":"GET","url":"/health"}
[2026-05-17T11:28:37.124Z] [INFO] HTTP GET /health | {"method":"GET","url":"/health","statusCode":200}
[2026-05-17T11:28:37.125Z] [INFO] HTTP GET /health | {"method":"GET","url":"/health","statusCode":200,"duration":"1ms"}
[2026-05-17T11:29:03.316Z] [INFO] HTTP GET /health | {"method":"GET","url":"/health"}
[2026-05-17T11:29:03.316Z] [INFO] HTTP GET /health | {"method":"GET","url":"/health","statusCode":200,"duration":"1ms"}
[2026-05-17T11:29:07.179Z] [INFO] HTTP GET /health | {"method":"GET","url":"/health"}
[2026-05-17T11:29:07.179Z] [INFO] HTTP GET /health | {"method":"GET","url":"/health"}
[2026-05-17T11:29:07.179Z] [INFO] HTTP GET /health | {"method":"GET","url":"/health","statusCode":200}
[2026-05-17T11:29:07.179Z] [INFO] HTTP GET /health | {"method":"GET","url":"/health","statusCode":200}
[2026-05-17T11:29:33.372Z] [INFO] HTTP GET /health | {"method":"GET","url":"/health"}
[2026-05-17T11:29:33.372Z] [INFO] HTTP GET /health | {"method":"GET","url":"/health","statusCode":200}
[2026-05-17T11:29:37.231Z] [INFO] HTTP GET /health | {"method":"GET","url":"/health"}
[2026-05-17T11:29:37.231Z] [INFO] HTTP GET /health | {"method":"GET","url":"/health"}
[2026-05-17T11:29:37.231Z] [INFO] HTTP GET /health | {"method":"GET","url":"/health","statusCode":200}
[2026-05-17T11:29:37.231Z] [INFO] HTTP GET /health | {"method":"GET","url":"/health","statusCode":200}
[2026-05-17T11:30:03.430Z] [INFO] HTTP GET /health | {"method":"GET","url":"/health"}
[2026-05-17T11:30:03.430Z] [INFO] HTTP GET /health | {"method":"GET","url":"/health","statusCode":200,"duration":"1ms"}
[2026-05-17T11:30:07.274Z] [INFO] HTTP GET /health | {"method":"GET","url":"/health"}
[2026-05-17T11:30:07.274Z] [INFO] HTTP GET /health | {"method":"GET","url":"/health"}
[2026-05-17T11:30:07.274Z] [INFO] HTTP GET /health | {"method":"GET","url":"/health","statusCode":200}
[2026-05-17T11:30:07.274Z] [INFO] HTTP GET /health | {"method":"GET","url":"/health","statusCode":200}
[2026-05-17T11:30:33.493Z] [INFO] HTTP GET /health | {"method":"GET","url":"/health"}
[2026-05-17T11:30:33.494Z] [INFO] HTTP GET /health | {"method":"GET","url":"/health","statusCode":200,"duration":"1ms"}
[2026-05-17T11:30:37.321Z] [INFO] HTTP GET /health | {"method":"GET","url":"/health"}
[2026-05-17T11:30:37.321Z] [INFO] HTTP GET /health | {"method":"GET","url":"/health"}
[2026-05-17T11:30:37.321Z] [INFO] HTTP GET /health | {"method":"GET","url":"/health","statusCode":200}
[2026-05-17T11:30:37.321Z] [INFO] HTTP GET /health | {"method":"GET","url":"/health","statusCode":200}
[2026-05-17T11:31:03.546Z] [INFO] HTTP GET /health | {"method":"GET","url":"/health"}
[2026-05-17T11:31:03.547Z] [INFO] HTTP GET /health | {"method":"GET","url":"/health","statusCode":200}
[2026-05-17T11:31:07.364Z] [INFO] HTTP GET /health | {"method":"GET","url":"/health"}
[2026-05-17T11:31:07.364Z] [INFO] HTTP GET /health | {"method":"GET","url":"/health","statusCode":200,"duration":"1ms"}
[2026-05-17T11:31:07.365Z] [INFO] HTTP GET /health | {"method":"GET","url":"/health"}
[2026-05-17T11:31:07.365Z] [INFO] HTTP GET /health | {"method":"GET","url":"/health","statusCode":200,"duration":"1ms"}
[2026-05-17T11:31:33.609Z] [INFO] HTTP GET /health | {"method":"GET","url":"/health"}
[2026-05-17T11:31:33.609Z] [INFO] HTTP GET /health | {"method":"GET","url":"/health","statusCode":200}
[2026-05-17T11:31:37.412Z] [INFO] HTTP GET /health | {"method":"GET","url":"/health"}
[2026-05-17T11:31:37.412Z] [INFO] HTTP GET /health | {"method":"GET","url":"/health"}
[2026-05-17T11:31:37.412Z] [INFO] HTTP GET /health | {"method":"GET","url":"/health","statusCode":200}
[2026-05-17T11:31:37.413Z] [INFO] HTTP GET /health | {"method":"GET","url":"/health","statusCode":200}
[2026-05-17T11:32:03.658Z] [INFO] HTTP GET /health | {"method":"GET","url":"/health"}
[2026-05-17T11:32:03.658Z] [INFO] HTTP GET /health | {"method":"GET","url":"/health","statusCode":200}
[2026-05-17T11:32:07.465Z] [INFO] HTTP GET /health | {"method":"GET","url":"/health"}
[2026-05-17T11:32:07.465Z] [INFO] HTTP GET /health | {"method":"GET","url":"/health"}
[2026-05-17T11:32:07.465Z] [INFO] HTTP GET /health | {"method":"GET","url":"/health","statusCode":200}
[2026-05-17T11:32:07.465Z] [INFO] HTTP GET /health | {"method":"GET","url":"/health","statusCode":200}
[2026-05-17T11:32:33.705Z] [INFO] HTTP GET /health | {"method":"GET","url":"/health"}
[2026-05-17T11:32:33.706Z] [INFO] HTTP GET /health | {"method":"GET","url":"/health","statusCode":200,"duration":"1ms"}
[2026-05-17T11:32:37.518Z] [INFO] HTTP GET /health | {"method":"GET","url":"/health"}
[2026-05-17T11:32:37.518Z] [INFO] HTTP GET /health | {"method":"GET","url":"/health"}
[2026-05-17T11:32:37.518Z] [INFO] HTTP GET /health | {"method":"GET","url":"/health","statusCode":200}
[2026-05-17T11:32:37.518Z] [INFO] HTTP GET /health | {"method":"GET","url":"/health","statusCode":200}
[2026-05-17T11:33:03.770Z] [INFO] HTTP GET /health | {"method":"GET","url":"/health"}
[2026-05-17T11:33:03.770Z] [INFO] HTTP GET /health | {"method":"GET","url":"/health","statusCode":200}
[2026-05-17T11:33:07.571Z] [INFO] HTTP GET /health | {"method":"GET","url":"/health"}
[2026-05-17T11:33:07.572Z] [INFO] HTTP GET /health | {"method":"GET","url":"/health"}
[2026-05-17T11:33:07.572Z] [INFO] HTTP GET /health | {"method":"GET","url":"/health","statusCode":200,"duration":"1ms"}
[2026-05-17T11:33:07.572Z] [INFO] HTTP GET /health | {"method":"GET","url":"/health","statusCode":200}
[2026-05-17T11:33:33.830Z] [INFO] HTTP GET /health | {"method":"GET","url":"/health"}
[2026-05-17T11:33:33.830Z] [INFO] HTTP GET /health | {"method":"GET","url":"/health","statusCode":200}
[2026-05-17T11:33:37.642Z] [INFO] HTTP GET /health | {"method":"GET","url":"/health"}
[2026-05-17T11:33:37.642Z] [INFO] HTTP GET /health | {"method":"GET","url":"/health"}
[2026-05-17T11:33:37.642Z] [INFO] HTTP GET /health | {"method":"GET","url":"/health","statusCode":200}
[2026-05-17T11:33:37.642Z] [INFO] HTTP GET /health | {"method":"GET","url":"/health","statusCode":200}
[2026-05-17T11:34:03.883Z] [INFO] HTTP GET /health | {"method":"GET","url":"/health"}
[2026-05-17T11:34:03.883Z] [INFO] HTTP GET /health | {"method":"GET","url":"/health","statusCode":200}
[2026-05-17T11:34:07.696Z] [INFO] HTTP GET /health | {"method":"GET","url":"/health"}
[2026-05-17T11:34:07.696Z] [INFO] HTTP GET /health | {"method":"GET","url":"/health"}
[2026-05-17T11:34:07.696Z] [INFO] HTTP GET /health | {"method":"GET","url":"/health","statusCode":200}
[2026-05-17T11:34:07.696Z] [INFO] HTTP GET /health | {"method":"GET","url":"/health","statusCode":200}
[2026-05-17T11:34:33.944Z] [INFO] HTTP GET /health | {"method":"GET","url":"/health"}
[2026-05-17T11:34:33.944Z] [INFO] HTTP GET /health | {"method":"GET","url":"/health","statusCode":200}
[2026-05-17T11:34:37.742Z] [INFO] HTTP GET /health | {"method":"GET","url":"/health"}
[2026-05-17T11:34:37.743Z] [INFO] HTTP GET /health | {"method":"GET","url":"/health"}
[2026-05-17T11:34:37.743Z] [INFO] HTTP GET /health | {"method":"GET","url":"/health","statusCode":200,"duration":"1ms"}
[2026-05-17T11:34:37.743Z] [INFO] HTTP GET /health | {"method":"GET","url":"/health","statusCode":200}
[2026-05-17T11:35:03.993Z] [INFO] HTTP GET /health | {"method":"GET","url":"/health"}
[2026-05-17T11:35:03.993Z] [INFO] HTTP GET /health | {"method":"GET","url":"/health","statusCode":200}
[2026-05-17T11:35:07.791Z] [INFO] HTTP GET /health | {"method":"GET","url":"/health"}
[2026-05-17T11:35:07.791Z] [INFO] HTTP GET /health | {"method":"GET","url":"/health"}
[2026-05-17T11:35:07.791Z] [INFO] HTTP GET /health | {"method":"GET","url":"/health","statusCode":200}
[2026-05-17T11:35:07.791Z] [INFO] HTTP GET /health | {"method":"GET","url":"/health","statusCode":200}
[2026-05-17T11:35:34.029Z] [INFO] HTTP GET /health | {"method":"GET","url":"/health"}
[2026-05-17T11:35:34.029Z] [INFO] HTTP GET /health | {"method":"GET","url":"/health","statusCode":200}
[2026-05-17T11:35:37.844Z] [INFO] HTTP GET /health | {"method":"GET","url":"/health"}
[2026-05-17T11:35:37.845Z] [INFO] HTTP GET /health | {"method":"GET","url":"/health"}
[2026-05-17T11:35:37.845Z] [INFO] HTTP GET /health | {"method":"GET","url":"/health","statusCode":200,"duration":"1ms"}
[2026-05-17T11:35:37.845Z] [INFO] HTTP GET /health | {"method":"GET","url":"/health","statusCode":200,"duration":"1ms"}
[2026-05-17T11:36:04.080Z] [INFO] HTTP GET /health | {"method":"GET","url":"/health"}
[2026-05-17T11:36:04.080Z] [INFO] HTTP GET /health | {"method":"GET","url":"/health","statusCode":200}
[2026-05-17T11:36:07.894Z] [INFO] HTTP GET /health | {"method":"GET","url":"/health"}
[2026-05-17T11:36:07.894Z] [INFO] HTTP GET /health | {"method":"GET","url":"/health"}
[2026-05-17T11:36:07.894Z] [INFO] HTTP GET /health | {"method":"GET","url":"/health","statusCode":200}
[2026-05-17T11:36:07.894Z] [INFO] HTTP GET /health | {"method":"GET","url":"/health","statusCode":200}
[2026-05-17T11:36:34.130Z] [INFO] HTTP GET /health | {"method":"GET","url":"/health"}
[2026-05-17T11:36:34.130Z] [INFO] HTTP GET /health | {"method":"GET","url":"/health","statusCode":200,"duration":"1ms"}
[2026-05-17T11:36:37.950Z] [INFO] HTTP GET /health | {"method":"GET","url":"/health"}
[2026-05-17T11:36:37.950Z] [INFO] HTTP GET /health | {"method":"GET","url":"/health"}
[2026-05-17T11:36:37.950Z] [INFO] HTTP GET /health | {"method":"GET","url":"/health","statusCode":200}
[2026-05-17T11:36:37.950Z] [INFO] HTTP GET /health | {"method":"GET","url":"/health","statusCode":200}
[2026-05-17T11:37:04.186Z] [INFO] HTTP GET /health | {"method":"GET","url":"/health"}
[2026-05-17T11:37:04.186Z] [INFO] HTTP GET /health | {"method":"GET","url":"/health","statusCode":200}
[2026-05-17T11:37:08.006Z] [INFO] HTTP GET /health | {"method":"GET","url":"/health"}
[2026-05-17T11:37:08.006Z] [INFO] HTTP GET /health | {"method":"GET","url":"/health"}
[2026-05-17T11:37:08.006Z] [INFO] HTTP GET /health | {"method":"GET","url":"/health","statusCode":200}
[2026-05-17T11:37:08.006Z] [INFO] HTTP GET /health | {"method":"GET","url":"/health","statusCode":200}
[2026-05-17T11:37:34.240Z] [INFO] HTTP GET /health | {"method":"GET","url":"/health"}
[2026-05-17T11:37:34.240Z] [INFO] HTTP GET /health | {"method":"GET","url":"/health","statusCode":200}
[2026-05-17T11:37:38.052Z] [INFO] HTTP GET /health | {"method":"GET","url":"/health"}
[2026-05-17T11:37:38.052Z] [INFO] HTTP GET /health | {"method":"GET","url":"/health"}
[2026-05-17T11:37:38.052Z] [INFO] HTTP GET /health | {"method":"GET","url":"/health","statusCode":200}
[2026-05-17T11:37:38.053Z] [INFO] HTTP GET /health | {"method":"GET","url":"/health","statusCode":200,"duration":"1ms"}
[2026-05-17T11:38:04.291Z] [INFO] HTTP GET /health | {"method":"GET","url":"/health"}
[2026-05-17T11:38:04.291Z] [INFO] HTTP GET /health | {"method":"GET","url":"/health","statusCode":200}
[2026-05-17T11:38:08.106Z] [INFO] HTTP GET /health | {"method":"GET","url":"/health"}
[2026-05-17T11:38:08.106Z] [INFO] HTTP GET /health | {"method":"GET","url":"/health"}
[2026-05-17T11:38:08.106Z] [INFO] HTTP GET /health | {"method":"GET","url":"/health","statusCode":200}
[2026-05-17T11:38:08.106Z] [INFO] HTTP GET /health | {"method":"GET","url":"/health","statusCode":200}
[2026-05-17T11:38:34.354Z] [INFO] HTTP GET /health | {"method":"GET","url":"/health"}
[2026-05-17T11:38:34.354Z] [INFO] HTTP GET /health | {"method":"GET","url":"/health","statusCode":200}
[2026-05-17T11:38:38.157Z] [INFO] HTTP GET /health | {"method":"GET","url":"/health"}
[2026-05-17T11:38:38.157Z] [INFO] HTTP GET /health | {"method":"GET","url":"/health"}
[2026-05-17T11:38:38.157Z] [INFO] HTTP GET /health | {"method":"GET","url":"/health","statusCode":200}
[2026-05-17T11:38:38.157Z] [INFO] HTTP GET /health | {"method":"GET","url":"/health","statusCode":200}
[2026-05-17T11:39:04.399Z] [INFO] HTTP GET /health | {"method":"GET","url":"/health"}
[2026-05-17T11:39:04.400Z] [INFO] HTTP GET /health | {"method":"GET","url":"/health","statusCode":200,"duration":"1ms"}
[2026-05-17T11:39:08.209Z] [INFO] HTTP GET /health | {"method":"GET","url":"/health"}
[2026-05-17T11:39:08.209Z] [INFO] HTTP GET /health | {"method":"GET","url":"/health"}
[2026-05-17T11:39:08.209Z] [INFO] HTTP GET /health | {"method":"GET","url":"/health","statusCode":200}
[2026-05-17T11:39:08.209Z] [INFO] HTTP GET /health | {"method":"GET","url":"/health","statusCode":200}
[2026-05-17T11:39:34.449Z] [INFO] HTTP GET /health | {"method":"GET","url":"/health"}
[2026-05-17T11:39:34.449Z] [INFO] HTTP GET /health | {"method":"GET","url":"/health","statusCode":200}
[2026-05-17T11:39:38.261Z] [INFO] HTTP GET /health | {"method":"GET","url":"/health"}
[2026-05-17T11:39:38.261Z] [INFO] HTTP GET /health | {"method":"GET","url":"/health"}
[2026-05-17T11:39:38.261Z] [INFO] HTTP GET /health | {"method":"GET","url":"/health","statusCode":200}
[2026-05-17T11:39:38.261Z] [INFO] HTTP GET /health | {"method":"GET","url":"/health","statusCode":200}
[2026-05-17T11:40:04.500Z] [INFO] HTTP GET /health | {"method":"GET","url":"/health"}
[2026-05-17T11:40:04.500Z] [INFO] HTTP GET /health | {"method":"GET","url":"/health","statusCode":200}
[2026-05-17T11:40:08.318Z] [INFO] HTTP GET /health | {"method":"GET","url":"/health"}
[2026-05-17T11:40:08.318Z] [INFO] HTTP GET /health | {"method":"GET","url":"/health"}
[2026-05-17T11:40:08.318Z] [INFO] HTTP GET /health | {"method":"GET","url":"/health","statusCode":200}
[2026-05-17T11:40:08.319Z] [INFO] HTTP GET /health | {"method":"GET","url":"/health","statusCode":200,"duration":"1ms"}
[2026-05-17T11:40:34.555Z] [INFO] HTTP GET /health | {"method":"GET","url":"/health"}
[2026-05-17T11:40:34.555Z] [INFO] HTTP GET /health | {"method":"GET","url":"/health","statusCode":200}
[2026-05-17T11:40:38.371Z] [INFO] HTTP GET /health | {"method":"GET","url":"/health"}
[2026-05-17T11:40:38.371Z] [INFO] HTTP GET /health | {"method":"GET","url":"/health"}
[2026-05-17T11:40:38.371Z] [INFO] HTTP GET /health | {"method":"GET","url":"/health","statusCode":200}
[2026-05-17T11:40:38.371Z] [INFO] HTTP GET /health | {"method":"GET","url":"/health","statusCode":200}
[2026-05-17T11:41:04.608Z] [INFO] HTTP GET /health | {"method":"GET","url":"/health"}
[2026-05-17T11:41:04.608Z] [INFO] HTTP GET /health | {"method":"GET","url":"/health","statusCode":200,"duration":"1ms"}
[2026-05-17T11:41:08.430Z] [INFO] HTTP GET /health | {"method":"GET","url":"/health"}
[2026-05-17T11:41:08.430Z] [INFO] HTTP GET /health | {"method":"GET","url":"/health"}
[2026-05-17T11:41:08.430Z] [INFO] HTTP GET /health | {"method":"GET","url":"/health","statusCode":200}
[2026-05-17T11:41:08.430Z] [INFO] HTTP GET /health | {"method":"GET","url":"/health","statusCode":200}
[2026-05-17T11:41:34.658Z] [INFO] HTTP GET /health | {"method":"GET","url":"/health"}
[2026-05-17T11:41:34.658Z] [INFO] HTTP GET /health | {"method":"GET","url":"/health","statusCode":200}
[2026-05-17T11:41:38.483Z] [INFO] HTTP GET /health | {"method":"GET","url":"/health"}
[2026-05-17T11:41:38.483Z] [INFO] HTTP GET /health | {"method":"GET","url":"/health"}
[2026-05-17T11:41:38.483Z] [INFO] HTTP GET /health | {"method":"GET","url":"/health","statusCode":200}
[2026-05-17T11:41:38.484Z] [INFO] HTTP GET /health | {"method":"GET","url":"/health","statusCode":200,"duration":"1ms"}
[2026-05-17T11:42:04.718Z] [INFO] HTTP GET /health | {"method":"GET","url":"/health"}
[2026-05-17T11:42:04.718Z] [INFO] HTTP GET /health | {"method":"GET","url":"/health","statusCode":200}
[2026-05-17T11:42:08.521Z] [INFO] HTTP GET /health | {"method":"GET","url":"/health"}
[2026-05-17T11:42:08.521Z] [INFO] HTTP GET /health | {"method":"GET","url":"/health"}
[2026-05-17T11:42:08.521Z] [INFO] HTTP GET /health | {"method":"GET","url":"/health","statusCode":200}
[2026-05-17T11:42:08.521Z] [INFO] HTTP GET /health | {"method":"GET","url":"/health","statusCode":200}
[2026-05-17T11:42:34.775Z] [INFO] HTTP GET /health | {"method":"GET","url":"/health"}
[2026-05-17T11:42:34.775Z] [INFO] HTTP GET /health | {"method":"GET","url":"/health","statusCode":200}
[2026-05-17T11:42:38.564Z] [INFO] HTTP GET /health | {"method":"GET","url":"/health"}
[2026-05-17T11:42:38.564Z] [INFO] HTTP GET /health | {"method":"GET","url":"/health"}
[2026-05-17T11:42:38.564Z] [INFO] HTTP GET /health | {"method":"GET","url":"/health","statusCode":200}
[2026-05-17T11:42:38.564Z] [INFO] HTTP GET /health | {"method":"GET","url":"/health","statusCode":200}
[2026-05-17T11:43:04.830Z] [INFO] HTTP GET /health | {"method":"GET","url":"/health"}
[2026-05-17T11:43:04.831Z] [INFO] HTTP GET /health | {"method":"GET","url":"/health","statusCode":200,"duration":"1ms"}
[2026-05-17T11:43:08.619Z] [INFO] HTTP GET /health | {"method":"GET","url":"/health"}
[2026-05-17T11:43:08.619Z] [INFO] HTTP GET /health | {"method":"GET","url":"/health"}
[2026-05-17T11:43:08.619Z] [INFO] HTTP GET /health | {"method":"GET","url":"/health","statusCode":200}
[2026-05-17T11:43:08.619Z] [INFO] HTTP GET /health | {"method":"GET","url":"/health","statusCode":200}
[2026-05-17T11:43:34.881Z] [INFO] HTTP GET /health | {"method":"GET","url":"/health"}
[2026-05-17T11:43:34.881Z] [INFO] HTTP GET /health | {"method":"GET","url":"/health","statusCode":200}
[2026-05-17T11:43:38.677Z] [INFO] HTTP GET /health | {"method":"GET","url":"/health"}
[2026-05-17T11:43:38.677Z] [INFO] HTTP GET /health | {"method":"GET","url":"/health"}
[2026-05-17T11:43:38.677Z] [INFO] HTTP GET /health | {"method":"GET","url":"/health","statusCode":200}
[2026-05-17T11:43:38.677Z] [INFO] HTTP GET /health | {"method":"GET","url":"/health","statusCode":200}
[2026-05-17T11:44:04.929Z] [INFO] HTTP GET /health | {"method":"GET","url":"/health"}
[2026-05-17T11:44:04.929Z] [INFO] HTTP GET /health | {"method":"GET","url":"/health","statusCode":200}
[2026-05-17T11:44:08.736Z] [INFO] HTTP GET /health | {"method":"GET","url":"/health"}
[2026-05-17T11:44:08.737Z] [INFO] HTTP GET /health | {"method":"GET","url":"/health"}
[2026-05-17T11:44:08.737Z] [INFO] HTTP GET /health | {"method":"GET","url":"/health","statusCode":200,"duration":"1ms"}
[2026-05-17T11:44:08.737Z] [INFO] HTTP GET /health | {"method":"GET","url":"/health","statusCode":200,"duration":"1ms"}
[2026-05-17T11:44:34.980Z] [INFO] HTTP GET /health | {"method":"GET","url":"/health"}
[2026-05-17T11:44:34.980Z] [INFO] HTTP GET /health | {"method":"GET","url":"/health","statusCode":200}
[2026-05-17T11:44:38.787Z] [INFO] HTTP GET /health | {"method":"GET","url":"/health"}
[2026-05-17T11:44:38.788Z] [INFO] HTTP GET /health | {"method":"GET","url":"/health"}
[2026-05-17T11:44:38.788Z] [INFO] HTTP GET /health | {"method":"GET","url":"/health","statusCode":200,"duration":"1ms"}
[2026-05-17T11:44:38.788Z] [INFO] HTTP GET /health | {"method":"GET","url":"/health","statusCode":200,"duration":"1ms"}
[2026-05-17T11:45:05.028Z] [INFO] HTTP GET /health | {"method":"GET","url":"/health"}
[2026-05-17T11:45:05.029Z] [INFO] HTTP GET /health | {"method":"GET","url":"/health","statusCode":200,"duration":"1ms"}
[2026-05-17T11:45:08.837Z] [INFO] HTTP GET /health | {"method":"GET","url":"/health"}
[2026-05-17T11:45:08.837Z] [INFO] HTTP GET /health | {"method":"GET","url":"/health"}
[2026-05-17T11:45:08.837Z] [INFO] HTTP GET /health | {"method":"GET","url":"/health","statusCode":200}
[2026-05-17T11:45:08.837Z] [INFO] HTTP GET /health | {"method":"GET","url":"/health","statusCode":200}
[2026-05-17T11:45:35.074Z] [INFO] HTTP GET /health | {"method":"GET","url":"/health"}
[2026-05-17T11:45:35.074Z] [INFO] HTTP GET /health | {"method":"GET","url":"/health","statusCode":200,"duration":"1ms"}
[2026-05-17T11:45:38.868Z] [INFO] HTTP GET /health | {"method":"GET","url":"/health"}
[2026-05-17T11:45:38.868Z] [INFO] HTTP GET /health | {"method":"GET","url":"/health"}
[2026-05-17T11:45:38.868Z] [INFO] HTTP GET /health | {"method":"GET","url":"/health","statusCode":200}
[2026-05-17T11:45:38.868Z] [INFO] HTTP GET /health | {"method":"GET","url":"/health","statusCode":200}
[2026-05-17T11:46:05.127Z] [INFO] HTTP GET /health | {"method":"GET","url":"/health"}
[2026-05-17T11:46:05.127Z] [INFO] HTTP GET /health | {"method":"GET","url":"/health","statusCode":200}
[2026-05-17T11:46:08.914Z] [INFO] HTTP GET /health | {"method":"GET","url":"/health"}
[2026-05-17T11:46:08.914Z] [INFO] HTTP GET /health | {"method":"GET","url":"/health"}
[2026-05-17T11:46:08.914Z] [INFO] HTTP GET /health | {"method":"GET","url":"/health","statusCode":200}
[2026-05-17T11:46:08.914Z] [INFO] HTTP GET /health | {"method":"GET","url":"/health","statusCode":200}
[2026-05-17T11:46:35.189Z] [INFO] HTTP GET /health | {"method":"GET","url":"/health"}
[2026-05-17T11:46:35.189Z] [INFO] HTTP GET /health | {"method":"GET","url":"/health","statusCode":200}
[2026-05-17T11:46:38.962Z] [INFO] HTTP GET /health | {"method":"GET","url":"/health"}
[2026-05-17T11:46:38.962Z] [INFO] HTTP GET /health | {"method":"GET","url":"/health"}
[2026-05-17T11:46:38.962Z] [INFO] HTTP GET /health | {"method":"GET","url":"/health","statusCode":200}
[2026-05-17T11:46:38.962Z] [INFO] HTTP GET /health | {"method":"GET","url":"/health","statusCode":200}
[2026-05-17T11:47:05.243Z] [INFO] HTTP GET /health | {"method":"GET","url":"/health"}
[2026-05-17T11:47:05.243Z] [INFO] HTTP GET /health | {"method":"GET","url":"/health","statusCode":200}
[2026-05-17T11:47:09.012Z] [INFO] HTTP GET /health | {"method":"GET","url":"/health"}
[2026-05-17T11:47:09.012Z] [INFO] HTTP GET /health | {"method":"GET","url":"/health"}
[2026-05-17T11:47:09.012Z] [INFO] HTTP GET /health | {"method":"GET","url":"/health","statusCode":200}
[2026-05-17T11:47:09.012Z] [INFO] HTTP GET /health | {"method":"GET","url":"/health","statusCode":200}
[2026-05-17T11:47:35.293Z] [INFO] HTTP GET /health | {"method":"GET","url":"/health"}
[2026-05-17T11:47:35.294Z] [INFO] HTTP GET /health | {"method":"GET","url":"/health","statusCode":200}
[2026-05-17T11:47:39.063Z] [INFO] HTTP GET /health | {"method":"GET","url":"/health"}
[2026-05-17T11:47:39.063Z] [INFO] HTTP GET /health | {"method":"GET","url":"/health"}
[2026-05-17T11:47:39.063Z] [INFO] HTTP GET /health | {"method":"GET","url":"/health","statusCode":200}
[2026-05-17T11:47:39.063Z] [INFO] HTTP GET /health | {"method":"GET","url":"/health","statusCode":200}
[2026-05-17T11:48:05.353Z] [INFO] HTTP GET /health | {"method":"GET","url":"/health"}
[2026-05-17T11:48:05.353Z] [INFO] HTTP GET /health | {"method":"GET","url":"/health","statusCode":200}
[2026-05-17T11:48:09.106Z] [INFO] HTTP GET /health | {"method":"GET","url":"/health"}
[2026-05-17T11:48:09.106Z] [INFO] HTTP GET /health | {"method":"GET","url":"/health"}
[2026-05-17T11:48:09.106Z] [INFO] HTTP GET /health | {"method":"GET","url":"/health","statusCode":200}
[2026-05-17T11:48:09.106Z] [INFO] HTTP GET /health | {"method":"GET","url":"/health","statusCode":200}
[2026-05-17T11:48:35.402Z] [INFO] HTTP GET /health | {"method":"GET","url":"/health"}
[2026-05-17T11:48:35.403Z] [INFO] HTTP GET /health | {"method":"GET","url":"/health","statusCode":200,"duration":"1ms"}
[2026-05-17T11:48:39.154Z] [INFO] HTTP GET /health | {"method":"GET","url":"/health"}
[2026-05-17T11:48:39.154Z] [INFO] HTTP GET /health | {"method":"GET","url":"/health"}
[2026-05-17T11:48:39.154Z] [INFO] HTTP GET /health | {"method":"GET","url":"/health","statusCode":200}
[2026-05-17T11:48:39.154Z] [INFO] HTTP GET /health | {"method":"GET","url":"/health","statusCode":200}
[2026-05-17T11:49:05.465Z] [INFO] HTTP GET /health | {"method":"GET","url":"/health"}
[2026-05-17T11:49:05.465Z] [INFO] HTTP GET /health | {"method":"GET","url":"/health","statusCode":200}
[2026-05-17T11:49:09.221Z] [INFO] HTTP GET /health | {"method":"GET","url":"/health"}
[2026-05-17T11:49:09.222Z] [INFO] HTTP GET /health | {"method":"GET","url":"/health"}
[2026-05-17T11:49:09.221Z] [INFO] HTTP GET /health | {"method":"GET","url":"/health","statusCode":200}
[2026-05-17T11:49:09.222Z] [INFO] HTTP GET /health | {"method":"GET","url":"/health","statusCode":200,"duration":"1ms"}
[2026-05-17T11:49:35.523Z] [INFO] HTTP GET /health | {"method":"GET","url":"/health"}
[2026-05-17T11:49:35.524Z] [INFO] HTTP GET /health | {"method":"GET","url":"/health","statusCode":200,"duration":"1ms"}
[2026-05-17T11:49:39.287Z] [INFO] HTTP GET /health | {"method":"GET","url":"/health"}
[2026-05-17T11:49:39.287Z] [INFO] HTTP GET /health | {"method":"GET","url":"/health"}
[2026-05-17T11:49:39.287Z] [INFO] HTTP GET /health | {"method":"GET","url":"/health","statusCode":200,"duration":"1ms"}
[2026-05-17T11:49:39.287Z] [INFO] HTTP GET /health | {"method":"GET","url":"/health","statusCode":200,"duration":"1ms"}
[2026-05-17T11:50:05.574Z] [INFO] HTTP GET /health | {"method":"GET","url":"/health"}
[2026-05-17T11:50:05.574Z] [INFO] HTTP GET /health | {"method":"GET","url":"/health","statusCode":200}
[2026-05-17T11:50:09.338Z] [INFO] HTTP GET /health | {"method":"GET","url":"/health"}
[2026-05-17T11:50:09.338Z] [INFO] HTTP GET /health | {"method":"GET","url":"/health"}
[2026-05-17T11:50:09.338Z] [INFO] HTTP GET /health | {"method":"GET","url":"/health","statusCode":200}
[2026-05-17T11:50:09.338Z] [INFO] HTTP GET /health | {"method":"GET","url":"/health","statusCode":200}
[2026-05-17T11:50:35.614Z] [INFO] HTTP GET /health | {"method":"GET","url":"/health"}
[2026-05-17T11:50:35.614Z] [INFO] HTTP GET /health | {"method":"GET","url":"/health","statusCode":200}
[2026-05-17T11:50:39.398Z] [INFO] HTTP GET /health | {"method":"GET","url":"/health"}
[2026-05-17T11:50:39.398Z] [INFO] HTTP GET /health | {"method":"GET","url":"/health"}
[2026-05-17T11:50:39.398Z] [INFO] HTTP GET /health | {"method":"GET","url":"/health","statusCode":200}
[2026-05-17T11:50:39.398Z] [INFO] HTTP GET /health | {"method":"GET","url":"/health","statusCode":200}
[2026-05-17T11:51:05.658Z] [INFO] HTTP GET /health | {"method":"GET","url":"/health"}
[2026-05-17T11:51:05.658Z] [INFO] HTTP GET /health | {"method":"GET","url":"/health","statusCode":200}
[2026-05-17T11:51:09.446Z] [INFO] HTTP GET /health | {"method":"GET","url":"/health"}
[2026-05-17T11:51:09.446Z] [INFO] HTTP GET /health | {"method":"GET","url":"/health"}
[2026-05-17T11:51:09.446Z] [INFO] HTTP GET /health | {"method":"GET","url":"/health","statusCode":200}
[2026-05-17T11:51:09.446Z] [INFO] HTTP GET /health | {"method":"GET","url":"/health","statusCode":200}
[2026-05-17T11:51:35.715Z] [INFO] HTTP GET /health | {"method":"GET","url":"/health"}
[2026-05-17T11:51:35.716Z] [INFO] HTTP GET /health | {"method":"GET","url":"/health","statusCode":200,"duration":"1ms"}
[2026-05-17T11:51:39.499Z] [INFO] HTTP GET /health | {"method":"GET","url":"/health"}
[2026-05-17T11:51:39.499Z] [INFO] HTTP GET /health | {"method":"GET","url":"/health"}
[2026-05-17T11:51:39.499Z] [INFO] HTTP GET /health | {"method":"GET","url":"/health","statusCode":200,"duration":"1ms"}
[2026-05-17T11:51:39.499Z] [INFO] HTTP GET /health | {"method":"GET","url":"/health","statusCode":200}
[2026-05-17T11:52:05.775Z] [INFO] HTTP GET /health | {"method":"GET","url":"/health"}
[2026-05-17T11:52:05.775Z] [INFO] HTTP GET /health | {"method":"GET","url":"/health","statusCode":200,"duration":"1ms"}
[2026-05-17T11:52:09.553Z] [INFO] HTTP GET /health | {"method":"GET","url":"/health"}
[2026-05-17T11:52:09.553Z] [INFO] HTTP GET /health | {"method":"GET","url":"/health"}
[2026-05-17T11:52:09.554Z] [INFO] HTTP GET /health | {"method":"GET","url":"/health","statusCode":200,"duration":"1ms"}
[2026-05-17T11:52:09.554Z] [INFO] HTTP GET /health | {"method":"GET","url":"/health","statusCode":200,"duration":"1ms"}
[2026-05-17T11:52:35.823Z] [INFO] HTTP GET /health | {"method":"GET","url":"/health"}
[2026-05-17T11:52:35.823Z] [INFO] HTTP GET /health | {"method":"GET","url":"/health","statusCode":200}
[2026-05-17T11:52:39.601Z] [INFO] HTTP GET /health | {"method":"GET","url":"/health"}
[2026-05-17T11:52:39.602Z] [INFO] HTTP GET /health | {"method":"GET","url":"/health"}
[2026-05-17T11:52:39.601Z] [INFO] HTTP GET /health | {"method":"GET","url":"/health","statusCode":200}
[2026-05-17T11:52:39.602Z] [INFO] HTTP GET /health | {"method":"GET","url":"/health","statusCode":200}
[2026-05-17T11:53:05.881Z] [INFO] HTTP GET /health | {"method":"GET","url":"/health"}
[2026-05-17T11:53:05.881Z] [INFO] HTTP GET /health | {"method":"GET","url":"/health","statusCode":200}
[2026-05-17T11:53:09.624Z] [INFO] HTTP GET /health | {"method":"GET","url":"/health"}
[2026-05-17T11:53:09.624Z] [INFO] HTTP GET /health | {"method":"GET","url":"/health"}
[2026-05-17T11:53:09.624Z] [INFO] HTTP GET /health | {"method":"GET","url":"/health","statusCode":200,"duration":"1ms"}
[2026-05-17T11:53:09.624Z] [INFO] HTTP GET /health | {"method":"GET","url":"/health","statusCode":200}
[2026-05-17T11:53:35.931Z] [INFO] HTTP GET /health | {"method":"GET","url":"/health"}
[2026-05-17T11:53:35.932Z] [INFO] HTTP GET /health | {"method":"GET","url":"/health","statusCode":200,"duration":"1ms"}
[2026-05-17T11:53:39.681Z] [INFO] HTTP GET /health | {"method":"GET","url":"/health"}
[2026-05-17T11:53:39.681Z] [INFO] HTTP GET /health | {"method":"GET","url":"/health","statusCode":200}
[2026-05-17T11:53:39.682Z] [INFO] HTTP GET /health | {"method":"GET","url":"/health"}
[2026-05-17T11:53:39.683Z] [INFO] HTTP GET /health | {"method":"GET","url":"/health","statusCode":200}
[2026-05-17T11:54:05.991Z] [INFO] HTTP GET /health | {"method":"GET","url":"/health"}
[2026-05-17T11:54:05.991Z] [INFO] HTTP GET /health | {"method":"GET","url":"/health","statusCode":200}
[2026-05-17T11:54:09.739Z] [INFO] HTTP GET /health | {"method":"GET","url":"/health"}
[2026-05-17T11:54:09.739Z] [INFO] HTTP GET /health | {"method":"GET","url":"/health"}
[2026-05-17T11:54:09.739Z] [INFO] HTTP GET /health | {"method":"GET","url":"/health","statusCode":200,"duration":"1ms"}
[2026-05-17T11:54:09.739Z] [INFO] HTTP GET /health | {"method":"GET","url":"/health","statusCode":200}
[2026-05-17T11:54:15.503Z] [INFO] HTTP GET /api/settings | {"method":"GET","url":"/api/settings"}
[2026-05-17T11:54:15.507Z] [INFO] HTTP GET /api/users | {"method":"GET","url":"/api/users"}
[2026-05-17T11:54:15.511Z] [INFO] HTTP GET / | {"method":"GET","url":"/","statusCode":200,"duration":"8ms"}
[2026-05-17T11:54:15.513Z] [INFO] HTTP GET / | {"method":"GET","url":"/","statusCode":200,"duration":"5ms"}
[2026-05-17T11:54:15.513Z] [INFO] HTTP GET /api/settings | {"method":"GET","url":"/api/settings"}
[2026-05-17T11:54:15.514Z] [INFO] HTTP GET /api/users | {"method":"GET","url":"/api/users"}
[2026-05-17T11:54:15.516Z] [INFO] HTTP GET / | {"method":"GET","url":"/","statusCode":200,"duration":"3ms"}
[2026-05-17T11:54:15.516Z] [INFO] HTTP GET / | {"method":"GET","url":"/","statusCode":200,"duration":"2ms"}
[2026-05-17T11:54:36.043Z] [INFO] HTTP GET /health | {"method":"GET","url":"/health"}
[2026-05-17T11:54:36.043Z] [INFO] HTTP GET /health | {"method":"GET","url":"/health","statusCode":200}
[2026-05-17T11:54:39.800Z] [INFO] HTTP GET /health | {"method":"GET","url":"/health"}
[2026-05-17T11:54:39.800Z] [INFO] HTTP GET /health | {"method":"GET","url":"/health"}
[2026-05-17T11:54:39.800Z] [INFO] HTTP GET /health | {"method":"GET","url":"/health","statusCode":200,"duration":"1ms"}
[2026-05-17T11:54:39.800Z] [INFO] HTTP GET /health | {"method":"GET","url":"/health","statusCode":200}
[2026-05-17T11:55:06.106Z] [INFO] HTTP GET /health | {"method":"GET","url":"/health"}
[2026-05-17T11:55:06.106Z] [INFO] HTTP GET /health | {"method":"GET","url":"/health","statusCode":200}
[2026-05-17T11:55:09.857Z] [INFO] HTTP GET /health | {"method":"GET","url":"/health"}
[2026-05-17T11:55:09.857Z] [INFO] HTTP GET /health | {"method":"GET","url":"/health"}
[2026-05-17T11:55:09.857Z] [INFO] HTTP GET /health | {"method":"GET","url":"/health","statusCode":200}
[2026-05-17T11:55:09.857Z] [INFO] HTTP GET /health | {"method":"GET","url":"/health","statusCode":200}
[2026-05-17T11:55:36.161Z] [INFO] HTTP GET /health | {"method":"GET","url":"/health"}
[2026-05-17T11:55:36.161Z] [INFO] HTTP GET /health | {"method":"GET","url":"/health","statusCode":200}
[2026-05-17T11:55:39.911Z] [INFO] HTTP GET /health | {"method":"GET","url":"/health"}
[2026-05-17T11:55:39.911Z] [INFO] HTTP GET /health | {"method":"GET","url":"/health"}
[2026-05-17T11:55:39.911Z] [INFO] HTTP GET /health | {"method":"GET","url":"/health","statusCode":200}
[2026-05-17T11:55:39.911Z] [INFO] HTTP GET /health | {"method":"GET","url":"/health","statusCode":200}
[2026-05-17T11:56:06.217Z] [INFO] HTTP GET /health | {"method":"GET","url":"/health"}
[2026-05-17T11:56:06.217Z] [INFO] HTTP GET /health | {"method":"GET","url":"/health","statusCode":200,"duration":"1ms"}
[2026-05-17T11:56:09.962Z] [INFO] HTTP GET /health | {"method":"GET","url":"/health"}
[2026-05-17T11:56:09.963Z] [INFO] HTTP GET /health | {"method":"GET","url":"/health"}
[2026-05-17T11:56:09.963Z] [INFO] HTTP GET /health | {"method":"GET","url":"/health","statusCode":200,"duration":"1ms"}
[2026-05-17T11:56:09.964Z] [INFO] HTTP GET /health | {"method":"GET","url":"/health","statusCode":200}
[2026-05-17T11:56:36.077Z] [INFO] HTTP GET /health | {"method":"GET","url":"/health"}
[2026-05-17T11:56:36.078Z] [INFO] HTTP GET /health | {"method":"GET","url":"/health","statusCode":200,"duration":"1ms"}
[2026-05-17T11:56:39.820Z] [INFO] HTTP GET /health | {"method":"GET","url":"/health"}
[2026-05-17T11:56:39.821Z] [INFO] HTTP GET /health | {"method":"GET","url":"/health"}
[2026-05-17T11:56:39.820Z] [INFO] HTTP GET /health | {"method":"GET","url":"/health","statusCode":200}
[2026-05-17T11:56:39.821Z] [INFO] HTTP GET /health | {"method":"GET","url":"/health","statusCode":200}
[2026-05-17T11:57:06.141Z] [INFO] HTTP GET /health | {"method":"GET","url":"/health"}
[2026-05-17T11:57:06.141Z] [INFO] HTTP GET /health | {"method":"GET","url":"/health","statusCode":200}
[2026-05-17T11:57:09.883Z] [INFO] HTTP GET /health | {"method":"GET","url":"/health"}
[2026-05-17T11:57:09.883Z] [INFO] HTTP GET /health | {"method":"GET","url":"/health"}
[2026-05-17T11:57:09.883Z] [INFO] HTTP GET /health | {"method":"GET","url":"/health","statusCode":200,"duration":"1ms"}
[2026-05-17T11:57:09.883Z] [INFO] HTTP GET /health | {"method":"GET","url":"/health","statusCode":200,"duration":"1ms"}
[2026-05-17T11:57:36.173Z] [INFO] HTTP GET /health | {"method":"GET","url":"/health"}
[2026-05-17T11:57:36.173Z] [INFO] HTTP GET /health | {"method":"GET","url":"/health","statusCode":200}
[2026-05-17T11:57:39.924Z] [INFO] HTTP GET /health | {"method":"GET","url":"/health"}
[2026-05-17T11:57:39.924Z] [INFO] HTTP GET /health | {"method":"GET","url":"/health"}
[2026-05-17T11:57:39.924Z] [INFO] HTTP GET /health | {"method":"GET","url":"/health","statusCode":200}
[2026-05-17T11:57:39.924Z] [INFO] HTTP GET /health | {"method":"GET","url":"/health","statusCode":200}
[2026-05-17T11:58:06.226Z] [INFO] HTTP GET /health | {"method":"GET","url":"/health"}
[2026-05-17T11:58:06.226Z] [INFO] HTTP GET /health | {"method":"GET","url":"/health","statusCode":200}
[2026-05-17T11:58:09.982Z] [INFO] HTTP GET /health | {"method":"GET","url":"/health"}
[2026-05-17T11:58:09.983Z] [INFO] HTTP GET /health | {"method":"GET","url":"/health"}
[2026-05-17T11:58:09.983Z] [INFO] HTTP GET /health | {"method":"GET","url":"/health","statusCode":200}
[2026-05-17T11:58:09.983Z] [INFO] HTTP GET /health | {"method":"GET","url":"/health","statusCode":200,"duration":"1ms"}
[2026-05-17T11:58:36.271Z] [INFO] HTTP GET /health | {"method":"GET","url":"/health"}
[2026-05-17T11:58:36.271Z] [INFO] HTTP GET /health | {"method":"GET","url":"/health","statusCode":200}
[2026-05-17T11:58:40.036Z] [INFO] HTTP GET /health | {"method":"GET","url":"/health"}
[2026-05-17T11:58:40.036Z] [INFO] HTTP GET /health | {"method":"GET","url":"/health"}
[2026-05-17T11:58:40.036Z] [INFO] HTTP GET /health | {"method":"GET","url":"/health","statusCode":200}
[2026-05-17T11:58:40.036Z] [INFO] HTTP GET /health | {"method":"GET","url":"/health","statusCode":200}
[2026-05-17T11:59:06.325Z] [INFO] HTTP GET /health | {"method":"GET","url":"/health"}
[2026-05-17T11:59:06.325Z] [INFO] HTTP GET /health | {"method":"GET","url":"/health","statusCode":200}
[2026-05-17T11:59:10.096Z] [INFO] HTTP GET /health | {"method":"GET","url":"/health"}
[2026-05-17T11:59:10.096Z] [INFO] HTTP GET /health | {"method":"GET","url":"/health","statusCode":200}
[2026-05-17T11:59:10.098Z] [INFO] HTTP GET /health | {"method":"GET","url":"/health"}
[2026-05-17T11:59:10.098Z] [INFO] HTTP GET /health | {"method":"GET","url":"/health","statusCode":200}
[2026-05-17T11:59:36.372Z] [INFO] HTTP GET /health | {"method":"GET","url":"/health"}
[2026-05-17T11:59:36.372Z] [INFO] HTTP GET /health | {"method":"GET","url":"/health","statusCode":200}
[2026-05-17T11:59:40.151Z] [INFO] HTTP GET /health | {"method":"GET","url":"/health"}
[2026-05-17T11:59:40.151Z] [INFO] HTTP GET /health | {"method":"GET","url":"/health"}
[2026-05-17T11:59:40.151Z] [INFO] HTTP GET /health | {"method":"GET","url":"/health","statusCode":200,"duration":"1ms"}
[2026-05-17T11:59:40.151Z] [INFO] HTTP GET /health | {"method":"GET","url":"/health","statusCode":200}
[2026-05-17T12:00:06.429Z] [INFO] HTTP GET /health | {"method":"GET","url":"/health"}
[2026-05-17T12:00:06.430Z] [INFO] HTTP GET /health | {"method":"GET","url":"/health","statusCode":200,"duration":"1ms"}
[2026-05-17T12:00:10.186Z] [INFO] HTTP GET /health | {"method":"GET","url":"/health"}
[2026-05-17T12:00:10.186Z] [INFO] HTTP GET /health | {"method":"GET","url":"/health"}
[2026-05-17T12:00:10.186Z] [INFO] HTTP GET /health | {"method":"GET","url":"/health","statusCode":200}
[2026-05-17T12:00:10.187Z] [INFO] HTTP GET /health | {"method":"GET","url":"/health","statusCode":200,"duration":"1ms"}
[2026-05-17T12:00:36.476Z] [INFO] HTTP GET /health | {"method":"GET","url":"/health"}
[2026-05-17T12:00:36.476Z] [INFO] HTTP GET /health | {"method":"GET","url":"/health","statusCode":200}
[2026-05-17T12:00:40.240Z] [INFO] HTTP GET /health | {"method":"GET","url":"/health"}
[2026-05-17T12:00:40.240Z] [INFO] HTTP GET /health | {"method":"GET","url":"/health"}
[2026-05-17T12:00:40.240Z] [INFO] HTTP GET /health | {"method":"GET","url":"/health","statusCode":200}
[2026-05-17T12:00:40.240Z] [INFO] HTTP GET /health | {"method":"GET","url":"/health","statusCode":200,"duration":"1ms"}
[2026-05-17T12:01:06.521Z] [INFO] HTTP GET /health | {"method":"GET","url":"/health"}
[2026-05-17T12:01:06.521Z] [INFO] HTTP GET /health | {"method":"GET","url":"/health","statusCode":200}
[2026-05-17T12:01:10.276Z] [INFO] HTTP GET /health | {"method":"GET","url":"/health"}
[2026-05-17T12:01:10.277Z] [INFO] HTTP GET /health | {"method":"GET","url":"/health"}
[2026-05-17T12:01:10.277Z] [INFO] HTTP GET /health | {"method":"GET","url":"/health","statusCode":200,"duration":"1ms"}
[2026-05-17T12:01:10.277Z] [INFO] HTTP GET /health | {"method":"GET","url":"/health","statusCode":200}
[2026-05-17T12:01:36.575Z] [INFO] HTTP GET /health | {"method":"GET","url":"/health"}
[2026-05-17T12:01:36.576Z] [INFO] HTTP GET /health | {"method":"GET","url":"/health","statusCode":200,"duration":"1ms"}
[2026-05-17T12:01:40.333Z] [INFO] HTTP GET /health | {"method":"GET","url":"/health"}
[2026-05-17T12:01:40.333Z] [INFO] HTTP GET /health | {"method":"GET","url":"/health"}
[2026-05-17T12:01:40.333Z] [INFO] HTTP GET /health | {"method":"GET","url":"/health","statusCode":200}
[2026-05-17T12:01:40.334Z] [INFO] HTTP GET /health | {"method":"GET","url":"/health","statusCode":200,"duration":"1ms"}
[2026-05-17T12:02:06.632Z] [INFO] HTTP GET /health | {"method":"GET","url":"/health"}
[2026-05-17T12:02:06.633Z] [INFO] HTTP GET /health | {"method":"GET","url":"/health","statusCode":200,"duration":"1ms"}
[2026-05-17T12:02:10.380Z] [INFO] HTTP GET /health | {"method":"GET","url":"/health"}
[2026-05-17T12:02:10.381Z] [INFO] HTTP GET /health | {"method":"GET","url":"/health"}
[2026-05-17T12:02:10.381Z] [INFO] HTTP GET /health | {"method":"GET","url":"/health","statusCode":200}
[2026-05-17T12:02:10.381Z] [INFO] HTTP GET /health | {"method":"GET","url":"/health","statusCode":200}
[2026-05-17T12:02:36.675Z] [INFO] HTTP GET /health | {"method":"GET","url":"/health"}
[2026-05-17T12:02:36.675Z] [INFO] HTTP GET /health | {"method":"GET","url":"/health","statusCode":200}
[2026-05-17T12:02:40.410Z] [INFO] HTTP GET /health | {"method":"GET","url":"/health"}
[2026-05-17T12:02:40.410Z] [INFO] HTTP GET /health | {"method":"GET","url":"/health"}
[2026-05-17T12:02:40.410Z] [INFO] HTTP GET /health | {"method":"GET","url":"/health","statusCode":200}
[2026-05-17T12:02:40.410Z] [INFO] HTTP GET /health | {"method":"GET","url":"/health","statusCode":200}
[2026-05-17T12:03:06.747Z] [INFO] HTTP GET /health | {"method":"GET","url":"/health"}
[2026-05-17T12:03:06.747Z] [INFO] HTTP GET /health | {"method":"GET","url":"/health","statusCode":200}
[2026-05-17T12:03:10.466Z] [INFO] HTTP GET /health | {"method":"GET","url":"/health"}
[2026-05-17T12:03:10.466Z] [INFO] HTTP GET /health | {"method":"GET","url":"/health"}
[2026-05-17T12:03:10.466Z] [INFO] HTTP GET /health | {"method":"GET","url":"/health","statusCode":200}
[2026-05-17T12:03:10.466Z] [INFO] HTTP GET /health | {"method":"GET","url":"/health","statusCode":200}
[2026-05-17T12:03:36.809Z] [INFO] HTTP GET /health | {"method":"GET","url":"/health"}
[2026-05-17T12:03:36.809Z] [INFO] HTTP GET /health | {"method":"GET","url":"/health","statusCode":200}
[2026-05-17T12:03:40.508Z] [INFO] HTTP GET /health | {"method":"GET","url":"/health"}
[2026-05-17T12:03:40.508Z] [INFO] HTTP GET /health | {"method":"GET","url":"/health"}
[2026-05-17T12:03:40.508Z] [INFO] HTTP GET /health | {"method":"GET","url":"/health","statusCode":200}
[2026-05-17T12:03:40.508Z] [INFO] HTTP GET /health | {"method":"GET","url":"/health","statusCode":200}
[2026-05-17T12:04:06.856Z] [INFO] HTTP GET /health | {"method":"GET","url":"/health"}
[2026-05-17T12:04:06.856Z] [INFO] HTTP GET /health | {"method":"GET","url":"/health","statusCode":200,"duration":"1ms"}
[2026-05-17T12:04:10.554Z] [INFO] HTTP GET /health | {"method":"GET","url":"/health"}
[2026-05-17T12:04:10.554Z] [INFO] HTTP GET /health | {"method":"GET","url":"/health","statusCode":200,"duration":"1ms"}
[2026-05-17T12:04:10.555Z] [INFO] HTTP GET /health | {"method":"GET","url":"/health"}
[2026-05-17T12:04:10.555Z] [INFO] HTTP GET /health | {"method":"GET","url":"/health","statusCode":200}
[2026-05-17T12:04:36.896Z] [INFO] HTTP GET /health | {"method":"GET","url":"/health"}
[2026-05-17T12:04:36.896Z] [INFO] HTTP GET /health | {"method":"GET","url":"/health","statusCode":200}
[2026-05-17T12:04:40.604Z] [INFO] HTTP GET /health | {"method":"GET","url":"/health"}
[2026-05-17T12:04:40.604Z] [INFO] HTTP GET /health | {"method":"GET","url":"/health"}
[2026-05-17T12:04:40.604Z] [INFO] HTTP GET /health | {"method":"GET","url":"/health","statusCode":200,"duration":"1ms"}
[2026-05-17T12:04:40.604Z] [INFO] HTTP GET /health | {"method":"GET","url":"/health","statusCode":200}
[2026-05-17T12:05:06.948Z] [INFO] HTTP GET /health | {"method":"GET","url":"/health"}
[2026-05-17T12:05:06.948Z] [INFO] HTTP GET /health | {"method":"GET","url":"/health","statusCode":200}
[2026-05-17T12:05:10.656Z] [INFO] HTTP GET /health | {"method":"GET","url":"/health"}
[2026-05-17T12:05:10.656Z] [INFO] HTTP GET /health | {"method":"GET","url":"/health"}
[2026-05-17T12:05:10.656Z] [INFO] HTTP GET /health | {"method":"GET","url":"/health","statusCode":200}
[2026-05-17T12:05:10.656Z] [INFO] HTTP GET /health | {"method":"GET","url":"/health","statusCode":200}
[2026-05-17T12:05:23.644Z] [WARN] Critical project detected | {"projectId":"69f726d86dac1655e72089b2","projectName":"DC3 Migration","status":"critical","issues":["2 milestones are overdue"],"overdueMilestones":2,"totalMilestones":10,"completionRate":20}
[2026-05-17T12:05:23.644Z] [INFO] Monitoring report generated | {"totalProjects":1,"critical":1,"warning":0,"healthy":0}
[2026-05-17T12:05:23.644Z] [ERROR] Critical projects detected! | {"count":1,"projects":[{"name":"DC3 Migration","issues":["2 milestones are overdue"]}]}
[2026-05-17T12:05:37.002Z] [INFO] HTTP GET /health | {"method":"GET","url":"/health"}
[2026-05-17T12:05:37.002Z] [INFO] HTTP GET /health | {"method":"GET","url":"/health","statusCode":200}
[2026-05-17T12:05:40.706Z] [INFO] HTTP GET /health | {"method":"GET","url":"/health"}
[2026-05-17T12:05:40.706Z] [INFO] HTTP GET /health | {"method":"GET","url":"/health"}
[2026-05-17T12:05:40.706Z] [INFO] HTTP GET /health | {"method":"GET","url":"/health","statusCode":200}
[2026-05-17T12:05:40.706Z] [INFO] HTTP GET /health | {"method":"GET","url":"/health","statusCode":200}
[2026-05-17T12:06:07.053Z] [INFO] HTTP GET /health | {"method":"GET","url":"/health"}
[2026-05-17T12:06:07.054Z] [INFO] HTTP GET /health | {"method":"GET","url":"/health","statusCode":200,"duration":"1ms"}
[2026-05-17T12:06:10.755Z] [INFO] HTTP GET /health | {"method":"GET","url":"/health"}
[2026-05-17T12:06:10.755Z] [INFO] HTTP GET /health | {"method":"GET","url":"/health","statusCode":200,"duration":"1ms"}
[2026-05-17T12:06:10.755Z] [INFO] HTTP GET /health | {"method":"GET","url":"/health"}
[2026-05-17T12:06:10.756Z] [INFO] HTTP GET /health | {"method":"GET","url":"/health","statusCode":200,"duration":"1ms"}
[2026-05-17T12:06:37.103Z] [INFO] HTTP GET /health | {"method":"GET","url":"/health"}
[2026-05-17T12:06:37.103Z] [INFO] HTTP GET /health | {"method":"GET","url":"/health","statusCode":200}
[2026-05-17T12:06:40.807Z] [INFO] HTTP GET /health | {"method":"GET","url":"/health"}
[2026-05-17T12:06:40.808Z] [INFO] HTTP GET /health | {"method":"GET","url":"/health"}
[2026-05-17T12:06:40.808Z] [INFO] HTTP GET /health | {"method":"GET","url":"/health","statusCode":200}
[2026-05-17T12:06:40.808Z] [INFO] HTTP GET /health | {"method":"GET","url":"/health","statusCode":200}
[2026-05-17T12:07:07.162Z] [INFO] HTTP GET /health | {"method":"GET","url":"/health"}
[2026-05-17T12:07:07.162Z] [INFO] HTTP GET /health | {"method":"GET","url":"/health","statusCode":200}
[2026-05-17T12:07:10.848Z] [INFO] HTTP GET /health | {"method":"GET","url":"/health"}
[2026-05-17T12:07:10.848Z] [INFO] HTTP GET /health | {"method":"GET","url":"/health"}
[2026-05-17T12:07:10.848Z] [INFO] HTTP GET /health | {"method":"GET","url":"/health","statusCode":200}
[2026-05-17T12:07:10.848Z] [INFO] HTTP GET /health | {"method":"GET","url":"/health","statusCode":200}
[2026-05-17T12:07:37.218Z] [INFO] HTTP GET /health | {"method":"GET","url":"/health"}
[2026-05-17T12:07:37.218Z] [INFO] HTTP GET /health | {"method":"GET","url":"/health","statusCode":200}
[2026-05-17T12:07:40.896Z] [INFO] HTTP GET /health | {"method":"GET","url":"/health"}
[2026-05-17T12:07:40.897Z] [INFO] HTTP GET /health | {"method":"GET","url":"/health"}
[2026-05-17T12:07:40.897Z] [INFO] HTTP GET /health | {"method":"GET","url":"/health","statusCode":200,"duration":"1ms"}
[2026-05-17T12:07:40.897Z] [INFO] HTTP GET /health | {"method":"GET","url":"/health","statusCode":200}
[2026-05-17T12:08:07.266Z] [INFO] HTTP GET /health | {"method":"GET","url":"/health"}
[2026-05-17T12:08:07.266Z] [INFO] HTTP GET /health | {"method":"GET","url":"/health","statusCode":200}
[2026-05-17T12:08:10.940Z] [INFO] HTTP GET /health | {"method":"GET","url":"/health"}
[2026-05-17T12:08:10.940Z] [INFO] HTTP GET /health | {"method":"GET","url":"/health"}
[2026-05-17T12:08:10.940Z] [INFO] HTTP GET /health | {"method":"GET","url":"/health","statusCode":200}
[2026-05-17T12:08:10.941Z] [INFO] HTTP GET /health | {"method":"GET","url":"/health","statusCode":200}
[2026-05-17T12:08:37.319Z] [INFO] HTTP GET /health | {"method":"GET","url":"/health"}
[2026-05-17T12:08:37.320Z] [INFO] HTTP GET /health | {"method":"GET","url":"/health","statusCode":200,"duration":"1ms"}
[2026-05-17T12:08:40.993Z] [INFO] HTTP GET /health | {"method":"GET","url":"/health"}
[2026-05-17T12:08:40.993Z] [INFO] HTTP GET /health | {"method":"GET","url":"/health"}
[2026-05-17T12:08:40.993Z] [INFO] HTTP GET /health | {"method":"GET","url":"/health","statusCode":200}
[2026-05-17T12:08:40.993Z] [INFO] HTTP GET /health | {"method":"GET","url":"/health","statusCode":200}
[2026-05-17T12:09:07.371Z] [INFO] HTTP GET /health | {"method":"GET","url":"/health"}
[2026-05-17T12:09:07.371Z] [INFO] HTTP GET /health | {"method":"GET","url":"/health","statusCode":200}
[2026-05-17T12:09:11.049Z] [INFO] HTTP GET /health | {"method":"GET","url":"/health"}
[2026-05-17T12:09:11.049Z] [INFO] HTTP GET /health | {"method":"GET","url":"/health"}
[2026-05-17T12:09:11.049Z] [INFO] HTTP GET /health | {"method":"GET","url":"/health","statusCode":200,"duration":"1ms"}
[2026-05-17T12:09:11.049Z] [INFO] HTTP GET /health | {"method":"GET","url":"/health","statusCode":200}
[2026-05-17T12:09:37.423Z] [INFO] HTTP GET /health | {"method":"GET","url":"/health"}
[2026-05-17T12:09:37.424Z] [INFO] HTTP GET /health | {"method":"GET","url":"/health","statusCode":200,"duration":"1ms"}
[2026-05-17T12:09:41.100Z] [INFO] HTTP GET /health | {"method":"GET","url":"/health"}
[2026-05-17T12:09:41.100Z] [INFO] HTTP GET /health | {"method":"GET","url":"/health"}
[2026-05-17T12:09:41.100Z] [INFO] HTTP GET /health | {"method":"GET","url":"/health","statusCode":200,"duration":"1ms"}
[2026-05-17T12:09:41.100Z] [INFO] HTTP GET /health | {"method":"GET","url":"/health","statusCode":200}
[2026-05-17T12:10:07.477Z] [INFO] HTTP GET /health | {"method":"GET","url":"/health"}
[2026-05-17T12:10:07.478Z] [INFO] HTTP GET /health | {"method":"GET","url":"/health","statusCode":200,"duration":"1ms"}
[2026-05-17T12:10:11.146Z] [INFO] HTTP GET /health | {"method":"GET","url":"/health"}
[2026-05-17T12:10:11.146Z] [INFO] HTTP GET /health | {"method":"GET","url":"/health","statusCode":200,"duration":"1ms"}
[2026-05-17T12:10:11.146Z] [INFO] HTTP GET /health | {"method":"GET","url":"/health"}
[2026-05-17T12:10:11.147Z] [INFO] HTTP GET /health | {"method":"GET","url":"/health","statusCode":200,"duration":"1ms"}
[2026-05-17T12:10:37.531Z] [INFO] HTTP GET /health | {"method":"GET","url":"/health"}
[2026-05-17T12:10:37.531Z] [INFO] HTTP GET /health | {"method":"GET","url":"/health","statusCode":200,"duration":"1ms"}
[2026-05-17T12:10:41.194Z] [INFO] HTTP GET /health | {"method":"GET","url":"/health"}
[2026-05-17T12:10:41.194Z] [INFO] HTTP GET /health | {"method":"GET","url":"/health"}
[2026-05-17T12:10:41.194Z] [INFO] HTTP GET /health | {"method":"GET","url":"/health","statusCode":200}
[2026-05-17T12:10:41.194Z] [INFO] HTTP GET /health | {"method":"GET","url":"/health","statusCode":200}
[2026-05-17T12:11:07.579Z] [INFO] HTTP GET /health | {"method":"GET","url":"/health"}
[2026-05-17T12:11:07.579Z] [INFO] HTTP GET /health | {"method":"GET","url":"/health","statusCode":200}
[2026-05-17T12:11:11.243Z] [INFO] HTTP GET /health | {"method":"GET","url":"/health"}
[2026-05-17T12:11:11.243Z] [INFO] HTTP GET /health | {"method":"GET","url":"/health"}
[2026-05-17T12:11:11.244Z] [INFO] HTTP GET /health | {"method":"GET","url":"/health","statusCode":200,"duration":"1ms"}
[2026-05-17T12:11:11.244Z] [INFO] HTTP GET /health | {"method":"GET","url":"/health","statusCode":200,"duration":"1ms"}
[2026-05-17T12:11:37.624Z] [INFO] HTTP GET /health | {"method":"GET","url":"/health"}
[2026-05-17T12:11:37.624Z] [INFO] HTTP GET /health | {"method":"GET","url":"/health","statusCode":200}
[2026-05-17T12:11:41.308Z] [INFO] HTTP GET /health | {"method":"GET","url":"/health"}
[2026-05-17T12:11:41.308Z] [INFO] HTTP GET /health | {"method":"GET","url":"/health"}
[2026-05-17T12:11:41.308Z] [INFO] HTTP GET /health | {"method":"GET","url":"/health","statusCode":200}
[2026-05-17T12:11:41.308Z] [INFO] HTTP GET /health | {"method":"GET","url":"/health","statusCode":200}
[2026-05-17T12:12:07.671Z] [INFO] HTTP GET /health | {"method":"GET","url":"/health"}
[2026-05-17T12:12:07.671Z] [INFO] HTTP GET /health | {"method":"GET","url":"/health","statusCode":200}
[2026-05-17T12:12:11.356Z] [INFO] HTTP GET /health | {"method":"GET","url":"/health"}
[2026-05-17T12:12:11.356Z] [INFO] HTTP GET /health | {"method":"GET","url":"/health"}
[2026-05-17T12:12:11.356Z] [INFO] HTTP GET /health | {"method":"GET","url":"/health","statusCode":200}
[2026-05-17T12:12:11.356Z] [INFO] HTTP GET /health | {"method":"GET","url":"/health","statusCode":200}
[2026-05-17T12:12:37.836Z] [INFO] HTTP GET /health | {"method":"GET","url":"/health"}
[2026-05-17T12:12:37.836Z] [INFO] HTTP GET /health | {"method":"GET","url":"/health","statusCode":200}
[2026-05-17T12:12:41.521Z] [INFO] HTTP GET /health | {"method":"GET","url":"/health"}
[2026-05-17T12:12:41.522Z] [INFO] HTTP GET /health | {"method":"GET","url":"/health"}
[2026-05-17T12:12:41.522Z] [INFO] HTTP GET /health | {"method":"GET","url":"/health","statusCode":200,"duration":"1ms"}
[2026-05-17T12:12:41.522Z] [INFO] HTTP GET /health | {"method":"GET","url":"/health","statusCode":200}
[2026-05-17T12:13:07.885Z] [INFO] HTTP GET /health | {"method":"GET","url":"/health"}
[2026-05-17T12:13:07.885Z] [INFO] HTTP GET /health | {"method":"GET","url":"/health","statusCode":200}
[2026-05-17T12:13:11.561Z] [INFO] HTTP GET /health | {"method":"GET","url":"/health"}
[2026-05-17T12:13:11.561Z] [INFO] HTTP GET /health | {"method":"GET","url":"/health"}
[2026-05-17T12:13:11.561Z] [INFO] HTTP GET /health | {"method":"GET","url":"/health","statusCode":200}
[2026-05-17T12:13:11.561Z] [INFO] HTTP GET /health | {"method":"GET","url":"/health","statusCode":200}
[2026-05-17T12:13:37.944Z] [INFO] HTTP GET /health | {"method":"GET","url":"/health"}
[2026-05-17T12:13:37.944Z] [INFO] HTTP GET /health | {"method":"GET","url":"/health","statusCode":200}
[2026-05-17T12:13:41.612Z] [INFO] HTTP GET /health | {"method":"GET","url":"/health"}
[2026-05-17T12:13:41.612Z] [INFO] HTTP GET /health | {"method":"GET","url":"/health"}
[2026-05-17T12:13:41.612Z] [INFO] HTTP GET /health | {"method":"GET","url":"/health","statusCode":200}
[2026-05-17T12:13:41.612Z] [INFO] HTTP GET /health | {"method":"GET","url":"/health","statusCode":200,"duration":"1ms"}
[2026-05-17T12:14:08.007Z] [INFO] HTTP GET /health | {"method":"GET","url":"/health"}
[2026-05-17T12:14:08.007Z] [INFO] HTTP GET /health | {"method":"GET","url":"/health","statusCode":200}
[2026-05-17T12:14:11.664Z] [INFO] HTTP GET /health | {"method":"GET","url":"/health"}
[2026-05-17T12:14:11.664Z] [INFO] HTTP GET /health | {"method":"GET","url":"/health"}
[2026-05-17T12:14:11.664Z] [INFO] HTTP GET /health | {"method":"GET","url":"/health","statusCode":200}
[2026-05-17T12:14:11.664Z] [INFO] HTTP GET /health | {"method":"GET","url":"/health","statusCode":200}
[2026-05-17T12:14:38.049Z] [INFO] HTTP GET /health | {"method":"GET","url":"/health"}
[2026-05-17T12:14:38.050Z] [INFO] HTTP GET /health | {"method":"GET","url":"/health","statusCode":200,"duration":"1ms"}
[2026-05-17T12:14:38.471Z] [INFO] HTTP GET /health | {"method":"GET","url":"/health"}
[2026-05-17T12:14:38.471Z] [INFO] HTTP GET /health | {"method":"GET","url":"/health","statusCode":200}
[2026-05-17T12:14:41.711Z] [INFO] HTTP GET /health | {"method":"GET","url":"/health"}
[2026-05-17T12:14:41.711Z] [INFO] HTTP GET /health | {"method":"GET","url":"/health"}
[2026-05-17T12:14:41.711Z] [INFO] HTTP GET /health | {"method":"GET","url":"/health","statusCode":200}
[2026-05-17T12:14:41.711Z] [INFO] HTTP GET /health | {"method":"GET","url":"/health","statusCode":200,"duration":"1ms"}
[2026-05-17T12:14:52.456Z] [INFO] HTTP GET /api/health | {"method":"GET","url":"/api/health"}
[2026-05-17T12:14:52.457Z] [INFO] HTTP GET /api/health | {"method":"GET","url":"/api/health","statusCode":200,"duration":"1ms"}
[2026-05-17T12:15:00.202Z] [INFO] HTTP GET /graphql | {"method":"GET","url":"/graphql"}
[2026-05-17T12:15:00.211Z] [ERROR] HTTP GET / | {"error":{"method":"GET","url":"/","statusCode":400,"duration":"9ms"}}
[2026-05-17T12:15:00.211Z] [WARN] Request failed | {"method":"GET","path":"/","statusCode":400,"duration":"9ms"}
[2026-05-17T12:15:08.097Z] [INFO] HTTP GET /health | {"method":"GET","url":"/health"}
[2026-05-17T12:15:08.097Z] [INFO] HTTP GET /health | {"method":"GET","url":"/health","statusCode":200}
[2026-05-17T12:15:11.762Z] [INFO] HTTP GET /health | {"method":"GET","url":"/health"}
[2026-05-17T12:15:11.763Z] [INFO] HTTP GET /health | {"method":"GET","url":"/health"}
[2026-05-17T12:15:11.763Z] [INFO] HTTP GET /health | {"method":"GET","url":"/health","statusCode":200}
[2026-05-17T12:15:11.763Z] [INFO] HTTP GET /health | {"method":"GET","url":"/health","statusCode":200}
[2026-05-17T12:15:38.148Z] [INFO] HTTP GET /health | {"method":"GET","url":"/health"}
[2026-05-17T12:15:38.148Z] [INFO] HTTP GET /health | {"method":"GET","url":"/health","statusCode":200}
[2026-05-17T12:15:41.814Z] [INFO] HTTP GET /health | {"method":"GET","url":"/health"}
[2026-05-17T12:15:41.815Z] [INFO] HTTP GET /health | {"method":"GET","url":"/health"}
[2026-05-17T12:15:41.815Z] [INFO] HTTP GET /health | {"method":"GET","url":"/health","statusCode":200,"duration":"1ms"}
[2026-05-17T12:15:41.815Z] [INFO] HTTP GET /health | {"method":"GET","url":"/health","statusCode":200,"duration":"1ms"}
[2026-05-17T12:16:08.200Z] [INFO] HTTP GET /health | {"method":"GET","url":"/health"}
[2026-05-17T12:16:08.201Z] [INFO] HTTP GET /health | {"method":"GET","url":"/health","statusCode":200,"duration":"1ms"}
[2026-05-17T12:16:11.872Z] [INFO] HTTP GET /health | {"method":"GET","url":"/health"}
[2026-05-17T12:16:11.872Z] [INFO] HTTP GET /health | {"method":"GET","url":"/health"}
[2026-05-17T12:16:11.872Z] [INFO] HTTP GET /health | {"method":"GET","url":"/health","statusCode":200}
[2026-05-17T12:16:11.872Z] [INFO] HTTP GET /health | {"method":"GET","url":"/health","statusCode":200}
[2026-05-17T12:16:38.255Z] [INFO] HTTP GET /health | {"method":"GET","url":"/health"}
[2026-05-17T12:16:38.255Z] [INFO] HTTP GET /health | {"method":"GET","url":"/health","statusCode":200}
[2026-05-17T12:16:41.920Z] [INFO] HTTP GET /health | {"method":"GET","url":"/health"}
[2026-05-17T12:16:41.921Z] [INFO] HTTP GET /health | {"method":"GET","url":"/health"}
[2026-05-17T12:16:41.921Z] [INFO] HTTP GET /health | {"method":"GET","url":"/health","statusCode":200,"duration":"1ms"}
[2026-05-17T12:16:41.921Z] [INFO] HTTP GET /health | {"method":"GET","url":"/health","statusCode":200}
[2026-05-17T12:17:08.298Z] [INFO] HTTP GET /health | {"method":"GET","url":"/health"}
[2026-05-17T12:17:08.299Z] [INFO] HTTP GET /health | {"method":"GET","url":"/health","statusCode":200}
[2026-05-17T12:17:11.978Z] [INFO] HTTP GET /health | {"method":"GET","url":"/health"}
[2026-05-17T12:17:11.978Z] [INFO] HTTP GET /health | {"method":"GET","url":"/health"}
[2026-05-17T12:17:11.978Z] [INFO] HTTP GET /health | {"method":"GET","url":"/health","statusCode":200}
[2026-05-17T12:17:11.979Z] [INFO] HTTP GET /health | {"method":"GET","url":"/health","statusCode":200,"duration":"1ms"}
[2026-05-17T12:17:38.353Z] [INFO] HTTP GET /health | {"method":"GET","url":"/health"}
[2026-05-17T12:17:38.354Z] [INFO] HTTP GET /health | {"method":"GET","url":"/health","statusCode":200,"duration":"1ms"}
[2026-05-17T12:17:42.039Z] [INFO] HTTP GET /health | {"method":"GET","url":"/health"}
[2026-05-17T12:17:42.039Z] [INFO] HTTP GET /health | {"method":"GET","url":"/health","statusCode":200}
[2026-05-17T12:17:42.040Z] [INFO] HTTP GET /health | {"method":"GET","url":"/health"}
[2026-05-17T12:17:42.041Z] [INFO] HTTP GET /health | {"method":"GET","url":"/health","statusCode":200}
[2026-05-17T12:18:08.398Z] [INFO] HTTP GET /health | {"method":"GET","url":"/health"}
[2026-05-17T12:18:08.398Z] [INFO] HTTP GET /health | {"method":"GET","url":"/health","statusCode":200}
[2026-05-17T12:18:12.089Z] [INFO] HTTP GET /health | {"method":"GET","url":"/health"}
[2026-05-17T12:18:12.089Z] [INFO] HTTP GET /health | {"method":"GET","url":"/health"}
[2026-05-17T12:18:12.089Z] [INFO] HTTP GET /health | {"method":"GET","url":"/health","statusCode":200}
[2026-05-17T12:18:12.089Z] [INFO] HTTP GET /health | {"method":"GET","url":"/health","statusCode":200}
[2026-05-17T12:18:38.450Z] [INFO] HTTP GET /health | {"method":"GET","url":"/health"}
[2026-05-17T12:18:38.451Z] [INFO] HTTP GET /health | {"method":"GET","url":"/health","statusCode":200,"duration":"1ms"}
[2026-05-17T12:18:42.145Z] [INFO] HTTP GET /health | {"method":"GET","url":"/health"}
[2026-05-17T12:18:42.146Z] [INFO] HTTP GET /health | {"method":"GET","url":"/health"}
[2026-05-17T12:18:42.145Z] [INFO] HTTP GET /health | {"method":"GET","url":"/health","statusCode":200}
[2026-05-17T12:18:42.146Z] [INFO] HTTP GET /health | {"method":"GET","url":"/health","statusCode":200}
[2026-05-17T12:19:08.479Z] [INFO] HTTP GET /health | {"method":"GET","url":"/health"}
[2026-05-17T12:19:08.479Z] [INFO] HTTP GET /health | {"method":"GET","url":"/health","statusCode":200,"duration":"1ms"}
[2026-05-17T12:19:12.193Z] [INFO] HTTP GET /health | {"method":"GET","url":"/health"}
[2026-05-17T12:19:12.193Z] [INFO] HTTP GET /health | {"method":"GET","url":"/health"}
[2026-05-17T12:19:12.193Z] [INFO] HTTP GET /health | {"method":"GET","url":"/health","statusCode":200,"duration":"1ms"}
[2026-05-17T12:19:12.193Z] [INFO] HTTP GET /health | {"method":"GET","url":"/health","statusCode":200,"duration":"1ms"}
[2026-05-17T12:19:38.518Z] [INFO] HTTP GET /health | {"method":"GET","url":"/health"}
[2026-05-17T12:19:38.519Z] [INFO] HTTP GET /health | {"method":"GET","url":"/health","statusCode":200,"duration":"1ms"}
[2026-05-17T12:19:42.238Z] [INFO] HTTP GET /health | {"method":"GET","url":"/health"}
[2026-05-17T12:19:42.238Z] [INFO] HTTP GET /health | {"method":"GET","url":"/health","statusCode":200}
[2026-05-17T12:19:42.238Z] [INFO] HTTP GET /health | {"method":"GET","url":"/health"}
[2026-05-17T12:19:42.238Z] [INFO] HTTP GET /health | {"method":"GET","url":"/health","statusCode":200}
[2026-05-17T12:20:08.575Z] [INFO] HTTP GET /health | {"method":"GET","url":"/health"}
[2026-05-17T12:20:08.576Z] [INFO] HTTP GET /health | {"method":"GET","url":"/health","statusCode":200,"duration":"1ms"}
[2026-05-17T12:20:12.289Z] [INFO] HTTP GET /health | {"method":"GET","url":"/health"}
[2026-05-17T12:20:12.289Z] [INFO] HTTP GET /health | {"method":"GET","url":"/health"}
[2026-05-17T12:20:12.289Z] [INFO] HTTP GET /health | {"method":"GET","url":"/health","statusCode":200}
[2026-05-17T12:20:12.291Z] [INFO] HTTP GET /health | {"method":"GET","url":"/health","statusCode":200,"duration":"2ms"}
[2026-05-17T12:20:16.426Z] [INFO] HTTP GET /health | {"method":"GET","url":"/health"}
[2026-05-17T12:20:16.426Z] [INFO] HTTP GET /health | {"method":"GET","url":"/health","statusCode":200}
[2026-05-17T12:20:16.443Z] [INFO] HTTP GET /api/health | {"method":"GET","url":"/api/health"}
[2026-05-17T12:20:16.443Z] [INFO] HTTP GET /api/health | {"method":"GET","url":"/api/health","statusCode":200}
[2026-05-17T12:20:38.643Z] [INFO] HTTP GET /health | {"method":"GET","url":"/health"}
[2026-05-17T12:20:38.643Z] [INFO] HTTP GET /health | {"method":"GET","url":"/health","statusCode":200}
[2026-05-17T12:20:42.322Z] [INFO] HTTP GET /health | {"method":"GET","url":"/health"}
[2026-05-17T12:20:42.323Z] [INFO] HTTP GET /health | {"method":"GET","url":"/health"}
[2026-05-17T12:20:42.323Z] [INFO] HTTP GET /health | {"method":"GET","url":"/health","statusCode":200,"duration":"1ms"}
[2026-05-17T12:20:42.323Z] [INFO] HTTP GET /health | {"method":"GET","url":"/health","statusCode":200}
[2026-05-17T12:21:08.699Z] [INFO] HTTP GET /health | {"method":"GET","url":"/health"}
[2026-05-17T12:21:08.699Z] [INFO] HTTP GET /health | {"method":"GET","url":"/health","statusCode":200}
[2026-05-17T12:21:12.360Z] [INFO] HTTP GET /health | {"method":"GET","url":"/health"}
[2026-05-17T12:21:12.360Z] [INFO] HTTP GET /health | {"method":"GET","url":"/health"}
[2026-05-17T12:21:12.360Z] [INFO] HTTP GET /health | {"method":"GET","url":"/health","statusCode":200}
[2026-05-17T12:21:12.360Z] [INFO] HTTP GET /health | {"method":"GET","url":"/health","statusCode":200}
[2026-05-17T12:21:38.757Z] [INFO] HTTP GET /health | {"method":"GET","url":"/health"}
[2026-05-17T12:21:38.757Z] [INFO] HTTP GET /health | {"method":"GET","url":"/health","statusCode":200}
[2026-05-17T12:21:42.394Z] [INFO] HTTP GET /health | {"method":"GET","url":"/health"}
[2026-05-17T12:21:42.394Z] [INFO] HTTP GET /health | {"method":"GET","url":"/health"}
[2026-05-17T12:21:42.394Z] [INFO] HTTP GET /health | {"method":"GET","url":"/health","statusCode":200}
[2026-05-17T12:21:42.394Z] [INFO] HTTP GET /health | {"method":"GET","url":"/health","statusCode":200}
[2026-05-17T12:22:08.816Z] [INFO] HTTP GET /health | {"method":"GET","url":"/health"}
[2026-05-17T12:22:08.816Z] [INFO] HTTP GET /health | {"method":"GET","url":"/health","statusCode":200,"duration":"1ms"}
[2026-05-17T12:22:12.431Z] [INFO] HTTP GET /health | {"method":"GET","url":"/health"}
[2026-05-17T12:22:12.431Z] [INFO] HTTP GET /health | {"method":"GET","url":"/health","statusCode":200}
[2026-05-17T12:22:12.431Z] [INFO] HTTP GET /health | {"method":"GET","url":"/health"}
[2026-05-17T12:22:12.432Z] [INFO] HTTP GET /health | {"method":"GET","url":"/health","statusCode":200,"duration":"1ms"}
[2026-05-17T12:22:38.862Z] [INFO] HTTP GET /health | {"method":"GET","url":"/health"}
[2026-05-17T12:22:38.862Z] [INFO] HTTP GET /health | {"method":"GET","url":"/health","statusCode":200}
[2026-05-17T12:22:42.472Z] [INFO] HTTP GET /health | {"method":"GET","url":"/health"}
[2026-05-17T12:22:42.472Z] [INFO] HTTP GET /health | {"method":"GET","url":"/health"}
[2026-05-17T12:22:42.472Z] [INFO] HTTP GET /health | {"method":"GET","url":"/health","statusCode":200}
[2026-05-17T12:22:42.472Z] [INFO] HTTP GET /health | {"method":"GET","url":"/health","statusCode":200}
[2026-05-17T12:23:08.907Z] [INFO] HTTP GET /health | {"method":"GET","url":"/health"}
[2026-05-17T12:23:08.907Z] [INFO] HTTP GET /health | {"method":"GET","url":"/health","statusCode":200}
[2026-05-17T12:23:12.510Z] [INFO] HTTP GET /health | {"method":"GET","url":"/health"}
[2026-05-17T12:23:12.510Z] [INFO] HTTP GET /health | {"method":"GET","url":"/health"}
[2026-05-17T12:23:12.511Z] [INFO] HTTP GET /health | {"method":"GET","url":"/health","statusCode":200,"duration":"1ms"}
[2026-05-17T12:23:12.510Z] [INFO] HTTP GET /health | {"method":"GET","url":"/health","statusCode":200}
[2026-05-17T12:23:38.962Z] [INFO] HTTP GET /health | {"method":"GET","url":"/health"}
[2026-05-17T12:23:38.962Z] [INFO] HTTP GET /health | {"method":"GET","url":"/health","statusCode":200,"duration":"1ms"}
[2026-05-17T12:23:42.552Z] [INFO] HTTP GET /health | {"method":"GET","url":"/health"}
[2026-05-17T12:23:42.552Z] [INFO] HTTP GET /health | {"method":"GET","url":"/health"}
[2026-05-17T12:23:42.552Z] [INFO] HTTP GET /health | {"method":"GET","url":"/health","statusCode":200}
[2026-05-17T12:23:42.552Z] [INFO] HTTP GET /health | {"method":"GET","url":"/health","statusCode":200}
[2026-05-17T12:24:09.016Z] [INFO] HTTP GET /health | {"method":"GET","url":"/health"}
[2026-05-17T12:24:09.016Z] [INFO] HTTP GET /health | {"method":"GET","url":"/health","statusCode":200}
[2026-05-17T12:24:12.606Z] [INFO] HTTP GET /health | {"method":"GET","url":"/health"}
[2026-05-17T12:24:12.606Z] [INFO] HTTP GET /health | {"method":"GET","url":"/health"}
[2026-05-17T12:24:12.606Z] [INFO] HTTP GET /health | {"method":"GET","url":"/health","statusCode":200}
[2026-05-17T12:24:12.607Z] [INFO] HTTP GET /health | {"method":"GET","url":"/health","statusCode":200}
[2026-05-17T12:24:39.068Z] [INFO] HTTP GET /health | {"method":"GET","url":"/health"}
[2026-05-17T12:24:39.069Z] [INFO] HTTP GET /health | {"method":"GET","url":"/health","statusCode":200,"duration":"1ms"}
[2026-05-17T12:24:42.659Z] [INFO] HTTP GET /health | {"method":"GET","url":"/health"}
[2026-05-17T12:24:42.659Z] [INFO] HTTP GET /health | {"method":"GET","url":"/health","statusCode":200}
[2026-05-17T12:24:42.660Z] [INFO] HTTP GET /health | {"method":"GET","url":"/health"}
[2026-05-17T12:24:42.660Z] [INFO] HTTP GET /health | {"method":"GET","url":"/health","statusCode":200}
[2026-05-17T12:25:09.123Z] [INFO] HTTP GET /health | {"method":"GET","url":"/health"}
[2026-05-17T12:25:09.123Z] [INFO] HTTP GET /health | {"method":"GET","url":"/health","statusCode":200}
[2026-05-17T12:25:12.714Z] [INFO] HTTP GET /health | {"method":"GET","url":"/health"}
[2026-05-17T12:25:12.715Z] [INFO] HTTP GET /health | {"method":"GET","url":"/health"}
[2026-05-17T12:25:12.714Z] [INFO] HTTP GET /health | {"method":"GET","url":"/health","statusCode":200}
[2026-05-17T12:25:12.715Z] [INFO] HTTP GET /health | {"method":"GET","url":"/health","statusCode":200,"duration":"1ms"}
[2026-05-17T12:25:39.169Z] [INFO] HTTP GET /health | {"method":"GET","url":"/health"}
[2026-05-17T12:25:39.169Z] [INFO] HTTP GET /health | {"method":"GET","url":"/health","statusCode":200}
[2026-05-17T12:25:42.766Z] [INFO] HTTP GET /health | {"method":"GET","url":"/health"}
[2026-05-17T12:25:42.767Z] [INFO] HTTP GET /health | {"method":"GET","url":"/health"}
[2026-05-17T12:25:42.766Z] [INFO] HTTP GET /health | {"method":"GET","url":"/health","statusCode":200}
[2026-05-17T12:25:42.767Z] [INFO] HTTP GET /health | {"method":"GET","url":"/health","statusCode":200}
[2026-05-17T12:26:09.212Z] [INFO] HTTP GET /health | {"method":"GET","url":"/health"}
[2026-05-17T12:26:09.212Z] [INFO] HTTP GET /health | {"method":"GET","url":"/health","statusCode":200}
[2026-05-17T12:26:12.818Z] [INFO] HTTP GET /health | {"method":"GET","url":"/health"}
[2026-05-17T12:26:12.818Z] [INFO] HTTP GET /health | {"method":"GET","url":"/health"}
[2026-05-17T12:26:12.818Z] [INFO] HTTP GET /health | {"method":"GET","url":"/health","statusCode":200}
[2026-05-17T12:26:12.818Z] [INFO] HTTP GET /health | {"method":"GET","url":"/health","statusCode":200}
[2026-05-17T12:26:39.256Z] [INFO] HTTP GET /health | {"method":"GET","url":"/health"}
[2026-05-17T12:26:39.256Z] [INFO] HTTP GET /health | {"method":"GET","url":"/health","statusCode":200}
[2026-05-17T12:26:42.871Z] [INFO] HTTP GET /health | {"method":"GET","url":"/health"}
[2026-05-17T12:26:42.871Z] [INFO] HTTP GET /health | {"method":"GET","url":"/health"}
[2026-05-17T12:26:42.871Z] [INFO] HTTP GET /health | {"method":"GET","url":"/health","statusCode":200}
[2026-05-17T12:26:42.871Z] [INFO] HTTP GET /health | {"method":"GET","url":"/health","statusCode":200}
[2026-05-17T12:27:09.307Z] [INFO] HTTP GET /health | {"method":"GET","url":"/health"}
[2026-05-17T12:27:09.308Z] [INFO] HTTP GET /health | {"method":"GET","url":"/health","statusCode":200,"duration":"1ms"}
[2026-05-17T12:27:12.923Z] [INFO] HTTP GET /health | {"method":"GET","url":"/health"}
[2026-05-17T12:27:12.923Z] [INFO] HTTP GET /health | {"method":"GET","url":"/health"}
[2026-05-17T12:27:12.923Z] [INFO] HTTP GET /health | {"method":"GET","url":"/health","statusCode":200}
[2026-05-17T12:27:12.923Z] [INFO] HTTP GET /health | {"method":"GET","url":"/health","statusCode":200}
[2026-05-17T12:27:39.361Z] [INFO] HTTP GET /health | {"method":"GET","url":"/health"}
[2026-05-17T12:27:39.362Z] [INFO] HTTP GET /health | {"method":"GET","url":"/health","statusCode":200}
[2026-05-17T12:27:42.980Z] [INFO] HTTP GET /health | {"method":"GET","url":"/health"}
[2026-05-17T12:27:42.981Z] [INFO] HTTP GET /health | {"method":"GET","url":"/health"}
[2026-05-17T12:27:42.981Z] [INFO] HTTP GET /health | {"method":"GET","url":"/health","statusCode":200,"duration":"1ms"}
[2026-05-17T12:27:42.981Z] [INFO] HTTP GET /health | {"method":"GET","url":"/health","statusCode":200}
[2026-05-17T12:28:09.416Z] [INFO] HTTP GET /health | {"method":"GET","url":"/health"}
[2026-05-17T12:28:09.416Z] [INFO] HTTP GET /health | {"method":"GET","url":"/health","statusCode":200}
[2026-05-17T12:28:13.035Z] [INFO] HTTP GET /health | {"method":"GET","url":"/health"}
[2026-05-17T12:28:13.035Z] [INFO] HTTP GET /health | {"method":"GET","url":"/health"}
[2026-05-17T12:28:13.035Z] [INFO] HTTP GET /health | {"method":"GET","url":"/health","statusCode":200}
[2026-05-17T12:28:13.035Z] [INFO] HTTP GET /health | {"method":"GET","url":"/health","statusCode":200}
[2026-05-17T12:28:39.478Z] [INFO] HTTP GET /health | {"method":"GET","url":"/health"}
[2026-05-17T12:28:39.478Z] [INFO] HTTP GET /health | {"method":"GET","url":"/health","statusCode":200}
[2026-05-17T12:28:43.077Z] [INFO] HTTP GET /health | {"method":"GET","url":"/health"}
[2026-05-17T12:28:43.077Z] [INFO] HTTP GET /health | {"method":"GET","url":"/health"}
[2026-05-17T12:28:43.077Z] [INFO] HTTP GET /health | {"method":"GET","url":"/health","statusCode":200}
[2026-05-17T12:28:43.078Z] [INFO] HTTP GET /health | {"method":"GET","url":"/health","statusCode":200}
[2026-05-17T12:29:09.524Z] [INFO] HTTP GET /health | {"method":"GET","url":"/health"}
[2026-05-17T12:29:09.525Z] [INFO] HTTP GET /health | {"method":"GET","url":"/health","statusCode":200}
[2026-05-17T12:29:13.130Z] [INFO] HTTP GET /health | {"method":"GET","url":"/health"}
[2026-05-17T12:29:13.130Z] [INFO] HTTP GET /health | {"method":"GET","url":"/health"}
[2026-05-17T12:29:13.130Z] [INFO] HTTP GET /health | {"method":"GET","url":"/health","statusCode":200}
[2026-05-17T12:29:13.130Z] [INFO] HTTP GET /health | {"method":"GET","url":"/health","statusCode":200}
[2026-05-17T12:29:39.590Z] [INFO] HTTP GET /health | {"method":"GET","url":"/health"}
[2026-05-17T12:29:39.590Z] [INFO] HTTP GET /health | {"method":"GET","url":"/health","statusCode":200}
[2026-05-17T12:29:43.173Z] [INFO] HTTP GET /health | {"method":"GET","url":"/health"}
[2026-05-17T12:29:43.173Z] [INFO] HTTP GET /health | {"method":"GET","url":"/health"}
[2026-05-17T12:29:43.173Z] [INFO] HTTP GET /health | {"method":"GET","url":"/health","statusCode":200}
[2026-05-17T12:29:43.174Z] [INFO] HTTP GET /health | {"method":"GET","url":"/health","statusCode":200,"duration":"1ms"}
[2026-05-17T12:30:09.642Z] [INFO] HTTP GET /health | {"method":"GET","url":"/health"}
[2026-05-17T12:30:09.643Z] [INFO] HTTP GET /health | {"method":"GET","url":"/health","statusCode":200,"duration":"1ms"}
[2026-05-17T12:30:13.229Z] [INFO] HTTP GET /health | {"method":"GET","url":"/health"}
[2026-05-17T12:30:13.230Z] [INFO] HTTP GET /health | {"method":"GET","url":"/health"}
[2026-05-17T12:30:13.229Z] [INFO] HTTP GET /health | {"method":"GET","url":"/health","statusCode":200}
[2026-05-17T12:30:13.230Z] [INFO] HTTP GET /health | {"method":"GET","url":"/health","statusCode":200,"duration":"1ms"}
[2026-05-17T12:30:39.684Z] [INFO] HTTP GET /health | {"method":"GET","url":"/health"}
[2026-05-17T12:30:39.685Z] [INFO] HTTP GET /health | {"method":"GET","url":"/health","statusCode":200,"duration":"1ms"}
[2026-05-17T12:30:43.280Z] [INFO] HTTP GET /health | {"method":"GET","url":"/health"}
[2026-05-17T12:30:43.281Z] [INFO] HTTP GET /health | {"method":"GET","url":"/health"}
[2026-05-17T12:30:43.281Z] [INFO] HTTP GET /health | {"method":"GET","url":"/health","statusCode":200,"duration":"1ms"}
[2026-05-17T12:30:43.281Z] [INFO] HTTP GET /health | {"method":"GET","url":"/health","statusCode":200}
[2026-05-17T12:31:09.735Z] [INFO] HTTP GET /health | {"method":"GET","url":"/health"}
[2026-05-17T12:31:09.735Z] [INFO] HTTP GET /health | {"method":"GET","url":"/health","statusCode":200}
[2026-05-17T12:31:13.322Z] [INFO] HTTP GET /health | {"method":"GET","url":"/health"}
[2026-05-17T12:31:13.322Z] [INFO] HTTP GET /health | {"method":"GET","url":"/health","statusCode":200}
[2026-05-17T12:31:13.323Z] [INFO] HTTP GET /health | {"method":"GET","url":"/health"}
[2026-05-17T12:31:13.323Z] [INFO] HTTP GET /health | {"method":"GET","url":"/health","statusCode":200}
[2026-05-17T12:31:39.792Z] [INFO] HTTP GET /health | {"method":"GET","url":"/health"}
[2026-05-17T12:31:39.792Z] [INFO] HTTP GET /health | {"method":"GET","url":"/health","statusCode":200,"duration":"1ms"}
[2026-05-17T12:31:43.365Z] [INFO] HTTP GET /health | {"method":"GET","url":"/health"}
[2026-05-17T12:31:43.366Z] [INFO] HTTP GET /health | {"method":"GET","url":"/health"}
[2026-05-17T12:31:43.366Z] [INFO] HTTP GET /health | {"method":"GET","url":"/health","statusCode":200,"duration":"1ms"}
[2026-05-17T12:31:43.366Z] [INFO] HTTP GET /health | {"method":"GET","url":"/health","statusCode":200}
[2026-05-17T12:32:09.842Z] [INFO] HTTP GET /health | {"method":"GET","url":"/health"}
[2026-05-17T12:32:09.842Z] [INFO] HTTP GET /health | {"method":"GET","url":"/health","statusCode":200}
[2026-05-17T12:32:13.417Z] [INFO] HTTP GET /health | {"method":"GET","url":"/health"}
[2026-05-17T12:32:13.418Z] [INFO] HTTP GET /health | {"method":"GET","url":"/health"}
[2026-05-17T12:32:13.418Z] [INFO] HTTP GET /health | {"method":"GET","url":"/health","statusCode":200,"duration":"1ms"}
[2026-05-17T12:32:13.418Z] [INFO] HTTP GET /health | {"method":"GET","url":"/health","statusCode":200}
[2026-05-17T12:32:39.885Z] [INFO] HTTP GET /health | {"method":"GET","url":"/health"}
[2026-05-17T12:32:39.887Z] [INFO] HTTP GET /health | {"method":"GET","url":"/health","statusCode":200}
[2026-05-17T12:32:43.469Z] [INFO] HTTP GET /health | {"method":"GET","url":"/health"}
[2026-05-17T12:32:43.470Z] [INFO] HTTP GET /health | {"method":"GET","url":"/health"}
[2026-05-17T12:32:43.469Z] [INFO] HTTP GET /health | {"method":"GET","url":"/health","statusCode":200}
[2026-05-17T12:32:43.470Z] [INFO] HTTP GET /health | {"method":"GET","url":"/health","statusCode":200,"duration":"1ms"}
[2026-05-17T12:33:09.952Z] [INFO] HTTP GET /health | {"method":"GET","url":"/health"}
[2026-05-17T12:33:09.953Z] [INFO] HTTP GET /health | {"method":"GET","url":"/health","statusCode":200,"duration":"1ms"}
[2026-05-17T12:33:13.526Z] [INFO] HTTP GET /health | {"method":"GET","url":"/health"}
[2026-05-17T12:33:13.527Z] [INFO] HTTP GET /health | {"method":"GET","url":"/health"}
[2026-05-17T12:33:13.527Z] [INFO] HTTP GET /health | {"method":"GET","url":"/health","statusCode":200,"duration":"1ms"}
[2026-05-17T12:33:13.527Z] [INFO] HTTP GET /health | {"method":"GET","url":"/health","statusCode":200,"duration":"1ms"}
[2026-05-17T12:33:40.008Z] [INFO] HTTP GET /health | {"method":"GET","url":"/health"}
[2026-05-17T12:33:40.008Z] [INFO] HTTP GET /health | {"method":"GET","url":"/health","statusCode":200,"duration":"1ms"}
[2026-05-17T12:33:43.577Z] [INFO] HTTP GET /health | {"method":"GET","url":"/health"}
[2026-05-17T12:33:43.577Z] [INFO] HTTP GET /health | {"method":"GET","url":"/health","statusCode":200}
[2026-05-17T12:33:43.578Z] [INFO] HTTP GET /health | {"method":"GET","url":"/health"}
[2026-05-17T12:33:43.578Z] [INFO] HTTP GET /health | {"method":"GET","url":"/health","statusCode":200}
[2026-05-17T12:34:10.057Z] [INFO] HTTP GET /health | {"method":"GET","url":"/health"}
[2026-05-17T12:34:10.057Z] [INFO] HTTP GET /health | {"method":"GET","url":"/health","statusCode":200,"duration":"1ms"}
[2026-05-17T12:34:13.633Z] [INFO] HTTP GET /health | {"method":"GET","url":"/health"}
[2026-05-17T12:34:13.633Z] [INFO] HTTP GET /health | {"method":"GET","url":"/health"}
[2026-05-17T12:34:13.633Z] [INFO] HTTP GET /health | {"method":"GET","url":"/health","statusCode":200}
[2026-05-17T12:34:13.633Z] [INFO] HTTP GET /health | {"method":"GET","url":"/health","statusCode":200}
[2026-05-17T12:34:40.106Z] [INFO] HTTP GET /health | {"method":"GET","url":"/health"}
[2026-05-17T12:34:40.106Z] [INFO] HTTP GET /health | {"method":"GET","url":"/health","statusCode":200}
[2026-05-17T12:34:43.682Z] [INFO] HTTP GET /health | {"method":"GET","url":"/health"}
[2026-05-17T12:34:43.682Z] [INFO] HTTP GET /health | {"method":"GET","url":"/health"}
[2026-05-17T12:34:43.682Z] [INFO] HTTP GET /health | {"method":"GET","url":"/health","statusCode":200}
[2026-05-17T12:34:43.682Z] [INFO] HTTP GET /health | {"method":"GET","url":"/health","statusCode":200}
[2026-05-17T12:35:10.167Z] [INFO] HTTP GET /health | {"method":"GET","url":"/health"}
[2026-05-17T12:35:10.167Z] [INFO] HTTP GET /health | {"method":"GET","url":"/health","statusCode":200}
[2026-05-17T12:35:13.730Z] [INFO] HTTP GET /health | {"method":"GET","url":"/health"}
[2026-05-17T12:35:13.730Z] [INFO] HTTP GET /health | {"method":"GET","url":"/health","statusCode":200}
[2026-05-17T12:35:13.731Z] [INFO] HTTP GET /health | {"method":"GET","url":"/health"}
[2026-05-17T12:35:13.731Z] [INFO] HTTP GET /health | {"method":"GET","url":"/health","statusCode":200}
[2026-05-17T12:35:40.216Z] [INFO] HTTP GET /health | {"method":"GET","url":"/health"}
[2026-05-17T12:35:40.216Z] [INFO] HTTP GET /health | {"method":"GET","url":"/health","statusCode":200}
[2026-05-17T12:35:43.779Z] [INFO] HTTP GET /health | {"method":"GET","url":"/health"}
[2026-05-17T12:35:43.779Z] [INFO] HTTP GET /health | {"method":"GET","url":"/health"}
[2026-05-17T12:35:43.779Z] [INFO] HTTP GET /health | {"method":"GET","url":"/health","statusCode":200}
[2026-05-17T12:35:43.781Z] [INFO] HTTP GET /health | {"method":"GET","url":"/health","statusCode":200}
[2026-05-17T12:36:10.266Z] [INFO] HTTP GET /health | {"method":"GET","url":"/health"}
[2026-05-17T12:36:10.267Z] [INFO] HTTP GET /health | {"method":"GET","url":"/health","statusCode":200,"duration":"1ms"}
[2026-05-17T12:36:13.831Z] [INFO] HTTP GET /health | {"method":"GET","url":"/health"}
[2026-05-17T12:36:13.831Z] [INFO] HTTP GET /health | {"method":"GET","url":"/health"}
[2026-05-17T12:36:13.831Z] [INFO] HTTP GET /health | {"method":"GET","url":"/health","statusCode":200}
[2026-05-17T12:36:13.831Z] [INFO] HTTP GET /health | {"method":"GET","url":"/health","statusCode":200}
[2026-05-17T12:36:40.303Z] [INFO] HTTP GET /health | {"method":"GET","url":"/health"}
[2026-05-17T12:36:40.303Z] [INFO] HTTP GET /health | {"method":"GET","url":"/health","statusCode":200}
[2026-05-17T12:36:43.886Z] [INFO] HTTP GET /health | {"method":"GET","url":"/health"}
[2026-05-17T12:36:43.886Z] [INFO] HTTP GET /health | {"method":"GET","url":"/health","statusCode":200}
[2026-05-17T12:36:43.889Z] [INFO] HTTP GET /health | {"method":"GET","url":"/health"}
[2026-05-17T12:36:43.889Z] [INFO] HTTP GET /health | {"method":"GET","url":"/health","statusCode":200,"duration":"1ms"}
[2026-05-17T12:37:10.361Z] [INFO] HTTP GET /health | {"method":"GET","url":"/health"}
[2026-05-17T12:37:10.361Z] [INFO] HTTP GET /health | {"method":"GET","url":"/health","statusCode":200}
[2026-05-17T12:37:13.942Z] [INFO] HTTP GET /health | {"method":"GET","url":"/health"}
[2026-05-17T12:37:13.943Z] [INFO] HTTP GET /health | {"method":"GET","url":"/health"}
[2026-05-17T12:37:13.942Z] [INFO] HTTP GET /health | {"method":"GET","url":"/health","statusCode":200}
[2026-05-17T12:37:13.944Z] [INFO] HTTP GET /health | {"method":"GET","url":"/health","statusCode":200}
[2026-05-17T12:37:40.426Z] [INFO] HTTP GET /health | {"method":"GET","url":"/health"}
[2026-05-17T12:37:40.426Z] [INFO] HTTP GET /health | {"method":"GET","url":"/health","statusCode":200}
[2026-05-17T12:37:43.985Z] [INFO] HTTP GET /health | {"method":"GET","url":"/health"}
[2026-05-17T12:37:43.986Z] [INFO] HTTP GET /health | {"method":"GET","url":"/health"}
[2026-05-17T12:37:43.986Z] [INFO] HTTP GET /health | {"method":"GET","url":"/health","statusCode":200}
[2026-05-17T12:37:43.986Z] [INFO] HTTP GET /health | {"method":"GET","url":"/health","statusCode":200}
[2026-05-17T12:38:10.476Z] [INFO] HTTP GET /health | {"method":"GET","url":"/health"}
[2026-05-17T12:38:10.477Z] [INFO] HTTP GET /health | {"method":"GET","url":"/health","statusCode":200,"duration":"1ms"}
[2026-05-17T12:38:14.033Z] [INFO] HTTP GET /health | {"method":"GET","url":"/health"}
[2026-05-17T12:38:14.034Z] [INFO] HTTP GET /health | {"method":"GET","url":"/health"}
[2026-05-17T12:38:14.034Z] [INFO] HTTP GET /health | {"method":"GET","url":"/health","statusCode":200,"duration":"1ms"}
[2026-05-17T12:38:14.034Z] [INFO] HTTP GET /health | {"method":"GET","url":"/health","statusCode":200,"duration":"1ms"}
[2026-05-17T12:38:40.513Z] [INFO] HTTP GET /health | {"method":"GET","url":"/health"}
[2026-05-17T12:38:40.513Z] [INFO] HTTP GET /health | {"method":"GET","url":"/health","statusCode":200}
[2026-05-17T12:38:44.086Z] [INFO] HTTP GET /health | {"method":"GET","url":"/health"}
[2026-05-17T12:38:44.086Z] [INFO] HTTP GET /health | {"method":"GET","url":"/health"}
[2026-05-17T12:38:44.086Z] [INFO] HTTP GET /health | {"method":"GET","url":"/health","statusCode":200,"duration":"1ms"}
[2026-05-17T12:38:44.086Z] [INFO] HTTP GET /health | {"method":"GET","url":"/health","statusCode":200}
[2026-05-17T12:39:10.557Z] [INFO] HTTP GET /health | {"method":"GET","url":"/health"}
[2026-05-17T12:39:10.557Z] [INFO] HTTP GET /health | {"method":"GET","url":"/health","statusCode":200}
[2026-05-17T12:39:14.134Z] [INFO] HTTP GET /health | {"method":"GET","url":"/health"}
[2026-05-17T12:39:14.135Z] [INFO] HTTP GET /health | {"method":"GET","url":"/health"}
[2026-05-17T12:39:14.135Z] [INFO] HTTP GET /health | {"method":"GET","url":"/health","statusCode":200,"duration":"1ms"}
[2026-05-17T12:39:14.135Z] [INFO] HTTP GET /health | {"method":"GET","url":"/health","statusCode":200}
[2026-05-17T12:39:40.610Z] [INFO] HTTP GET /health | {"method":"GET","url":"/health"}
[2026-05-17T12:39:40.610Z] [INFO] HTTP GET /health | {"method":"GET","url":"/health","statusCode":200,"duration":"1ms"}
[2026-05-17T12:39:44.182Z] [INFO] HTTP GET /health | {"method":"GET","url":"/health"}
[2026-05-17T12:39:44.182Z] [INFO] HTTP GET /health | {"method":"GET","url":"/health"}
[2026-05-17T12:39:44.182Z] [INFO] HTTP GET /health | {"method":"GET","url":"/health","statusCode":200,"duration":"1ms"}
[2026-05-17T12:39:44.182Z] [INFO] HTTP GET /health | {"method":"GET","url":"/health","statusCode":200}
[2026-05-17T12:40:10.665Z] [INFO] HTTP GET /health | {"method":"GET","url":"/health"}
[2026-05-17T12:40:10.665Z] [INFO] HTTP GET /health | {"method":"GET","url":"/health","statusCode":200,"duration":"1ms"}
[2026-05-17T12:40:14.229Z] [INFO] HTTP GET /health | {"method":"GET","url":"/health"}
[2026-05-17T12:40:14.229Z] [INFO] HTTP GET /health | {"method":"GET","url":"/health"}
[2026-05-17T12:40:14.229Z] [INFO] HTTP GET /health | {"method":"GET","url":"/health","statusCode":200,"duration":"1ms"}
[2026-05-17T12:40:14.229Z] [INFO] HTTP GET /health | {"method":"GET","url":"/health","statusCode":200}
[2026-05-17T12:40:40.721Z] [INFO] HTTP GET /health | {"method":"GET","url":"/health"}
[2026-05-17T12:40:40.721Z] [INFO] HTTP GET /health | {"method":"GET","url":"/health","statusCode":200}
[2026-05-17T12:40:44.278Z] [INFO] HTTP GET /health | {"method":"GET","url":"/health"}
[2026-05-17T12:40:44.278Z] [INFO] HTTP GET /health | {"method":"GET","url":"/health"}
[2026-05-17T12:40:44.278Z] [INFO] HTTP GET /health | {"method":"GET","url":"/health","statusCode":200}
[2026-05-17T12:40:44.279Z] [INFO] HTTP GET /health | {"method":"GET","url":"/health","statusCode":200}
[2026-05-17T12:41:10.780Z] [INFO] HTTP GET /health | {"method":"GET","url":"/health"}
[2026-05-17T12:41:10.781Z] [INFO] HTTP GET /health | {"method":"GET","url":"/health","statusCode":200,"duration":"1ms"}
[2026-05-17T12:41:14.324Z] [INFO] HTTP GET /health | {"method":"GET","url":"/health"}
[2026-05-17T12:41:14.324Z] [INFO] HTTP GET /health | {"method":"GET","url":"/health"}
[2026-05-17T12:41:14.325Z] [INFO] HTTP GET /health | {"method":"GET","url":"/health","statusCode":200,"duration":"1ms"}
[2026-05-17T12:41:14.325Z] [INFO] HTTP GET /health | {"method":"GET","url":"/health","statusCode":200,"duration":"1ms"}
[2026-05-17T12:41:40.825Z] [INFO] HTTP GET /health | {"method":"GET","url":"/health"}
[2026-05-17T12:41:40.826Z] [INFO] HTTP GET /health | {"method":"GET","url":"/health","statusCode":200,"duration":"1ms"}
[2026-05-17T12:41:44.389Z] [INFO] HTTP GET /health | {"method":"GET","url":"/health"}
[2026-05-17T12:41:44.389Z] [INFO] HTTP GET /health | {"method":"GET","url":"/health","statusCode":200}
[2026-05-17T12:41:44.390Z] [INFO] HTTP GET /health | {"method":"GET","url":"/health"}
[2026-05-17T12:41:44.390Z] [INFO] HTTP GET /health | {"method":"GET","url":"/health","statusCode":200,"duration":"1ms"}
[2026-05-17T12:42:10.874Z] [INFO] HTTP GET /health | {"method":"GET","url":"/health"}
[2026-05-17T12:42:10.875Z] [INFO] HTTP GET /health | {"method":"GET","url":"/health","statusCode":200,"duration":"3ms"}
[2026-05-17T12:42:14.434Z] [INFO] HTTP GET /health | {"method":"GET","url":"/health"}
[2026-05-17T12:42:14.435Z] [INFO] HTTP GET /health | {"method":"GET","url":"/health"}
[2026-05-17T12:42:14.435Z] [INFO] HTTP GET /health | {"method":"GET","url":"/health","statusCode":200,"duration":"1ms"}
[2026-05-17T12:42:14.435Z] [INFO] HTTP GET /health | {"method":"GET","url":"/health","statusCode":200,"duration":"1ms"}
[2026-05-17T12:42:40.918Z] [INFO] HTTP GET /health | {"method":"GET","url":"/health"}
[2026-05-17T12:42:40.918Z] [INFO] HTTP GET /health | {"method":"GET","url":"/health","statusCode":200}
[2026-05-17T12:42:44.461Z] [INFO] HTTP GET /health | {"method":"GET","url":"/health"}
[2026-05-17T12:42:44.462Z] [INFO] HTTP GET /health | {"method":"GET","url":"/health"}
[2026-05-17T12:42:44.461Z] [INFO] HTTP GET /health | {"method":"GET","url":"/health","statusCode":200}
[2026-05-17T12:42:44.462Z] [INFO] HTTP GET /health | {"method":"GET","url":"/health","statusCode":200,"duration":"1ms"}
[2026-05-17T12:43:10.991Z] [INFO] HTTP GET /health | {"method":"GET","url":"/health"}
[2026-05-17T12:43:10.992Z] [INFO] HTTP GET /health | {"method":"GET","url":"/health","statusCode":200,"duration":"1ms"}
[2026-05-17T12:43:14.514Z] [INFO] HTTP GET /health | {"method":"GET","url":"/health"}
[2026-05-17T12:43:14.514Z] [INFO] HTTP GET /health | {"method":"GET","url":"/health","statusCode":200}
[2026-05-17T12:43:14.516Z] [INFO] HTTP GET /health | {"method":"GET","url":"/health"}
[2026-05-17T12:43:14.517Z] [INFO] HTTP GET /health | {"method":"GET","url":"/health","statusCode":200,"duration":"1ms"}
[2026-05-17T12:43:41.050Z] [INFO] HTTP GET /health | {"method":"GET","url":"/health"}
[2026-05-17T12:43:41.051Z] [INFO] HTTP GET /health | {"method":"GET","url":"/health","statusCode":200,"duration":"1ms"}
[2026-05-17T12:43:44.563Z] [INFO] HTTP GET /health | {"method":"GET","url":"/health"}
[2026-05-17T12:43:44.563Z] [INFO] HTTP GET /health | {"method":"GET","url":"/health"}
[2026-05-17T12:43:44.563Z] [INFO] HTTP GET /health | {"method":"GET","url":"/health","statusCode":200}
[2026-05-17T12:43:44.563Z] [INFO] HTTP GET /health | {"method":"GET","url":"/health","statusCode":200}
[2026-05-17T12:44:01.187Z] [INFO] HTTP GET /api/projects | {"method":"GET","url":"/api/projects"}
[2026-05-17T12:44:01.203Z] [INFO] HTTP GET / | {"method":"GET","url":"/","statusCode":200,"duration":"16ms"}
[2026-05-17T12:44:01.205Z] [INFO] HTTP GET /api/projects | {"method":"GET","url":"/api/projects"}
[2026-05-17T12:44:01.207Z] [INFO] HTTP GET /api/projects/69f726d86dac1655e72089b2 | {"method":"GET","url":"/api/projects/69f726d86dac1655e72089b2"}
[2026-05-17T12:44:01.209Z] [INFO] HTTP GET / | {"method":"GET","url":"/","statusCode":200,"duration":"4ms"}
[2026-05-17T12:44:01.215Z] [INFO] HTTP GET /69f726d86dac1655e72089b2 | {"method":"GET","url":"/69f726d86dac1655e72089b2","statusCode":200,"duration":"8ms"}
[2026-05-17T12:44:01.216Z] [INFO] HTTP GET /api/projects/69f726d86dac1655e72089b2 | {"method":"GET","url":"/api/projects/69f726d86dac1655e72089b2"}
[2026-05-17T12:44:01.219Z] [INFO] HTTP GET /api/projects/dashboard/pipeline | {"method":"GET","url":"/api/projects/dashboard/pipeline"}
[2026-05-17T12:44:01.222Z] [INFO] HTTP GET /dashboard/pipeline | {"method":"GET","url":"/dashboard/pipeline","statusCode":200,"duration":"4ms"}
[2026-05-17T12:44:01.224Z] [INFO] HTTP GET /69f726d86dac1655e72089b2 | {"method":"GET","url":"/69f726d86dac1655e72089b2","statusCode":200,"duration":"8ms"}
[2026-05-17T12:44:01.229Z] [INFO] HTTP GET /api/projects/dashboard/pipeline | {"method":"GET","url":"/api/projects/dashboard/pipeline"}
[2026-05-17T12:44:01.231Z] [INFO] HTTP GET /dashboard/pipeline | {"method":"GET","url":"/dashboard/pipeline","statusCode":200,"duration":"2ms"}
[2026-05-17T12:44:03.417Z] [INFO] HTTP GET /api/projects/69f726d86dac1655e72089b2 | {"method":"GET","url":"/api/projects/69f726d86dac1655e72089b2"}
[2026-05-17T12:44:03.421Z] [INFO] HTTP GET /api/projects/69f726d86dac1655e72089b2/gantt | {"method":"GET","url":"/api/projects/69f726d86dac1655e72089b2/gantt"}
[2026-05-17T12:44:03.427Z] [INFO] HTTP GET /api/projects/69f726d86dac1655e72089b2/milestones/deleted | {"method":"GET","url":"/api/projects/69f726d86dac1655e72089b2/milestones/deleted"}
[2026-05-17T12:44:03.434Z] [INFO] HTTP GET /69f726d86dac1655e72089b2 | {"method":"GET","url":"/69f726d86dac1655e72089b2","statusCode":200,"duration":"17ms"}
[2026-05-17T12:44:03.438Z] [INFO] HTTP GET /69f726d86dac1655e72089b2/gantt | {"method":"GET","url":"/69f726d86dac1655e72089b2/gantt","statusCode":200,"duration":"17ms"}
[2026-05-17T12:44:03.442Z] [INFO] HTTP GET /deleted | {"method":"GET","url":"/deleted","statusCode":200,"duration":"15ms"}
[2026-05-17T12:44:03.443Z] [INFO] HTTP GET /api/projects/69f726d86dac1655e72089b2 | {"method":"GET","url":"/api/projects/69f726d86dac1655e72089b2"}
[2026-05-17T12:44:03.445Z] [INFO] HTTP GET /api/projects/69f726d86dac1655e72089b2/gantt | {"method":"GET","url":"/api/projects/69f726d86dac1655e72089b2/gantt"}
[2026-05-17T12:44:03.447Z] [INFO] HTTP GET /api/projects/69f726d86dac1655e72089b2/milestones/deleted | {"method":"GET","url":"/api/projects/69f726d86dac1655e72089b2/milestones/deleted"}
[2026-05-17T12:44:03.450Z] [INFO] HTTP GET /69f726d86dac1655e72089b2/gantt | {"method":"GET","url":"/69f726d86dac1655e72089b2/gantt","statusCode":200,"duration":"5ms"}
[2026-05-17T12:44:03.451Z] [INFO] HTTP GET /69f726d86dac1655e72089b2 | {"method":"GET","url":"/69f726d86dac1655e72089b2","statusCode":200,"duration":"8ms"}
[2026-05-17T12:44:03.453Z] [INFO] HTTP GET /deleted | {"method":"GET","url":"/deleted","statusCode":200,"duration":"6ms"}
[2026-05-17T12:44:08.078Z] [INFO] HTTP PUT /api/milestones/order/69f726d86dac1655e72089b2 | {"method":"PUT","url":"/api/milestones/order/69f726d86dac1655e72089b2"}
[2026-05-17T12:44:08.095Z] [INFO] Milestone order updated successfully | {"projectId":"69f726d86dac1655e72089b2"}
[2026-05-17T12:44:08.097Z] [INFO] HTTP PUT /order/69f726d86dac1655e72089b2 | {"method":"PUT","url":"/order/69f726d86dac1655e72089b2","statusCode":200,"duration":"19ms"}
[2026-05-17T12:44:09.566Z] [INFO] HTTP GET /api/projects | {"method":"GET","url":"/api/projects"}
[2026-05-17T12:44:09.572Z] [INFO] HTTP GET / | {"method":"GET","url":"/","statusCode":200,"duration":"6ms"}
[2026-05-17T12:44:09.574Z] [INFO] HTTP GET /api/projects | {"method":"GET","url":"/api/projects"}
[2026-05-17T12:44:09.577Z] [INFO] HTTP GET / | {"method":"GET","url":"/","statusCode":200,"duration":"3ms"}
[2026-05-17T12:44:09.588Z] [INFO] HTTP GET /api/projects/69f726d86dac1655e72089b2/gantt | {"method":"GET","url":"/api/projects/69f726d86dac1655e72089b2/gantt"}
[2026-05-17T12:44:09.593Z] [INFO] HTTP GET /69f726d86dac1655e72089b2/gantt | {"method":"GET","url":"/69f726d86dac1655e72089b2/gantt","statusCode":200,"duration":"5ms"}
[2026-05-17T12:44:11.099Z] [INFO] HTTP GET /health | {"method":"GET","url":"/health"}
[2026-05-17T12:44:11.099Z] [INFO] HTTP GET /health | {"method":"GET","url":"/health","statusCode":200}
[2026-05-17T12:44:14.610Z] [INFO] HTTP GET /health | {"method":"GET","url":"/health"}
[2026-05-17T12:44:14.610Z] [INFO] HTTP GET /health | {"method":"GET","url":"/health","statusCode":200}
[2026-05-17T12:44:14.614Z] [INFO] HTTP GET /health | {"method":"GET","url":"/health"}
[2026-05-17T12:44:14.615Z] [INFO] HTTP GET /health | {"method":"GET","url":"/health","statusCode":200,"duration":"1ms"}
[2026-05-17T12:44:23.992Z] [INFO] HTTP GET /api/activities | {"method":"GET","url":"/api/activities"}
[2026-05-17T12:44:23.999Z] [INFO] HTTP GET / | {"method":"GET","url":"/","statusCode":200,"duration":"7ms"}
[2026-05-17T12:44:24.000Z] [INFO] HTTP GET /api/activities | {"method":"GET","url":"/api/activities"}
[2026-05-17T12:44:24.004Z] [INFO] HTTP GET / | {"method":"GET","url":"/","statusCode":200,"duration":"4ms"}
[2026-05-17T12:44:33.827Z] [INFO] HTTP GET /api/projects | {"method":"GET","url":"/api/projects"}
[2026-05-17T12:44:33.831Z] [INFO] HTTP GET /api/releases | {"method":"GET","url":"/api/releases"}
[2026-05-17T12:44:33.833Z] [INFO] HTTP GET / | {"method":"GET","url":"/","statusCode":200,"duration":"7ms"}
[2026-05-17T12:44:33.834Z] [INFO] HTTP GET /api/settings | {"method":"GET","url":"/api/settings"}
[2026-05-17T12:44:33.835Z] [INFO] HTTP GET / | {"method":"GET","url":"/","statusCode":200,"duration":"5ms"}
[2026-05-17T12:44:33.835Z] [INFO] HTTP GET /api/projects | {"method":"GET","url":"/api/projects"}
[2026-05-17T12:44:33.837Z] [INFO] HTTP GET /api/activities | {"method":"GET","url":"/api/activities"}
[2026-05-17T12:44:33.839Z] [INFO] HTTP GET / | {"method":"GET","url":"/","statusCode":200,"duration":"4ms"}
[2026-05-17T12:44:33.840Z] [INFO] HTTP GET / | {"method":"GET","url":"/","statusCode":200,"duration":"6ms"}
[2026-05-17T12:44:33.840Z] [INFO] HTTP GET /api/releases | {"method":"GET","url":"/api/releases"}
[2026-05-17T12:44:33.843Z] [INFO] HTTP GET / | {"method":"GET","url":"/","statusCode":200,"duration":"6ms"}
[2026-05-17T12:44:33.843Z] [INFO] HTTP GET /api/settings | {"method":"GET","url":"/api/settings"}
[2026-05-17T12:44:33.844Z] [INFO] HTTP GET / | {"method":"GET","url":"/","statusCode":200,"duration":"4ms"}
[2026-05-17T12:44:33.844Z] [INFO] HTTP GET /api/activities | {"method":"GET","url":"/api/activities"}
[2026-05-17T12:44:33.845Z] [INFO] HTTP GET / | {"method":"GET","url":"/","statusCode":200,"duration":"2ms"}
[2026-05-17T12:44:33.846Z] [INFO] HTTP GET / | {"method":"GET","url":"/","statusCode":200,"duration":"2ms"}
[2026-05-17T12:44:38.730Z] [INFO] HTTP GET /api/settings | {"method":"GET","url":"/api/settings"}
[2026-05-17T12:44:38.734Z] [INFO] HTTP GET /api/users | {"method":"GET","url":"/api/users"}
[2026-05-17T12:44:38.737Z] [INFO] HTTP GET / | {"method":"GET","url":"/","statusCode":200,"duration":"7ms"}
[2026-05-17T12:44:38.739Z] [INFO] HTTP GET / | {"method":"GET","url":"/","statusCode":200,"duration":"5ms"}
[2026-05-17T12:44:38.740Z] [INFO] HTTP GET /api/settings | {"method":"GET","url":"/api/settings"}
[2026-05-17T12:44:38.742Z] [INFO] HTTP GET /api/users | {"method":"GET","url":"/api/users"}
[2026-05-17T12:44:38.744Z] [INFO] HTTP GET / | {"method":"GET","url":"/","statusCode":200,"duration":"3ms"}
[2026-05-17T12:44:38.744Z] [INFO] HTTP GET / | {"method":"GET","url":"/","statusCode":200,"duration":"2ms"}
[2026-05-17T12:44:41.081Z] [INFO] HTTP GET /health | {"method":"GET","url":"/health"}
[2026-05-17T12:44:41.081Z] [INFO] HTTP GET /health | {"method":"GET","url":"/health","statusCode":200}
[2026-05-17T12:44:41.390Z] [INFO] HTTP PUT /api/settings | {"method":"PUT","url":"/api/settings"}
[2026-05-17T12:44:41.397Z] [INFO] HTTP PUT / | {"method":"PUT","url":"/","statusCode":200,"duration":"7ms"}
[2026-05-17T12:44:44.605Z] [INFO] HTTP GET /health | {"method":"GET","url":"/health"}
[2026-05-17T12:44:44.606Z] [INFO] HTTP GET /health | {"method":"GET","url":"/health"}
[2026-05-17T12:44:44.606Z] [INFO] HTTP GET /health | {"method":"GET","url":"/health","statusCode":200,"duration":"1ms"}
[2026-05-17T12:44:44.606Z] [INFO] HTTP GET /health | {"method":"GET","url":"/health","statusCode":200}
[2026-05-17T12:44:46.199Z] [INFO] HTTP GET /api/projects | {"method":"GET","url":"/api/projects"}
[2026-05-17T12:44:46.206Z] [INFO] HTTP GET / | {"method":"GET","url":"/","statusCode":200,"duration":"7ms"}
[2026-05-17T12:44:46.208Z] [INFO] HTTP GET /api/projects | {"method":"GET","url":"/api/projects"}
[2026-05-17T12:44:46.211Z] [INFO] HTTP GET / | {"method":"GET","url":"/","statusCode":200,"duration":"3ms"}
[2026-05-17T12:44:46.214Z] [INFO] HTTP GET /api/projects/69f726d86dac1655e72089b2/gantt | {"method":"GET","url":"/api/projects/69f726d86dac1655e72089b2/gantt"}
[2026-05-17T12:44:46.218Z] [INFO] HTTP GET /69f726d86dac1655e72089b2/gantt | {"method":"GET","url":"/69f726d86dac1655e72089b2/gantt","statusCode":200,"duration":"4ms"}
[2026-05-17T12:45:11.146Z] [INFO] HTTP GET /health | {"method":"GET","url":"/health"}
[2026-05-17T12:45:11.146Z] [INFO] HTTP GET /health | {"method":"GET","url":"/health","statusCode":200}
[2026-05-17T12:45:14.656Z] [INFO] HTTP GET /health | {"method":"GET","url":"/health"}
[2026-05-17T12:45:14.656Z] [INFO] HTTP GET /health | {"method":"GET","url":"/health"}
[2026-05-17T12:45:14.657Z] [INFO] HTTP GET /health | {"method":"GET","url":"/health","statusCode":200,"duration":"1ms"}
[2026-05-17T12:45:14.657Z] [INFO] HTTP GET /health | {"method":"GET","url":"/health","statusCode":200}
[2026-05-17T12:45:15.416Z] [INFO] HTTP GET /api/activities | {"method":"GET","url":"/api/activities"}
[2026-05-17T12:45:15.420Z] [INFO] HTTP GET / | {"method":"GET","url":"/","statusCode":200,"duration":"4ms"}
[2026-05-17T12:45:15.421Z] [INFO] HTTP GET /api/activities | {"method":"GET","url":"/api/activities"}
[2026-05-17T12:45:15.425Z] [INFO] HTTP GET / | {"method":"GET","url":"/","statusCode":200,"duration":"3ms"}
[2026-05-17T12:45:16.259Z] [INFO] HTTP GET /api/projects | {"method":"GET","url":"/api/projects"}
[2026-05-17T12:45:16.265Z] [INFO] HTTP GET / | {"method":"GET","url":"/","statusCode":200,"duration":"6ms"}
[2026-05-17T12:45:16.267Z] [INFO] HTTP GET /api/projects | {"method":"GET","url":"/api/projects"}
[2026-05-17T12:45:16.271Z] [INFO] HTTP GET / | {"method":"GET","url":"/","statusCode":200,"duration":"4ms"}
[2026-05-17T12:45:16.275Z] [INFO] HTTP GET /api/projects/69f726d86dac1655e72089b2/gantt | {"method":"GET","url":"/api/projects/69f726d86dac1655e72089b2/gantt"}
[2026-05-17T12:45:16.279Z] [INFO] HTTP GET /69f726d86dac1655e72089b2/gantt | {"method":"GET","url":"/69f726d86dac1655e72089b2/gantt","statusCode":200,"duration":"4ms"}
[2026-05-17T12:45:16.936Z] [INFO] HTTP GET /api/projects | {"method":"GET","url":"/api/projects"}
[2026-05-17T12:45:16.940Z] [INFO] HTTP GET /api/releases | {"method":"GET","url":"/api/releases"}
[2026-05-17T12:45:16.943Z] [INFO] HTTP GET / | {"method":"GET","url":"/","statusCode":200,"duration":"6ms"}
[2026-05-17T12:45:16.943Z] [INFO] HTTP GET /api/settings | {"method":"GET","url":"/api/settings"}
[2026-05-17T12:45:16.945Z] [INFO] HTTP GET / | {"method":"GET","url":"/","statusCode":200,"duration":"5ms"}
[2026-05-17T12:45:16.945Z] [INFO] HTTP GET /api/projects | {"method":"GET","url":"/api/projects"}
[2026-05-17T12:45:16.947Z] [INFO] HTTP GET /api/activities | {"method":"GET","url":"/api/activities"}
[2026-05-17T12:45:16.948Z] [INFO] HTTP GET / | {"method":"GET","url":"/","statusCode":200,"duration":"3ms"}
[2026-05-17T12:45:16.949Z] [INFO] HTTP GET / | {"method":"GET","url":"/","statusCode":200,"duration":"6ms"}
[2026-05-17T12:45:16.949Z] [INFO] HTTP GET /api/releases | {"method":"GET","url":"/api/releases"}
[2026-05-17T12:45:16.950Z] [INFO] HTTP GET / | {"method":"GET","url":"/","statusCode":200,"duration":"3ms"}
[2026-05-17T12:45:16.951Z] [INFO] HTTP GET /api/settings | {"method":"GET","url":"/api/settings"}
[2026-05-17T12:45:16.952Z] [INFO] HTTP GET / | {"method":"GET","url":"/","statusCode":200,"duration":"3ms"}
[2026-05-17T12:45:16.952Z] [INFO] HTTP GET /api/activities | {"method":"GET","url":"/api/activities"}
[2026-05-17T12:45:16.955Z] [INFO] HTTP GET / | {"method":"GET","url":"/","statusCode":200,"duration":"4ms"}
[2026-05-17T12:45:16.956Z] [INFO] HTTP GET / | {"method":"GET","url":"/","statusCode":200,"duration":"4ms"}
[2026-05-17T12:45:27.783Z] [INFO] HTTP GET /api/settings | {"method":"GET","url":"/api/settings"}
[2026-05-17T12:45:27.786Z] [INFO] HTTP GET /api/users | {"method":"GET","url":"/api/users"}
[2026-05-17T12:45:27.792Z] [INFO] HTTP GET / | {"method":"GET","url":"/","statusCode":200,"duration":"9ms"}
[2026-05-17T12:45:27.796Z] [INFO] HTTP GET / | {"method":"GET","url":"/","statusCode":200,"duration":"10ms"}
[2026-05-17T12:45:27.797Z] [INFO] HTTP GET /api/settings | {"method":"GET","url":"/api/settings"}
[2026-05-17T12:45:27.800Z] [INFO] HTTP GET /api/users | {"method":"GET","url":"/api/users"}
[2026-05-17T12:45:27.802Z] [INFO] HTTP GET / | {"method":"GET","url":"/","statusCode":200,"duration":"5ms"}
[2026-05-17T12:45:27.804Z] [INFO] HTTP GET / | {"method":"GET","url":"/","statusCode":200,"duration":"4ms"}
[2026-05-17T12:45:29.565Z] [INFO] HTTP PUT /api/settings | {"method":"PUT","url":"/api/settings"}
[2026-05-17T12:45:29.571Z] [INFO] HTTP PUT / | {"method":"PUT","url":"/","statusCode":200,"duration":"6ms"}
[2026-05-17T12:45:41.196Z] [INFO] HTTP GET /health | {"method":"GET","url":"/health"}
[2026-05-17T12:45:41.196Z] [INFO] HTTP GET /health | {"method":"GET","url":"/health","statusCode":200,"duration":"1ms"}
[2026-05-17T12:45:44.698Z] [INFO] HTTP GET /health | {"method":"GET","url":"/health"}
[2026-05-17T12:45:44.698Z] [INFO] HTTP GET /health | {"method":"GET","url":"/health"}
[2026-05-17T12:45:44.698Z] [INFO] HTTP GET /health | {"method":"GET","url":"/health","statusCode":200}
[2026-05-17T12:45:44.698Z] [INFO] HTTP GET /health | {"method":"GET","url":"/health","statusCode":200}
[2026-05-17T12:45:50.965Z] [INFO] HTTP GET /api/activities | {"method":"GET","url":"/api/activities"}
[2026-05-17T12:45:50.975Z] [INFO] HTTP GET / | {"method":"GET","url":"/","statusCode":200,"duration":"10ms"}
[2026-05-17T12:45:50.977Z] [INFO] HTTP GET /api/activities | {"method":"GET","url":"/api/activities"}
[2026-05-17T12:45:50.981Z] [INFO] HTTP GET / | {"method":"GET","url":"/","statusCode":200,"duration":"4ms"}
[2026-05-17T12:46:11.253Z] [INFO] HTTP GET /health | {"method":"GET","url":"/health"}
[2026-05-17T12:46:11.253Z] [INFO] HTTP GET /health | {"method":"GET","url":"/health","statusCode":200,"duration":"1ms"}
[2026-05-17T12:46:14.740Z] [INFO] HTTP GET /health | {"method":"GET","url":"/health"}
[2026-05-17T12:46:14.740Z] [INFO] HTTP GET /health | {"method":"GET","url":"/health"}
[2026-05-17T12:46:14.740Z] [INFO] HTTP GET /health | {"method":"GET","url":"/health","statusCode":200}
[2026-05-17T12:46:14.740Z] [INFO] HTTP GET /health | {"method":"GET","url":"/health","statusCode":200}
[2026-05-17T12:46:41.304Z] [INFO] HTTP GET /health | {"method":"GET","url":"/health"}
[2026-05-17T12:46:41.305Z] [INFO] HTTP GET /health | {"method":"GET","url":"/health","statusCode":200,"duration":"1ms"}
[2026-05-17T12:46:44.789Z] [INFO] HTTP GET /health | {"method":"GET","url":"/health"}
[2026-05-17T12:46:44.789Z] [INFO] HTTP GET /health | {"method":"GET","url":"/health"}
[2026-05-17T12:46:44.789Z] [INFO] HTTP GET /health | {"method":"GET","url":"/health","statusCode":200}
[2026-05-17T12:46:44.789Z] [INFO] HTTP GET /health | {"method":"GET","url":"/health","statusCode":200}
[2026-05-17T12:47:11.358Z] [INFO] HTTP GET /health | {"method":"GET","url":"/health"}
[2026-05-17T12:47:11.358Z] [INFO] HTTP GET /health | {"method":"GET","url":"/health","statusCode":200}
[2026-05-17T12:47:14.838Z] [INFO] HTTP GET /health | {"method":"GET","url":"/health"}
[2026-05-17T12:47:14.838Z] [INFO] HTTP GET /health | {"method":"GET","url":"/health","statusCode":200,"duration":"1ms"}
[2026-05-17T12:47:14.839Z] [INFO] HTTP GET /health | {"method":"GET","url":"/health"}
[2026-05-17T12:47:14.840Z] [INFO] HTTP GET /health | {"method":"GET","url":"/health","statusCode":200,"duration":"1ms"}
[2026-05-17T12:47:41.409Z] [INFO] HTTP GET /health | {"method":"GET","url":"/health"}
[2026-05-17T12:47:41.409Z] [INFO] HTTP GET /health | {"method":"GET","url":"/health","statusCode":200,"duration":"1ms"}
[2026-05-17T12:47:42.209Z] [INFO] HTTP GET /api/settings | {"method":"GET","url":"/api/settings"}
[2026-05-17T12:47:42.210Z] [INFO] HTTP GET /api/releases | {"method":"GET","url":"/api/releases"}
[2026-05-17T12:47:42.213Z] [INFO] HTTP GET / | {"method":"GET","url":"/","statusCode":200,"duration":"5ms"}
[2026-05-17T12:47:42.213Z] [INFO] HTTP GET /api/activities | {"method":"GET","url":"/api/activities"}
[2026-05-17T12:47:42.214Z] [INFO] HTTP GET / | {"method":"GET","url":"/","statusCode":200,"duration":"4ms"}
[2026-05-17T12:47:42.214Z] [INFO] HTTP GET /api/settings | {"method":"GET","url":"/api/settings"}
[2026-05-17T12:47:42.215Z] [INFO] HTTP GET /api/projects | {"method":"GET","url":"/api/projects"}
[2026-05-17T12:47:42.216Z] [INFO] HTTP GET / | {"method":"GET","url":"/","statusCode":200,"duration":"2ms"}
[2026-05-17T12:47:42.218Z] [INFO] HTTP GET / | {"method":"GET","url":"/","statusCode":200,"duration":"5ms"}
[2026-05-17T12:47:42.218Z] [INFO] HTTP GET /api/releases | {"method":"GET","url":"/api/releases"}
[2026-05-17T12:47:42.219Z] [INFO] HTTP GET / | {"method":"GET","url":"/","statusCode":200,"duration":"4ms"}
[2026-05-17T12:47:42.220Z] [INFO] HTTP GET /api/activities | {"method":"GET","url":"/api/activities"}
[2026-05-17T12:47:42.221Z] [INFO] HTTP GET / | {"method":"GET","url":"/","statusCode":200,"duration":"3ms"}
[2026-05-17T12:47:42.221Z] [INFO] HTTP GET /api/projects | {"method":"GET","url":"/api/projects"}
[2026-05-17T12:47:42.224Z] [INFO] HTTP GET / | {"method":"GET","url":"/","statusCode":200,"duration":"4ms"}
[2026-05-17T12:47:42.225Z] [INFO] HTTP GET / | {"method":"GET","url":"/","statusCode":200,"duration":"4ms"}
[2026-05-17T12:47:44.873Z] [INFO] HTTP GET /health | {"method":"GET","url":"/health"}
[2026-05-17T12:47:44.873Z] [INFO] HTTP GET /health | {"method":"GET","url":"/health"}
[2026-05-17T12:47:44.873Z] [INFO] HTTP GET /health | {"method":"GET","url":"/health","statusCode":200}
[2026-05-17T12:47:44.873Z] [INFO] HTTP GET /health | {"method":"GET","url":"/health","statusCode":200}
[2026-05-17T12:47:46.585Z] [INFO] HTTP GET /api/activities | {"method":"GET","url":"/api/activities"}
[2026-05-17T12:47:46.591Z] [INFO] HTTP GET / | {"method":"GET","url":"/","statusCode":200,"duration":"6ms"}
[2026-05-17T12:47:46.593Z] [INFO] HTTP GET /api/activities | {"method":"GET","url":"/api/activities"}
[2026-05-17T12:47:46.595Z] [INFO] HTTP GET / | {"method":"GET","url":"/","statusCode":200,"duration":"2ms"}
[2026-05-17T12:47:47.850Z] [INFO] HTTP GET /api/projects | {"method":"GET","url":"/api/projects"}
[2026-05-17T12:47:47.855Z] [INFO] HTTP GET / | {"method":"GET","url":"/","statusCode":200,"duration":"5ms"}
[2026-05-17T12:47:47.857Z] [INFO] HTTP GET /api/projects | {"method":"GET","url":"/api/projects"}
[2026-05-17T12:47:47.861Z] [INFO] HTTP GET / | {"method":"GET","url":"/","statusCode":200,"duration":"5ms"}
[2026-05-17T12:47:47.868Z] [INFO] HTTP GET /api/projects/69f726d86dac1655e72089b2/gantt | {"method":"GET","url":"/api/projects/69f726d86dac1655e72089b2/gantt"}
[2026-05-17T12:47:47.872Z] [INFO] HTTP GET /69f726d86dac1655e72089b2/gantt | {"method":"GET","url":"/69f726d86dac1655e72089b2/gantt","statusCode":200,"duration":"5ms"}
[2026-05-17T12:47:49.218Z] [INFO] HTTP GET /api/projects | {"method":"GET","url":"/api/projects"}
[2026-05-17T12:47:49.223Z] [INFO] HTTP GET /api/releases | {"method":"GET","url":"/api/releases"}
[2026-05-17T12:47:49.225Z] [INFO] HTTP GET / | {"method":"GET","url":"/","statusCode":200,"duration":"7ms"}
[2026-05-17T12:47:49.226Z] [INFO] HTTP GET /api/settings | {"method":"GET","url":"/api/settings"}
[2026-05-17T12:47:49.227Z] [INFO] HTTP GET / | {"method":"GET","url":"/","statusCode":200,"duration":"5ms"}
[2026-05-17T12:47:49.227Z] [INFO] HTTP GET /api/projects | {"method":"GET","url":"/api/projects"}
[2026-05-17T12:47:49.228Z] [INFO] HTTP GET /api/activities | {"method":"GET","url":"/api/activities"}
[2026-05-17T12:47:49.230Z] [INFO] HTTP GET / | {"method":"GET","url":"/","statusCode":200,"duration":"3ms"}
[2026-05-17T12:47:49.230Z] [INFO] HTTP GET / | {"method":"GET","url":"/","statusCode":200,"duration":"4ms"}
[2026-05-17T12:47:49.230Z] [INFO] HTTP GET /api/releases | {"method":"GET","url":"/api/releases"}
[2026-05-17T12:47:49.232Z] [INFO] HTTP GET / | {"method":"GET","url":"/","statusCode":200,"duration":"4ms"}
[2026-05-17T12:47:49.232Z] [INFO] HTTP GET /api/settings | {"method":"GET","url":"/api/settings"}
[2026-05-17T12:47:49.234Z] [INFO] HTTP GET / | {"method":"GET","url":"/","statusCode":200,"duration":"4ms"}
[2026-05-17T12:47:49.234Z] [INFO] HTTP GET /api/activities | {"method":"GET","url":"/api/activities"}
[2026-05-17T12:47:49.237Z] [INFO] HTTP GET / | {"method":"GET","url":"/","statusCode":200,"duration":"5ms"}
[2026-05-17T12:47:49.238Z] [INFO] HTTP GET / | {"method":"GET","url":"/","statusCode":200,"duration":"4ms"}
[2026-05-17T12:47:50.319Z] [INFO] HTTP GET /api/releases | {"method":"GET","url":"/api/releases"}
[2026-05-17T12:47:50.323Z] [INFO] HTTP GET /api/settings | {"method":"GET","url":"/api/settings"}
[2026-05-17T12:47:50.325Z] [INFO] HTTP GET /api/projects/dashboard/pipeline | {"method":"GET","url":"/api/projects/dashboard/pipeline"}
[2026-05-17T12:47:50.328Z] [INFO] HTTP GET /api/projects | {"method":"GET","url":"/api/projects"}
[2026-05-17T12:47:50.330Z] [INFO] HTTP GET / | {"method":"GET","url":"/","statusCode":200,"duration":"11ms"}
[2026-05-17T12:47:50.330Z] [INFO] HTTP GET / | {"method":"GET","url":"/","statusCode":200,"duration":"7ms"}
[2026-05-17T12:47:50.331Z] [INFO] HTTP GET /dashboard/pipeline | {"method":"GET","url":"/dashboard/pipeline","statusCode":200,"duration":"6ms"}
[2026-05-17T12:47:50.331Z] [INFO] HTTP GET / | {"method":"GET","url":"/","statusCode":200,"duration":"3ms"}
[2026-05-17T12:47:50.332Z] [INFO] HTTP GET /api/releases | {"method":"GET","url":"/api/releases"}
[2026-05-17T12:47:50.333Z] [INFO] HTTP GET /api/settings | {"method":"GET","url":"/api/settings"}
[2026-05-17T12:47:50.334Z] [INFO] HTTP GET /api/projects/dashboard/pipeline | {"method":"GET","url":"/api/projects/dashboard/pipeline"}
[2026-05-17T12:47:50.336Z] [INFO] HTTP GET /api/projects | {"method":"GET","url":"/api/projects"}
[2026-05-17T12:47:50.338Z] [INFO] HTTP GET / | {"method":"GET","url":"/","statusCode":200,"duration":"6ms"}
[2026-05-17T12:47:50.339Z] [INFO] HTTP GET / | {"method":"GET","url":"/","statusCode":200,"duration":"5ms"}
[2026-05-17T12:47:50.339Z] [INFO] HTTP GET /dashboard/pipeline | {"method":"GET","url":"/dashboard/pipeline","statusCode":200,"duration":"5ms"}
[2026-05-17T12:47:50.339Z] [INFO] HTTP GET / | {"method":"GET","url":"/","statusCode":200,"duration":"3ms"}
[2026-05-17T12:48:11.471Z] [INFO] HTTP GET /health | {"method":"GET","url":"/health"}
[2026-05-17T12:48:11.472Z] [INFO] HTTP GET /health | {"method":"GET","url":"/health","statusCode":200,"duration":"1ms"}
[2026-05-17T12:48:13.937Z] [INFO] HTTP GET /api/activities | {"method":"GET","url":"/api/activities"}
[2026-05-17T12:48:13.947Z] [INFO] HTTP GET / | {"method":"GET","url":"/","statusCode":200,"duration":"10ms"}
[2026-05-17T12:48:13.948Z] [INFO] HTTP GET /api/activities | {"method":"GET","url":"/api/activities"}
[2026-05-17T12:48:13.951Z] [INFO] HTTP GET / | {"method":"GET","url":"/","statusCode":200,"duration":"3ms"}
[2026-05-17T12:48:14.921Z] [INFO] HTTP GET /health | {"method":"GET","url":"/health"}
[2026-05-17T12:48:14.921Z] [INFO] HTTP GET /health | {"method":"GET","url":"/health","statusCode":200}
[2026-05-17T12:48:14.922Z] [INFO] HTTP GET /health | {"method":"GET","url":"/health"}
[2026-05-17T12:48:14.922Z] [INFO] HTTP GET /health | {"method":"GET","url":"/health","statusCode":200}
[2026-05-17T12:48:23.925Z] [INFO] HTTP GET /api/projects | {"method":"GET","url":"/api/projects"}
[2026-05-17T12:48:23.929Z] [INFO] HTTP GET /api/releases | {"method":"GET","url":"/api/releases"}
[2026-05-17T12:48:23.931Z] [INFO] HTTP GET / | {"method":"GET","url":"/","statusCode":200,"duration":"6ms"}
[2026-05-17T12:48:23.932Z] [INFO] HTTP GET /api/settings | {"method":"GET","url":"/api/settings"}
[2026-05-17T12:48:23.933Z] [INFO] HTTP GET / | {"method":"GET","url":"/","statusCode":200,"duration":"4ms"}
[2026-05-17T12:48:23.934Z] [INFO] HTTP GET /api/projects | {"method":"GET","url":"/api/projects"}
[2026-05-17T12:48:23.936Z] [INFO] HTTP GET /api/activities | {"method":"GET","url":"/api/activities"}
[2026-05-17T12:48:23.937Z] [INFO] HTTP GET / | {"method":"GET","url":"/","statusCode":200,"duration":"3ms"}
[2026-05-17T12:48:23.938Z] [INFO] HTTP GET / | {"method":"GET","url":"/","statusCode":200,"duration":"6ms"}
[2026-05-17T12:48:23.939Z] [INFO] HTTP GET /api/releases | {"method":"GET","url":"/api/releases"}
[2026-05-17T12:48:23.941Z] [INFO] HTTP GET / | {"method":"GET","url":"/","statusCode":200,"duration":"5ms"}
[2026-05-17T12:48:23.941Z] [INFO] HTTP GET /api/settings | {"method":"GET","url":"/api/settings"}
[2026-05-17T12:48:23.942Z] [INFO] HTTP GET / | {"method":"GET","url":"/","statusCode":200,"duration":"3ms"}
[2026-05-17T12:48:23.943Z] [INFO] HTTP GET /api/activities | {"method":"GET","url":"/api/activities"}
[2026-05-17T12:48:23.944Z] [INFO] HTTP GET / | {"method":"GET","url":"/","statusCode":200,"duration":"3ms"}
[2026-05-17T12:48:23.945Z] [INFO] HTTP GET / | {"method":"GET","url":"/","statusCode":200,"duration":"2ms"}
[2026-05-17T12:48:41.534Z] [INFO] HTTP GET /health | {"method":"GET","url":"/health"}
[2026-05-17T12:48:41.534Z] [INFO] HTTP GET /health | {"method":"GET","url":"/health","statusCode":200}
[2026-05-17T12:48:44.961Z] [INFO] HTTP GET /health | {"method":"GET","url":"/health"}
[2026-05-17T12:48:44.961Z] [INFO] HTTP GET /health | {"method":"GET","url":"/health"}
[2026-05-17T12:48:44.961Z] [INFO] HTTP GET /health | {"method":"GET","url":"/health","statusCode":200}
[2026-05-17T12:48:44.961Z] [INFO] HTTP GET /health | {"method":"GET","url":"/health","statusCode":200}
[2026-05-17T12:49:11.582Z] [INFO] HTTP GET /health | {"method":"GET","url":"/health"}
[2026-05-17T12:49:11.582Z] [INFO] HTTP GET /health | {"method":"GET","url":"/health","statusCode":200}
[2026-05-17T12:49:15.008Z] [INFO] HTTP GET /health | {"method":"GET","url":"/health"}
[2026-05-17T12:49:15.009Z] [INFO] HTTP GET /health | {"method":"GET","url":"/health"}
[2026-05-17T12:49:15.009Z] [INFO] HTTP GET /health | {"method":"GET","url":"/health","statusCode":200,"duration":"1ms"}
[2026-05-17T12:49:15.009Z] [INFO] HTTP GET /health | {"method":"GET","url":"/health","statusCode":200,"duration":"1ms"}
[2026-05-17T12:49:32.872Z] [INFO] HTTP GET /api/settings | {"method":"GET","url":"/api/settings"}
[2026-05-17T12:49:32.874Z] [INFO] HTTP GET /api/users | {"method":"GET","url":"/api/users"}
[2026-05-17T12:49:32.876Z] [INFO] HTTP GET / | {"method":"GET","url":"/","statusCode":200,"duration":"4ms"}
[2026-05-17T12:49:32.876Z] [INFO] HTTP GET / | {"method":"GET","url":"/","statusCode":200,"duration":"2ms"}
[2026-05-17T12:49:32.877Z] [INFO] HTTP GET /api/settings | {"method":"GET","url":"/api/settings"}
[2026-05-17T12:49:32.878Z] [INFO] HTTP GET /api/users | {"method":"GET","url":"/api/users"}
[2026-05-17T12:49:32.879Z] [INFO] HTTP GET / | {"method":"GET","url":"/","statusCode":200,"duration":"2ms"}
[2026-05-17T12:49:32.880Z] [INFO] HTTP GET / | {"method":"GET","url":"/","statusCode":200,"duration":"2ms"}
[2026-05-17T12:49:41.632Z] [INFO] HTTP GET /health | {"method":"GET","url":"/health"}
[2026-05-17T12:49:41.632Z] [INFO] HTTP GET /health | {"method":"GET","url":"/health","statusCode":200}
[2026-05-17T12:49:44.781Z] [INFO] HTTP GET /api/projects | {"method":"GET","url":"/api/projects"}
[2026-05-17T12:49:44.783Z] [INFO] HTTP GET / | {"method":"GET","url":"/","statusCode":200,"duration":"2ms"}
[2026-05-17T12:49:44.785Z] [INFO] HTTP GET /api/projects | {"method":"GET","url":"/api/projects"}
[2026-05-17T12:49:44.787Z] [INFO] HTTP GET / | {"method":"GET","url":"/","statusCode":200,"duration":"2ms"}
[2026-05-17T12:49:44.789Z] [INFO] HTTP GET /api/projects/69f726d86dac1655e72089b2/gantt | {"method":"GET","url":"/api/projects/69f726d86dac1655e72089b2/gantt"}
[2026-05-17T12:49:44.791Z] [INFO] HTTP GET /69f726d86dac1655e72089b2/gantt | {"method":"GET","url":"/69f726d86dac1655e72089b2/gantt","statusCode":200,"duration":"2ms"}
[2026-05-17T12:49:45.045Z] [INFO] HTTP GET /health | {"method":"GET","url":"/health"}
[2026-05-17T12:49:45.045Z] [INFO] HTTP GET /health | {"method":"GET","url":"/health","statusCode":200}
[2026-05-17T12:49:45.047Z] [INFO] HTTP GET /health | {"method":"GET","url":"/health"}
[2026-05-17T12:49:45.047Z] [INFO] HTTP GET /health | {"method":"GET","url":"/health","statusCode":200}
[2026-05-17T12:50:11.673Z] [INFO] HTTP GET /health | {"method":"GET","url":"/health"}
[2026-05-17T12:50:11.673Z] [INFO] HTTP GET /health | {"method":"GET","url":"/health","statusCode":200}
[2026-05-17T12:50:15.088Z] [INFO] HTTP GET /health | {"method":"GET","url":"/health"}
[2026-05-17T12:50:15.089Z] [INFO] HTTP GET /health | {"method":"GET","url":"/health"}
[2026-05-17T12:50:15.089Z] [INFO] HTTP GET /health | {"method":"GET","url":"/health","statusCode":200}
[2026-05-17T12:50:15.089Z] [INFO] HTTP GET /health | {"method":"GET","url":"/health","statusCode":200}
[2026-05-17T12:50:15.349Z] [INFO] HTTP GET /api/activities | {"method":"GET","url":"/api/activities"}
[2026-05-17T12:50:15.352Z] [INFO] HTTP GET / | {"method":"GET","url":"/","statusCode":200,"duration":"3ms"}
[2026-05-17T12:50:15.354Z] [INFO] HTTP GET /api/activities | {"method":"GET","url":"/api/activities"}
[2026-05-17T12:50:15.357Z] [INFO] HTTP GET / | {"method":"GET","url":"/","statusCode":200,"duration":"3ms"}
[2026-05-17T12:50:41.726Z] [INFO] HTTP GET /health | {"method":"GET","url":"/health"}
[2026-05-17T12:50:41.727Z] [INFO] HTTP GET /health | {"method":"GET","url":"/health","statusCode":200,"duration":"1ms"}
[2026-05-17T12:50:45.128Z] [INFO] HTTP GET /health | {"method":"GET","url":"/health"}
[2026-05-17T12:50:45.128Z] [INFO] HTTP GET /health | {"method":"GET","url":"/health"}
[2026-05-17T12:50:45.128Z] [INFO] HTTP GET /health | {"method":"GET","url":"/health","statusCode":200}
[2026-05-17T12:50:45.128Z] [INFO] HTTP GET /health | {"method":"GET","url":"/health","statusCode":200}
[2026-05-17T12:51:11.786Z] [INFO] HTTP GET /health | {"method":"GET","url":"/health"}
[2026-05-17T12:51:11.786Z] [INFO] HTTP GET /health | {"method":"GET","url":"/health","statusCode":200,"duration":"1ms"}
[2026-05-17T12:51:15.180Z] [INFO] HTTP GET /health | {"method":"GET","url":"/health"}
[2026-05-17T12:51:15.180Z] [INFO] HTTP GET /health | {"method":"GET","url":"/health"}
[2026-05-17T12:51:15.180Z] [INFO] HTTP GET /health | {"method":"GET","url":"/health","statusCode":200}
[2026-05-17T12:51:15.180Z] [INFO] HTTP GET /health | {"method":"GET","url":"/health","statusCode":200}
[2026-05-17T12:51:33.963Z] [INFO] HTTP GET /api/activities | {"method":"GET","url":"/api/activities"}
[2026-05-17T12:51:33.967Z] [INFO] HTTP GET /api/projects | {"method":"GET","url":"/api/projects"}
[2026-05-17T12:51:33.969Z] [INFO] HTTP GET / | {"method":"GET","url":"/","statusCode":200,"duration":"6ms"}
[2026-05-17T12:51:33.970Z] [INFO] HTTP GET / | {"method":"GET","url":"/","statusCode":200,"duration":"3ms"}
[2026-05-17T12:51:33.971Z] [INFO] HTTP GET /api/activities | {"method":"GET","url":"/api/activities"}
[2026-05-17T12:51:33.972Z] [INFO] HTTP GET /api/projects | {"method":"GET","url":"/api/projects"}
[2026-05-17T12:51:33.973Z] [INFO] HTTP GET / | {"method":"GET","url":"/","statusCode":200,"duration":"2ms"}
[2026-05-17T12:51:33.974Z] [INFO] HTTP GET / | {"method":"GET","url":"/","statusCode":200,"duration":"2ms"}
[2026-05-17T12:51:41.836Z] [INFO] HTTP GET /health | {"method":"GET","url":"/health"}
[2026-05-17T12:51:41.836Z] [INFO] HTTP GET /health | {"method":"GET","url":"/health","statusCode":200}
[2026-05-17T12:51:45.254Z] [INFO] HTTP GET /health | {"method":"GET","url":"/health"}
[2026-05-17T12:51:45.254Z] [INFO] HTTP GET /health | {"method":"GET","url":"/health","statusCode":200}
[2026-05-17T12:51:45.255Z] [INFO] HTTP GET /health | {"method":"GET","url":"/health"}
[2026-05-17T12:51:45.256Z] [INFO] HTTP GET /health | {"method":"GET","url":"/health","statusCode":200,"duration":"1ms"}
[2026-05-17T12:52:22.449Z] [INFO] HTTP GET /health | {"method":"GET","url":"/health"}
[2026-05-17T12:52:22.450Z] [INFO] HTTP GET /health | {"method":"GET","url":"/health","statusCode":200,"duration":"1ms"}
[2026-05-17T12:52:25.865Z] [INFO] HTTP GET /health | {"method":"GET","url":"/health"}
[2026-05-17T12:52:25.865Z] [INFO] HTTP GET /health | {"method":"GET","url":"/health"}
[2026-05-17T12:52:25.865Z] [INFO] HTTP GET /health | {"method":"GET","url":"/health","statusCode":200,"duration":"1ms"}
[2026-05-17T12:52:25.865Z] [INFO] HTTP GET /health | {"method":"GET","url":"/health","statusCode":200,"duration":"1ms"}
[2026-05-17T12:53:16.674Z] [INFO] HTTP GET /health | {"method":"GET","url":"/health"}
[2026-05-17T12:53:16.675Z] [INFO] HTTP GET /health | {"method":"GET","url":"/health","statusCode":200,"duration":"1ms"}
[2026-05-17T12:53:20.079Z] [INFO] HTTP GET /health | {"method":"GET","url":"/health"}
[2026-05-17T12:53:20.079Z] [INFO] HTTP GET /health | {"method":"GET","url":"/health"}
[2026-05-17T12:53:20.079Z] [INFO] HTTP GET /health | {"method":"GET","url":"/health","statusCode":200}
[2026-05-17T12:53:20.079Z] [INFO] HTTP GET /health | {"method":"GET","url":"/health","statusCode":200}
[2026-05-17T12:56:06.383Z] [INFO] HTTP GET /health | {"method":"GET","url":"/health"}
[2026-05-17T12:56:06.383Z] [INFO] HTTP GET /health | {"method":"GET","url":"/health","statusCode":200}
[2026-05-17T12:56:09.772Z] [INFO] HTTP GET /health | {"method":"GET","url":"/health"}
[2026-05-17T12:56:09.772Z] [INFO] HTTP GET /health | {"method":"GET","url":"/health"}
[2026-05-17T12:56:09.772Z] [INFO] HTTP GET /health | {"method":"GET","url":"/health","statusCode":200}
[2026-05-17T12:56:09.772Z] [INFO] HTTP GET /health | {"method":"GET","url":"/health","statusCode":200}
[2026-05-17T12:56:40.209Z] [INFO] HTTP GET /health | {"method":"GET","url":"/health"}
[2026-05-17T12:56:40.209Z] [INFO] HTTP GET /health | {"method":"GET","url":"/health","statusCode":200}
[2026-05-17T12:56:43.584Z] [INFO] HTTP GET /health | {"method":"GET","url":"/health"}
[2026-05-17T12:56:43.585Z] [INFO] HTTP GET /health | {"method":"GET","url":"/health"}
[2026-05-17T12:56:43.585Z] [INFO] HTTP GET /health | {"method":"GET","url":"/health","statusCode":200,"duration":"1ms"}
[2026-05-17T12:56:43.585Z] [INFO] HTTP GET /health | {"method":"GET","url":"/health","statusCode":200}
[2026-05-17T12:57:10.755Z] [INFO] HTTP GET /health | {"method":"GET","url":"/health"}
[2026-05-17T12:57:10.756Z] [INFO] HTTP GET /health | {"method":"GET","url":"/health","statusCode":200,"duration":"1ms"}
[2026-05-17T12:57:14.115Z] [INFO] HTTP GET /health | {"method":"GET","url":"/health"}
[2026-05-17T12:57:14.115Z] [INFO] HTTP GET /health | {"method":"GET","url":"/health"}
[2026-05-17T12:57:14.115Z] [INFO] HTTP GET /health | {"method":"GET","url":"/health","statusCode":200}
[2026-05-17T12:57:14.115Z] [INFO] HTTP GET /health | {"method":"GET","url":"/health","statusCode":200}
[2026-05-17T12:57:41.184Z] [INFO] HTTP GET /health | {"method":"GET","url":"/health"}
[2026-05-17T12:57:41.185Z] [INFO] HTTP GET /health | {"method":"GET","url":"/health","statusCode":200,"duration":"1ms"}
[2026-05-17T12:57:44.577Z] [INFO] HTTP GET /health | {"method":"GET","url":"/health"}
[2026-05-17T12:57:44.577Z] [INFO] HTTP GET /health | {"method":"GET","url":"/health"}
[2026-05-17T12:57:44.578Z] [INFO] HTTP GET /health | {"method":"GET","url":"/health","statusCode":200,"duration":"1ms"}
[2026-05-17T12:57:44.578Z] [INFO] HTTP GET /health | {"method":"GET","url":"/health","statusCode":200,"duration":"1ms"}
[2026-05-17T12:58:11.768Z] [INFO] HTTP GET /health | {"method":"GET","url":"/health"}
[2026-05-17T12:58:11.768Z] [INFO] HTTP GET /health | {"method":"GET","url":"/health","statusCode":200}
[2026-05-17T12:58:15.165Z] [INFO] HTTP GET /health | {"method":"GET","url":"/health"}
[2026-05-17T12:58:15.165Z] [INFO] HTTP GET /health | {"method":"GET","url":"/health"}
[2026-05-17T12:58:15.165Z] [INFO] HTTP GET /health | {"method":"GET","url":"/health","statusCode":200}
[2026-05-17T12:58:15.165Z] [INFO] HTTP GET /health | {"method":"GET","url":"/health","statusCode":200}
[2026-05-17T12:58:42.705Z] [INFO] HTTP GET /health | {"method":"GET","url":"/health"}
[2026-05-17T12:58:42.705Z] [INFO] HTTP GET /health | {"method":"GET","url":"/health","statusCode":200}
[2026-05-17T12:58:46.100Z] [INFO] HTTP GET /health | {"method":"GET","url":"/health"}
[2026-05-17T12:58:46.100Z] [INFO] HTTP GET /health | {"method":"GET","url":"/health"}
[2026-05-17T12:58:46.100Z] [INFO] HTTP GET /health | {"method":"GET","url":"/health","statusCode":200}
[2026-05-17T12:58:46.100Z] [INFO] HTTP GET /health | {"method":"GET","url":"/health","statusCode":200}
[2026-05-17T12:59:13.346Z] [INFO] HTTP GET /health | {"method":"GET","url":"/health"}
[2026-05-17T12:59:13.346Z] [INFO] HTTP GET /health | {"method":"GET","url":"/health","statusCode":200}
[2026-05-17T12:59:16.740Z] [INFO] HTTP GET /health | {"method":"GET","url":"/health"}
[2026-05-17T12:59:16.741Z] [INFO] HTTP GET /health | {"method":"GET","url":"/health"}
[2026-05-17T12:59:16.741Z] [INFO] HTTP GET /health | {"method":"GET","url":"/health","statusCode":200,"duration":"1ms"}
[2026-05-17T12:59:16.741Z] [INFO] HTTP GET /health | {"method":"GET","url":"/health","statusCode":200,"duration":"1ms"}
[2026-05-17T13:00:17.388Z] [INFO] HTTP GET /health | {"method":"GET","url":"/health"}
[2026-05-17T13:00:17.388Z] [INFO] HTTP GET /health | {"method":"GET","url":"/health","statusCode":200}
[2026-05-17T13:00:20.787Z] [INFO] HTTP GET /health | {"method":"GET","url":"/health"}
[2026-05-17T13:00:20.787Z] [INFO] HTTP GET /health | {"method":"GET","url":"/health"}
[2026-05-17T13:00:20.787Z] [INFO] HTTP GET /health | {"method":"GET","url":"/health","statusCode":200}
[2026-05-17T13:00:20.787Z] [INFO] HTTP GET /health | {"method":"GET","url":"/health","statusCode":200}
[2026-05-17T13:02:58.558Z] [INFO] HTTP GET /health | {"method":"GET","url":"/health"}
[2026-05-17T13:02:58.559Z] [INFO] HTTP GET /health | {"method":"GET","url":"/health","statusCode":200,"duration":"1ms"}
[2026-05-17T13:03:01.822Z] [INFO] HTTP GET /health | {"method":"GET","url":"/health"}
[2026-05-17T13:03:01.822Z] [INFO] HTTP GET /health | {"method":"GET","url":"/health"}
[2026-05-17T13:03:01.822Z] [INFO] HTTP GET /health | {"method":"GET","url":"/health","statusCode":200}
[2026-05-17T13:03:01.822Z] [INFO] HTTP GET /health | {"method":"GET","url":"/health","statusCode":200}
[2026-05-17T13:03:39.087Z] [INFO] HTTP GET /health | {"method":"GET","url":"/health"}
[2026-05-17T13:03:39.087Z] [INFO] HTTP GET /health | {"method":"GET","url":"/health","statusCode":200}
[2026-05-17T13:03:42.337Z] [INFO] HTTP GET /health | {"method":"GET","url":"/health"}
[2026-05-17T13:03:42.338Z] [INFO] HTTP GET /health | {"method":"GET","url":"/health"}
[2026-05-17T13:03:42.337Z] [INFO] HTTP GET /health | {"method":"GET","url":"/health","statusCode":200}
[2026-05-17T13:03:42.338Z] [INFO] HTTP GET /health | {"method":"GET","url":"/health","statusCode":200,"duration":"1ms"}
[2026-05-17T13:04:46.656Z] [INFO] HTTP GET /health | {"method":"GET","url":"/health"}
[2026-05-17T13:04:46.656Z] [INFO] HTTP GET /health | {"method":"GET","url":"/health","statusCode":200}
[2026-05-17T13:04:49.910Z] [INFO] HTTP GET /health | {"method":"GET","url":"/health"}
[2026-05-17T13:04:49.910Z] [INFO] HTTP GET /health | {"method":"GET","url":"/health"}
[2026-05-17T13:04:49.910Z] [INFO] HTTP GET /health | {"method":"GET","url":"/health","statusCode":200}
[2026-05-17T13:04:49.910Z] [INFO] HTTP GET /health | {"method":"GET","url":"/health","statusCode":200}
[2026-05-17T13:05:24.667Z] [INFO] HTTP GET /health | {"method":"GET","url":"/health"}
[2026-05-17T13:05:24.668Z] [INFO] HTTP GET /health | {"method":"GET","url":"/health","statusCode":200}
[2026-05-17T13:05:27.919Z] [INFO] HTTP GET /health | {"method":"GET","url":"/health"}
[2026-05-17T13:05:27.919Z] [INFO] HTTP GET /health | {"method":"GET","url":"/health"}
[2026-05-17T13:05:27.919Z] [INFO] HTTP GET /health | {"method":"GET","url":"/health","statusCode":200}
[2026-05-17T13:05:27.919Z] [INFO] HTTP GET /health | {"method":"GET","url":"/health","statusCode":200}
[2026-05-17T13:06:01.801Z] [INFO] HTTP GET /health | {"method":"GET","url":"/health"}
[2026-05-17T13:06:01.801Z] [INFO] HTTP GET /health | {"method":"GET","url":"/health","statusCode":200}
[2026-05-17T13:06:05.060Z] [INFO] HTTP GET /health | {"method":"GET","url":"/health"}
[2026-05-17T13:06:05.060Z] [INFO] HTTP GET /health | {"method":"GET","url":"/health"}
[2026-05-17T13:06:05.060Z] [INFO] HTTP GET /health | {"method":"GET","url":"/health","statusCode":200}
[2026-05-17T13:06:05.060Z] [INFO] HTTP GET /health | {"method":"GET","url":"/health","statusCode":200}
[2026-05-17T13:06:35.175Z] [INFO] HTTP GET /health | {"method":"GET","url":"/health"}
[2026-05-17T13:06:35.176Z] [INFO] HTTP GET /health | {"method":"GET","url":"/health","statusCode":200,"duration":"1ms"}
[2026-05-17T13:06:38.423Z] [INFO] HTTP GET /health | {"method":"GET","url":"/health"}
[2026-05-17T13:06:38.424Z] [INFO] HTTP GET /health | {"method":"GET","url":"/health"}
[2026-05-17T13:06:38.424Z] [INFO] HTTP GET /health | {"method":"GET","url":"/health","statusCode":200,"duration":"1ms"}
[2026-05-17T13:06:38.424Z] [INFO] HTTP GET /health | {"method":"GET","url":"/health","statusCode":200}
[2026-05-17T13:08:19.543Z] [INFO] HTTP GET /health | {"method":"GET","url":"/health"}
[2026-05-17T13:08:19.543Z] [INFO] HTTP GET /health | {"method":"GET","url":"/health","statusCode":200}
[2026-05-17T13:08:22.794Z] [INFO] HTTP GET /health | {"method":"GET","url":"/health"}
[2026-05-17T13:08:22.794Z] [INFO] HTTP GET /health | {"method":"GET","url":"/health"}
[2026-05-17T13:08:22.794Z] [INFO] HTTP GET /health | {"method":"GET","url":"/health","statusCode":200}
[2026-05-17T13:08:22.794Z] [INFO] HTTP GET /health | {"method":"GET","url":"/health","statusCode":200,"duration":"1ms"}
[2026-05-17T13:17:09.560Z] [INFO] HTTP GET /health | {"method":"GET","url":"/health"}
[2026-05-17T13:17:09.560Z] [INFO] HTTP GET /health | {"method":"GET","url":"/health","statusCode":200}
[2026-05-17T13:17:12.811Z] [INFO] HTTP GET /health | {"method":"GET","url":"/health"}
[2026-05-17T13:17:12.811Z] [INFO] HTTP GET /health | {"method":"GET","url":"/health"}
[2026-05-17T13:17:12.812Z] [INFO] HTTP GET /health | {"method":"GET","url":"/health","statusCode":200,"duration":"1ms"}
[2026-05-17T13:17:12.812Z] [INFO] HTTP GET /health | {"method":"GET","url":"/health","statusCode":200,"duration":"1ms"}
[2026-05-17T13:20:49.813Z] [INFO] HTTP GET /health | {"method":"GET","url":"/health"}
[2026-05-17T13:20:49.813Z] [INFO] HTTP GET /health | {"method":"GET","url":"/health","statusCode":200}
[2026-05-17T13:20:53.058Z] [INFO] HTTP GET /health | {"method":"GET","url":"/health"}
[2026-05-17T13:20:53.058Z] [INFO] HTTP GET /health | {"method":"GET","url":"/health"}
[2026-05-17T13:20:53.058Z] [INFO] HTTP GET /health | {"method":"GET","url":"/health","statusCode":200}
[2026-05-17T13:20:53.058Z] [INFO] HTTP GET /health | {"method":"GET","url":"/health","statusCode":200}
[2026-05-17T13:21:19.867Z] [INFO] HTTP GET /health | {"method":"GET","url":"/health"}
[2026-05-17T13:21:19.867Z] [INFO] HTTP GET /health | {"method":"GET","url":"/health","statusCode":200}
[2026-05-17T13:21:23.111Z] [INFO] HTTP GET /health | {"method":"GET","url":"/health"}
[2026-05-17T13:21:23.111Z] [INFO] HTTP GET /health | {"method":"GET","url":"/health"}
[2026-05-17T13:21:23.111Z] [INFO] HTTP GET /health | {"method":"GET","url":"/health","statusCode":200,"duration":"1ms"}
[2026-05-17T13:21:23.111Z] [INFO] HTTP GET /health | {"method":"GET","url":"/health","statusCode":200}
[2026-05-17T13:22:12.197Z] [INFO] HTTP GET /health | {"method":"GET","url":"/health"}
[2026-05-17T13:22:12.198Z] [INFO] HTTP GET /health | {"method":"GET","url":"/health","statusCode":200,"duration":"1ms"}
[2026-05-17T13:22:15.448Z] [INFO] HTTP GET /health | {"method":"GET","url":"/health"}
[2026-05-17T13:22:15.448Z] [INFO] HTTP GET /health | {"method":"GET","url":"/health","statusCode":200,"duration":"1ms"}
[2026-05-17T13:22:15.448Z] [INFO] HTTP GET /health | {"method":"GET","url":"/health"}
[2026-05-17T13:22:15.449Z] [INFO] HTTP GET /health | {"method":"GET","url":"/health","statusCode":200,"duration":"1ms"}
[2026-05-17T13:23:56.035Z] [INFO] HTTP GET /health | {"method":"GET","url":"/health"}
[2026-05-17T13:23:56.035Z] [INFO] HTTP GET /health | {"method":"GET","url":"/health","statusCode":200,"duration":"1ms"}
[2026-05-17T13:23:59.288Z] [INFO] HTTP GET /health | {"method":"GET","url":"/health"}
[2026-05-17T13:23:59.288Z] [INFO] HTTP GET /health | {"method":"GET","url":"/health"}
[2026-05-17T13:23:59.289Z] [INFO] HTTP GET /health | {"method":"GET","url":"/health","statusCode":200}
[2026-05-17T13:23:59.289Z] [INFO] HTTP GET /health | {"method":"GET","url":"/health","statusCode":200,"duration":"1ms"}
[2026-05-17T13:26:43.702Z] [INFO] HTTP GET /health | {"method":"GET","url":"/health"}
[2026-05-17T13:26:43.703Z] [INFO] HTTP GET /health | {"method":"GET","url":"/health","statusCode":200}
[2026-05-17T13:26:46.960Z] [INFO] HTTP GET /health | {"method":"GET","url":"/health"}
[2026-05-17T13:26:46.960Z] [INFO] HTTP GET /health | {"method":"GET","url":"/health"}
[2026-05-17T13:26:46.960Z] [INFO] HTTP GET /health | {"method":"GET","url":"/health","statusCode":200}
[2026-05-17T13:26:46.961Z] [INFO] HTTP GET /health | {"method":"GET","url":"/health","statusCode":200}
[2026-05-17T13:28:20.305Z] [INFO] HTTP GET /health | {"method":"GET","url":"/health"}
[2026-05-17T13:28:20.305Z] [INFO] HTTP GET /health | {"method":"GET","url":"/health","statusCode":200}
[2026-05-17T13:28:23.533Z] [INFO] HTTP GET /health | {"method":"GET","url":"/health"}
[2026-05-17T13:28:23.533Z] [INFO] HTTP GET /health | {"method":"GET","url":"/health"}
[2026-05-17T13:28:23.533Z] [INFO] HTTP GET /health | {"method":"GET","url":"/health","statusCode":200}
[2026-05-17T13:28:23.533Z] [INFO] HTTP GET /health | {"method":"GET","url":"/health","statusCode":200}
[2026-05-17T13:29:51.063Z] [INFO] HTTP GET /health | {"method":"GET","url":"/health"}
[2026-05-17T13:29:51.063Z] [INFO] HTTP GET /health | {"method":"GET","url":"/health","statusCode":200}
[2026-05-17T13:29:54.275Z] [INFO] HTTP GET /health | {"method":"GET","url":"/health"}
[2026-05-17T13:29:54.276Z] [INFO] HTTP GET /health | {"method":"GET","url":"/health"}
[2026-05-17T13:29:54.276Z] [INFO] HTTP GET /health | {"method":"GET","url":"/health","statusCode":200,"duration":"1ms"}
[2026-05-17T13:29:54.276Z] [INFO] HTTP GET /health | {"method":"GET","url":"/health","statusCode":200,"duration":"1ms"}
[2026-05-17T13:31:11.713Z] [INFO] HTTP GET /health | {"method":"GET","url":"/health"}
[2026-05-17T13:31:11.713Z] [INFO] HTTP GET /health | {"method":"GET","url":"/health","statusCode":200}
[2026-05-17T13:31:14.901Z] [INFO] HTTP GET /health | {"method":"GET","url":"/health"}
[2026-05-17T13:31:14.901Z] [INFO] HTTP GET /health | {"method":"GET","url":"/health"}
[2026-05-17T13:31:14.901Z] [INFO] HTTP GET /health | {"method":"GET","url":"/health","statusCode":200}
[2026-05-17T13:31:14.901Z] [INFO] HTTP GET /health | {"method":"GET","url":"/health","statusCode":200}
[2026-05-17T13:32:07.767Z] [INFO] HTTP GET /health | {"method":"GET","url":"/health"}
[2026-05-17T13:32:07.767Z] [INFO] HTTP GET /health | {"method":"GET","url":"/health","statusCode":200}
[2026-05-17T13:32:10.955Z] [INFO] HTTP GET /health | {"method":"GET","url":"/health"}
[2026-05-17T13:32:10.956Z] [INFO] HTTP GET /health | {"method":"GET","url":"/health"}
[2026-05-17T13:32:10.956Z] [INFO] HTTP GET /health | {"method":"GET","url":"/health","statusCode":200}
[2026-05-17T13:32:10.956Z] [INFO] HTTP GET /health | {"method":"GET","url":"/health","statusCode":200,"duration":"1ms"}
[2026-05-17T13:32:17.948Z] [WARN] Critical project detected | {"projectId":"69f726d86dac1655e72089b2","projectName":"DC3 Migration","status":"critical","issues":["2 milestones are overdue"],"overdueMilestones":2,"totalMilestones":10,"completionRate":20}
[2026-05-17T13:32:17.948Z] [INFO] Monitoring report generated | {"totalProjects":1,"critical":1,"warning":0,"healthy":0}
[2026-05-17T13:32:17.948Z] [ERROR] Critical projects detected! | {"count":1,"projects":[{"name":"DC3 Migration","issues":["2 milestones are overdue"]}]}
[2026-05-17T13:38:45.077Z] [INFO] HTTP GET /health | {"method":"GET","url":"/health"}
[2026-05-17T13:38:45.079Z] [INFO] HTTP GET /health | {"method":"GET","url":"/health","statusCode":200,"duration":"2ms"}
[2026-05-17T13:38:48.258Z] [INFO] HTTP GET /health | {"method":"GET","url":"/health"}
[2026-05-17T13:38:48.258Z] [INFO] HTTP GET /health | {"method":"GET","url":"/health","statusCode":200}
[2026-05-17T13:38:48.259Z] [INFO] HTTP GET /health | {"method":"GET","url":"/health"}
[2026-05-17T13:38:48.259Z] [INFO] HTTP GET /health | {"method":"GET","url":"/health","statusCode":200}
[2026-05-17T13:40:34.415Z] [INFO] HTTP GET /health | {"method":"GET","url":"/health"}
[2026-05-17T13:40:34.416Z] [INFO] HTTP GET /health | {"method":"GET","url":"/health","statusCode":200}
[2026-05-17T13:40:37.596Z] [INFO] HTTP GET /health | {"method":"GET","url":"/health"}
[2026-05-17T13:40:37.596Z] [INFO] HTTP GET /health | {"method":"GET","url":"/health"}
[2026-05-17T13:40:37.596Z] [INFO] HTTP GET /health | {"method":"GET","url":"/health","statusCode":200,"duration":"1ms"}
[2026-05-17T13:40:37.596Z] [INFO] HTTP GET /health | {"method":"GET","url":"/health","statusCode":200}
[2026-05-17T13:43:51.962Z] [INFO] HTTP GET /health | {"method":"GET","url":"/health"}
[2026-05-17T13:43:51.963Z] [INFO] HTTP GET /health | {"method":"GET","url":"/health","statusCode":200,"duration":"1ms"}
[2026-05-17T13:43:55.141Z] [INFO] HTTP GET /health | {"method":"GET","url":"/health"}
[2026-05-17T13:43:55.141Z] [INFO] HTTP GET /health | {"method":"GET","url":"/health"}
[2026-05-17T13:43:55.141Z] [INFO] HTTP GET /health | {"method":"GET","url":"/health","statusCode":200}
[2026-05-17T13:43:55.141Z] [INFO] HTTP GET /health | {"method":"GET","url":"/health","statusCode":200}
[2026-05-17T13:55:53.811Z] [INFO] HTTP GET /health | {"method":"GET","url":"/health"}
[2026-05-17T13:55:53.811Z] [INFO] HTTP GET /health | {"method":"GET","url":"/health","statusCode":200}
[2026-05-17T13:55:57.004Z] [INFO] HTTP GET /health | {"method":"GET","url":"/health"}
[2026-05-17T13:55:57.004Z] [INFO] HTTP GET /health | {"method":"GET","url":"/health"}
[2026-05-17T13:55:57.004Z] [INFO] HTTP GET /health | {"method":"GET","url":"/health","statusCode":200}
[2026-05-17T13:55:57.004Z] [INFO] HTTP GET /health | {"method":"GET","url":"/health","statusCode":200}
[2026-05-17T14:01:03.577Z] [INFO] HTTP GET /health | {"method":"GET","url":"/health"}
[2026-05-17T14:01:03.578Z] [INFO] HTTP GET /health | {"method":"GET","url":"/health","statusCode":200}
[2026-05-17T14:01:06.764Z] [INFO] HTTP GET /health | {"method":"GET","url":"/health"}
[2026-05-17T14:01:06.764Z] [INFO] HTTP GET /health | {"method":"GET","url":"/health","statusCode":200}
[2026-05-17T14:01:06.765Z] [INFO] HTTP GET /health | {"method":"GET","url":"/health"}
[2026-05-17T14:01:06.766Z] [INFO] HTTP GET /health | {"method":"GET","url":"/health","statusCode":200,"duration":"1ms"}
[2026-05-17T14:04:05.495Z] [INFO] HTTP GET /health | {"method":"GET","url":"/health"}
[2026-05-17T14:04:05.495Z] [INFO] HTTP GET /health | {"method":"GET","url":"/health","statusCode":200}
[2026-05-17T14:04:08.682Z] [INFO] HTTP GET /health | {"method":"GET","url":"/health"}
[2026-05-17T14:04:08.682Z] [INFO] HTTP GET /health | {"method":"GET","url":"/health"}
[2026-05-17T14:04:08.682Z] [INFO] HTTP GET /health | {"method":"GET","url":"/health","statusCode":200}
[2026-05-17T14:04:08.682Z] [INFO] HTTP GET /health | {"method":"GET","url":"/health","statusCode":200}
[2026-05-17T14:08:27.688Z] [INFO] HTTP GET /health | {"method":"GET","url":"/health"}
[2026-05-17T14:08:27.689Z] [INFO] HTTP GET /health | {"method":"GET","url":"/health","statusCode":200,"duration":"1ms"}
[2026-05-17T14:08:30.866Z] [INFO] HTTP GET /health | {"method":"GET","url":"/health"}
[2026-05-17T14:08:30.866Z] [INFO] HTTP GET /health | {"method":"GET","url":"/health"}
[2026-05-17T14:08:30.866Z] [INFO] HTTP GET /health | {"method":"GET","url":"/health","statusCode":200}
[2026-05-17T14:08:30.866Z] [INFO] HTTP GET /health | {"method":"GET","url":"/health","statusCode":200}
[2026-05-17T14:09:26.591Z] [INFO] HTTP GET /health | {"method":"GET","url":"/health"}
[2026-05-17T14:09:26.591Z] [INFO] HTTP GET /health | {"method":"GET","url":"/health","statusCode":200}
[2026-05-17T14:09:29.755Z] [INFO] HTTP GET /health | {"method":"GET","url":"/health"}
[2026-05-17T14:09:29.755Z] [INFO] HTTP GET /health | {"method":"GET","url":"/health"}
[2026-05-17T14:09:29.755Z] [INFO] HTTP GET /health | {"method":"GET","url":"/health","statusCode":200}
[2026-05-17T14:09:29.755Z] [INFO] HTTP GET /health | {"method":"GET","url":"/health","statusCode":200}
[2026-05-17T14:10:37.589Z] [INFO] HTTP GET /health | {"method":"GET","url":"/health"}
[2026-05-17T14:10:37.589Z] [INFO] HTTP GET /health | {"method":"GET","url":"/health","statusCode":200}
[2026-05-17T14:10:40.763Z] [INFO] HTTP GET /health | {"method":"GET","url":"/health"}
[2026-05-17T14:10:40.763Z] [INFO] HTTP GET /health | {"method":"GET","url":"/health"}
[2026-05-17T14:10:40.763Z] [INFO] HTTP GET /health | {"method":"GET","url":"/health","statusCode":200,"duration":"1ms"}
[2026-05-17T14:10:40.763Z] [INFO] HTTP GET /health | {"method":"GET","url":"/health","statusCode":200}
[2026-05-17T14:11:57.725Z] [INFO] HTTP GET /health | {"method":"GET","url":"/health"}
[2026-05-17T14:11:57.725Z] [INFO] HTTP GET /health | {"method":"GET","url":"/health","statusCode":200}
[2026-05-17T14:12:00.892Z] [INFO] HTTP GET /health | {"method":"GET","url":"/health"}
[2026-05-17T14:12:00.893Z] [INFO] HTTP GET /health | {"method":"GET","url":"/health"}
[2026-05-17T14:12:00.893Z] [INFO] HTTP GET /health | {"method":"GET","url":"/health","statusCode":200,"duration":"1ms"}
[2026-05-17T14:12:00.893Z] [INFO] HTTP GET /health | {"method":"GET","url":"/health","statusCode":200,"duration":"1ms"}
[2026-05-17T14:12:33.173Z] [INFO] HTTP GET /health | {"method":"GET","url":"/health"}
[2026-05-17T14:12:33.174Z] [INFO] HTTP GET /health | {"method":"GET","url":"/health","statusCode":200,"duration":"1ms"}
[2026-05-17T14:12:36.349Z] [INFO] HTTP GET /health | {"method":"GET","url":"/health"}
[2026-05-17T14:12:36.349Z] [INFO] HTTP GET /health | {"method":"GET","url":"/health"}
[2026-05-17T14:12:36.349Z] [INFO] HTTP GET /health | {"method":"GET","url":"/health","statusCode":200}
[2026-05-17T14:12:36.350Z] [INFO] HTTP GET /health | {"method":"GET","url":"/health","statusCode":200,"duration":"1ms"}
[2026-05-17T14:14:11.225Z] [INFO] HTTP GET /health | {"method":"GET","url":"/health"}
[2026-05-17T14:14:11.225Z] [INFO] HTTP GET /health | {"method":"GET","url":"/health","statusCode":200,"duration":"1ms"}
[2026-05-17T14:14:14.375Z] [INFO] HTTP GET /health | {"method":"GET","url":"/health"}
[2026-05-17T14:14:14.375Z] [INFO] HTTP GET /health | {"method":"GET","url":"/health"}
[2026-05-17T14:14:14.375Z] [INFO] HTTP GET /health | {"method":"GET","url":"/health","statusCode":200,"duration":"1ms"}
[2026-05-17T14:14:14.375Z] [INFO] HTTP GET /health | {"method":"GET","url":"/health","statusCode":200,"duration":"1ms"}
[2026-05-17T14:15:24.975Z] [INFO] HTTP GET /health | {"method":"GET","url":"/health"}
[2026-05-17T14:15:24.976Z] [INFO] HTTP GET /health | {"method":"GET","url":"/health","statusCode":200,"duration":"1ms"}
[2026-05-17T14:15:28.125Z] [INFO] HTTP GET /health | {"method":"GET","url":"/health"}
[2026-05-17T14:15:28.125Z] [INFO] HTTP GET /health | {"method":"GET","url":"/health"}
[2026-05-17T14:15:28.125Z] [INFO] HTTP GET /health | {"method":"GET","url":"/health","statusCode":200}
[2026-05-17T14:15:28.125Z] [INFO] HTTP GET /health | {"method":"GET","url":"/health","statusCode":200}
[2026-05-17T14:16:53.649Z] [INFO] HTTP GET /health | {"method":"GET","url":"/health"}
[2026-05-17T14:16:53.649Z] [INFO] HTTP GET /health | {"method":"GET","url":"/health","statusCode":200}
[2026-05-17T14:16:56.808Z] [INFO] HTTP GET /health | {"method":"GET","url":"/health"}
[2026-05-17T14:16:56.808Z] [INFO] HTTP GET /health | {"method":"GET","url":"/health"}
[2026-05-17T14:16:56.809Z] [INFO] HTTP GET /health | {"method":"GET","url":"/health","statusCode":200,"duration":"1ms"}
[2026-05-17T14:16:56.809Z] [INFO] HTTP GET /health | {"method":"GET","url":"/health","statusCode":200,"duration":"1ms"}
[2026-05-17T14:21:34.768Z] [INFO] HTTP GET /health | {"method":"GET","url":"/health"}
[2026-05-17T14:21:34.768Z] [INFO] HTTP GET /health | {"method":"GET","url":"/health","statusCode":200}
[2026-05-17T14:21:37.933Z] [INFO] HTTP GET /health | {"method":"GET","url":"/health"}
[2026-05-17T14:21:37.933Z] [INFO] HTTP GET /health | {"method":"GET","url":"/health"}
[2026-05-17T14:21:37.933Z] [INFO] HTTP GET /health | {"method":"GET","url":"/health","statusCode":200}
[2026-05-17T14:21:37.933Z] [INFO] HTTP GET /health | {"method":"GET","url":"/health","statusCode":200}
[2026-05-17T14:25:51.564Z] [INFO] HTTP GET /health | {"method":"GET","url":"/health"}
[2026-05-17T14:25:51.564Z] [INFO] HTTP GET /health | {"method":"GET","url":"/health","statusCode":200}
[2026-05-17T14:25:54.731Z] [INFO] HTTP GET /health | {"method":"GET","url":"/health"}
[2026-05-17T14:25:54.732Z] [INFO] HTTP GET /health | {"method":"GET","url":"/health"}
[2026-05-17T14:25:54.731Z] [INFO] HTTP GET /health | {"method":"GET","url":"/health","statusCode":200}
[2026-05-17T14:25:54.732Z] [INFO] HTTP GET /health | {"method":"GET","url":"/health","statusCode":200,"duration":"1ms"}
[2026-05-17T14:30:04.555Z] [INFO] HTTP GET /health | {"method":"GET","url":"/health"}
[2026-05-17T14:30:04.555Z] [INFO] HTTP GET /health | {"method":"GET","url":"/health","statusCode":200}
[2026-05-17T14:30:07.714Z] [INFO] HTTP GET /health | {"method":"GET","url":"/health"}
[2026-05-17T14:30:07.715Z] [INFO] HTTP GET /health | {"method":"GET","url":"/health"}
[2026-05-17T14:30:07.714Z] [INFO] HTTP GET /health | {"method":"GET","url":"/health","statusCode":200}
[2026-05-17T14:30:07.715Z] [INFO] HTTP GET /health | {"method":"GET","url":"/health","statusCode":200,"duration":"1ms"}
[2026-05-17T14:32:49.858Z] [INFO] HTTP GET /health | {"method":"GET","url":"/health"}
[2026-05-17T14:32:49.858Z] [INFO] HTTP GET /health | {"method":"GET","url":"/health","statusCode":200}
[2026-05-17T14:32:53.035Z] [INFO] HTTP GET /health | {"method":"GET","url":"/health"}
[2026-05-17T14:32:53.035Z] [INFO] HTTP GET /health | {"method":"GET","url":"/health"}
[2026-05-17T14:32:53.035Z] [INFO] HTTP GET /health | {"method":"GET","url":"/health","statusCode":200}
[2026-05-17T14:32:53.035Z] [INFO] HTTP GET /health | {"method":"GET","url":"/health","statusCode":200}
[2026-05-17T14:36:56.682Z] [INFO] HTTP GET /health | {"method":"GET","url":"/health"}
[2026-05-17T14:36:56.683Z] [INFO] HTTP GET /health | {"method":"GET","url":"/health","statusCode":200}
[2026-05-17T14:36:59.862Z] [INFO] HTTP GET /health | {"method":"GET","url":"/health"}
[2026-05-17T14:36:59.862Z] [INFO] HTTP GET /health | {"method":"GET","url":"/health"}
[2026-05-17T14:36:59.862Z] [INFO] HTTP GET /health | {"method":"GET","url":"/health","statusCode":200}
[2026-05-17T14:36:59.862Z] [INFO] HTTP GET /health | {"method":"GET","url":"/health","statusCode":200}
[2026-05-17T14:41:08.639Z] [INFO] HTTP GET /health | {"method":"GET","url":"/health"}
[2026-05-17T14:41:08.640Z] [INFO] HTTP GET /health | {"method":"GET","url":"/health","statusCode":200}
[2026-05-17T14:41:11.813Z] [INFO] HTTP GET /health | {"method":"GET","url":"/health"}
[2026-05-17T14:41:11.814Z] [INFO] HTTP GET /health | {"method":"GET","url":"/health"}
[2026-05-17T14:41:11.814Z] [INFO] HTTP GET /health | {"method":"GET","url":"/health","statusCode":200,"duration":"1ms"}
[2026-05-17T14:41:11.814Z] [INFO] HTTP GET /health | {"method":"GET","url":"/health","statusCode":200}
[2026-05-17T14:41:57.404Z] [INFO] HTTP GET /health | {"method":"GET","url":"/health"}
[2026-05-17T14:41:57.404Z] [INFO] HTTP GET /health | {"method":"GET","url":"/health","statusCode":200}
[2026-05-17T14:42:00.577Z] [INFO] HTTP GET /health | {"method":"GET","url":"/health"}
[2026-05-17T14:42:00.578Z] [INFO] HTTP GET /health | {"method":"GET","url":"/health"}
[2026-05-17T14:42:00.578Z] [INFO] HTTP GET /health | {"method":"GET","url":"/health","statusCode":200,"duration":"1ms"}
[2026-05-17T14:42:00.578Z] [INFO] HTTP GET /health | {"method":"GET","url":"/health","statusCode":200}
[2026-05-17T14:47:53.004Z] [INFO] HTTP GET /health | {"method":"GET","url":"/health"}
[2026-05-17T14:47:53.004Z] [INFO] HTTP GET /health | {"method":"GET","url":"/health","statusCode":200,"duration":"1ms"}
[2026-05-17T14:47:56.221Z] [INFO] HTTP GET /health | {"method":"GET","url":"/health"}
[2026-05-17T14:47:56.221Z] [INFO] HTTP GET /health | {"method":"GET","url":"/health"}
[2026-05-17T14:47:56.221Z] [INFO] HTTP GET /health | {"method":"GET","url":"/health","statusCode":200,"duration":"1ms"}
[2026-05-17T14:47:56.221Z] [INFO] HTTP GET /health | {"method":"GET","url":"/health","statusCode":200}
[2026-05-17T14:51:32.324Z] [INFO] HTTP GET /health | {"method":"GET","url":"/health"}
[2026-05-17T14:51:32.324Z] [INFO] HTTP GET /health | {"method":"GET","url":"/health","statusCode":200}
[2026-05-17T14:51:35.555Z] [INFO] HTTP GET /health | {"method":"GET","url":"/health"}
[2026-05-17T14:51:35.555Z] [INFO] HTTP GET /health | {"method":"GET","url":"/health"}
[2026-05-17T14:51:35.555Z] [INFO] HTTP GET /health | {"method":"GET","url":"/health","statusCode":200}
[2026-05-17T14:51:35.555Z] [INFO] HTTP GET /health | {"method":"GET","url":"/health","statusCode":200}
[2026-05-17T14:57:07.924Z] [INFO] HTTP GET /health | {"method":"GET","url":"/health"}
[2026-05-17T14:57:07.924Z] [INFO] HTTP GET /health | {"method":"GET","url":"/health","statusCode":200}
[2026-05-17T14:57:11.140Z] [INFO] HTTP GET /health | {"method":"GET","url":"/health"}
[2026-05-17T14:57:11.141Z] [INFO] HTTP GET /health | {"method":"GET","url":"/health"}
[2026-05-17T14:57:11.140Z] [INFO] HTTP GET /health | {"method":"GET","url":"/health","statusCode":200}
[2026-05-17T14:57:11.141Z] [INFO] HTTP GET /health | {"method":"GET","url":"/health","statusCode":200,"duration":"1ms"}
[2026-05-17T15:03:17.936Z] [INFO] HTTP GET /health | {"method":"GET","url":"/health"}
[2026-05-17T15:03:17.936Z] [INFO] HTTP GET /health | {"method":"GET","url":"/health","statusCode":200}
[2026-05-17T15:03:21.158Z] [INFO] HTTP GET /health | {"method":"GET","url":"/health"}
[2026-05-17T15:03:21.158Z] [INFO] HTTP GET /health | {"method":"GET","url":"/health"}
[2026-05-17T15:03:21.158Z] [INFO] HTTP GET /health | {"method":"GET","url":"/health","statusCode":200}
[2026-05-17T15:03:21.158Z] [INFO] HTTP GET /health | {"method":"GET","url":"/health","statusCode":200}
[2026-05-17T15:05:55.034Z] [INFO] HTTP GET /health | {"method":"GET","url":"/health"}
[2026-05-17T15:05:55.034Z] [INFO] HTTP GET /health | {"method":"GET","url":"/health","statusCode":200}
[2026-05-17T15:05:58.233Z] [INFO] HTTP GET /health | {"method":"GET","url":"/health"}
[2026-05-17T15:05:58.233Z] [INFO] HTTP GET /health | {"method":"GET","url":"/health"}
[2026-05-17T15:05:58.233Z] [INFO] HTTP GET /health | {"method":"GET","url":"/health","statusCode":200}
[2026-05-17T15:05:58.233Z] [INFO] HTTP GET /health | {"method":"GET","url":"/health","statusCode":200}
[2026-05-17T15:53:56.689Z] [INFO] HTTP GET /health | {"method":"GET","url":"/health"}
[2026-05-17T15:53:56.689Z] [INFO] HTTP GET /health | {"method":"GET","url":"/health","statusCode":200}
[2026-05-17T15:53:59.877Z] [INFO] HTTP GET /health | {"method":"GET","url":"/health"}
[2026-05-17T15:53:59.877Z] [INFO] HTTP GET /health | {"method":"GET","url":"/health"}
[2026-05-17T15:53:59.877Z] [INFO] HTTP GET /health | {"method":"GET","url":"/health","statusCode":200}
[2026-05-17T15:53:59.877Z] [INFO] HTTP GET /health | {"method":"GET","url":"/health","statusCode":200}
[2026-05-17T16:45:14.353Z] [INFO] HTTP GET /health | {"method":"GET","url":"/health"}
[2026-05-17T16:45:14.353Z] [INFO] HTTP GET /health | {"method":"GET","url":"/health","statusCode":200}
[2026-05-17T16:45:17.540Z] [INFO] HTTP GET /health | {"method":"GET","url":"/health"}
[2026-05-17T16:45:17.541Z] [INFO] HTTP GET /health | {"method":"GET","url":"/health"}
[2026-05-17T16:45:17.541Z] [INFO] HTTP GET /health | {"method":"GET","url":"/health","statusCode":200,"duration":"1ms"}
[2026-05-17T16:45:17.541Z] [INFO] HTTP GET /health | {"method":"GET","url":"/health","statusCode":200,"duration":"1ms"}
[2026-05-17T16:49:21.771Z] [INFO] HTTP GET /health | {"method":"GET","url":"/health"}
[2026-05-17T16:49:21.771Z] [INFO] HTTP GET /health | {"method":"GET","url":"/health","statusCode":200}
[2026-05-17T16:49:24.960Z] [INFO] HTTP GET /health | {"method":"GET","url":"/health"}
[2026-05-17T16:49:24.960Z] [INFO] HTTP GET /health | {"method":"GET","url":"/health"}
[2026-05-17T16:49:24.960Z] [INFO] HTTP GET /health | {"method":"GET","url":"/health","statusCode":200}
[2026-05-17T16:49:24.960Z] [INFO] HTTP GET /health | {"method":"GET","url":"/health","statusCode":200}
[2026-05-17T16:49:56.401Z] [INFO] HTTP GET /health | {"method":"GET","url":"/health"}
[2026-05-17T16:49:56.402Z] [INFO] HTTP GET /health | {"method":"GET","url":"/health","statusCode":200,"duration":"1ms"}
[2026-05-17T16:49:59.596Z] [INFO] HTTP GET /health | {"method":"GET","url":"/health"}
[2026-05-17T16:49:59.596Z] [INFO] HTTP GET /health | {"method":"GET","url":"/health"}
[2026-05-17T16:49:59.596Z] [INFO] HTTP GET /health | {"method":"GET","url":"/health","statusCode":200}
[2026-05-17T16:49:59.596Z] [INFO] HTTP GET /health | {"method":"GET","url":"/health","statusCode":200}
[2026-05-17T16:50:26.725Z] [INFO] HTTP GET /health | {"method":"GET","url":"/health"}
[2026-05-17T16:50:26.725Z] [INFO] HTTP GET /health | {"method":"GET","url":"/health","statusCode":200}
[2026-05-17T16:50:29.919Z] [INFO] HTTP GET /health | {"method":"GET","url":"/health"}
[2026-05-17T16:50:29.920Z] [INFO] HTTP GET /health | {"method":"GET","url":"/health","statusCode":200}
[2026-05-17T16:50:29.920Z] [INFO] HTTP GET /health | {"method":"GET","url":"/health"}
[2026-05-17T16:50:29.921Z] [INFO] HTTP GET /health | {"method":"GET","url":"/health","statusCode":200,"duration":"1ms"}
[2026-05-17T16:50:57.052Z] [INFO] HTTP GET /health | {"method":"GET","url":"/health"}
[2026-05-17T16:50:57.052Z] [INFO] HTTP GET /health | {"method":"GET","url":"/health","statusCode":200}
[2026-05-17T16:51:00.235Z] [INFO] HTTP GET /health | {"method":"GET","url":"/health"}
[2026-05-17T16:51:00.235Z] [INFO] HTTP GET /health | {"method":"GET","url":"/health"}
[2026-05-17T16:51:00.235Z] [INFO] HTTP GET /health | {"method":"GET","url":"/health","statusCode":200}
[2026-05-17T16:51:00.235Z] [INFO] HTTP GET /health | {"method":"GET","url":"/health","statusCode":200}
[2026-05-17T16:51:27.364Z] [INFO] HTTP GET /health | {"method":"GET","url":"/health"}
[2026-05-17T16:51:27.364Z] [INFO] HTTP GET /health | {"method":"GET","url":"/health","statusCode":200}
[2026-05-17T16:51:30.549Z] [INFO] HTTP GET /health | {"method":"GET","url":"/health"}
[2026-05-17T16:51:30.549Z] [INFO] HTTP GET /health | {"method":"GET","url":"/health"}
[2026-05-17T16:51:30.549Z] [INFO] HTTP GET /health | {"method":"GET","url":"/health","statusCode":200}
[2026-05-17T16:51:30.550Z] [INFO] HTTP GET /health | {"method":"GET","url":"/health","statusCode":200,"duration":"1ms"}
[2026-05-17T16:51:57.539Z] [INFO] HTTP GET /health | {"method":"GET","url":"/health"}
[2026-05-17T16:51:57.540Z] [INFO] HTTP GET /health | {"method":"GET","url":"/health","statusCode":200,"duration":"1ms"}
[2026-05-17T16:52:00.722Z] [INFO] HTTP GET /health | {"method":"GET","url":"/health"}
[2026-05-17T16:52:00.722Z] [INFO] HTTP GET /health | {"method":"GET","url":"/health"}
[2026-05-17T16:52:00.723Z] [INFO] HTTP GET /health | {"method":"GET","url":"/health","statusCode":200,"duration":"1ms"}
[2026-05-17T16:52:00.723Z] [INFO] HTTP GET /health | {"method":"GET","url":"/health","statusCode":200,"duration":"1ms"}
[2026-05-17T16:52:28.591Z] [INFO] HTTP GET /health | {"method":"GET","url":"/health"}
[2026-05-17T16:52:28.591Z] [INFO] HTTP GET /health | {"method":"GET","url":"/health","statusCode":200}
[2026-05-17T16:52:31.762Z] [INFO] HTTP GET /health | {"method":"GET","url":"/health"}
[2026-05-17T16:52:31.762Z] [INFO] HTTP GET /health | {"method":"GET","url":"/health"}
[2026-05-17T16:52:31.762Z] [INFO] HTTP GET /health | {"method":"GET","url":"/health","statusCode":200}
[2026-05-17T16:52:31.762Z] [INFO] HTTP GET /health | {"method":"GET","url":"/health","statusCode":200}
[2026-05-17T16:52:59.420Z] [INFO] HTTP GET /health | {"method":"GET","url":"/health"}
[2026-05-17T16:52:59.420Z] [INFO] HTTP GET /health | {"method":"GET","url":"/health","statusCode":200}
[2026-05-17T16:53:02.618Z] [INFO] HTTP GET /health | {"method":"GET","url":"/health"}
[2026-05-17T16:53:02.618Z] [INFO] HTTP GET /health | {"method":"GET","url":"/health"}
[2026-05-17T16:53:02.618Z] [INFO] HTTP GET /health | {"method":"GET","url":"/health","statusCode":200}
[2026-05-17T16:53:02.618Z] [INFO] HTTP GET /health | {"method":"GET","url":"/health","statusCode":200}
[2026-05-17T16:53:30.415Z] [INFO] HTTP GET /health | {"method":"GET","url":"/health"}
[2026-05-17T16:53:30.415Z] [INFO] HTTP GET /health | {"method":"GET","url":"/health","statusCode":200}
[2026-05-17T16:53:33.615Z] [INFO] HTTP GET /health | {"method":"GET","url":"/health"}
[2026-05-17T16:53:33.615Z] [INFO] HTTP GET /health | {"method":"GET","url":"/health"}
[2026-05-17T16:53:33.615Z] [INFO] HTTP GET /health | {"method":"GET","url":"/health","statusCode":200,"duration":"1ms"}
[2026-05-17T16:53:33.615Z] [INFO] HTTP GET /health | {"method":"GET","url":"/health","statusCode":200}
[2026-05-17T16:54:01.106Z] [INFO] HTTP GET /health | {"method":"GET","url":"/health"}
[2026-05-17T16:54:01.106Z] [INFO] HTTP GET /health | {"method":"GET","url":"/health","statusCode":200}
[2026-05-17T16:54:04.314Z] [INFO] HTTP GET /health | {"method":"GET","url":"/health"}
[2026-05-17T16:54:04.314Z] [INFO] HTTP GET /health | {"method":"GET","url":"/health"}
[2026-05-17T16:54:04.314Z] [INFO] HTTP GET /health | {"method":"GET","url":"/health","statusCode":200}
[2026-05-17T16:54:04.314Z] [INFO] HTTP GET /health | {"method":"GET","url":"/health","statusCode":200}
[2026-05-17T16:54:40.755Z] [INFO] HTTP GET /health | {"method":"GET","url":"/health"}
[2026-05-17T16:54:40.755Z] [INFO] HTTP GET /health | {"method":"GET","url":"/health","statusCode":200}
[2026-05-17T16:54:43.976Z] [INFO] HTTP GET /health | {"method":"GET","url":"/health"}
[2026-05-17T16:54:43.976Z] [INFO] HTTP GET /health | {"method":"GET","url":"/health"}
[2026-05-17T16:54:43.976Z] [INFO] HTTP GET /health | {"method":"GET","url":"/health","statusCode":200}
[2026-05-17T16:54:43.977Z] [INFO] HTTP GET /health | {"method":"GET","url":"/health","statusCode":200}
[2026-05-17T16:55:14.453Z] [INFO] HTTP GET /health | {"method":"GET","url":"/health"}
[2026-05-17T16:55:14.453Z] [INFO] HTTP GET /health | {"method":"GET","url":"/health","statusCode":200}
[2026-05-17T16:55:17.677Z] [INFO] HTTP GET /health | {"method":"GET","url":"/health"}
[2026-05-17T16:55:17.677Z] [INFO] HTTP GET /health | {"method":"GET","url":"/health"}
[2026-05-17T16:55:17.677Z] [INFO] HTTP GET /health | {"method":"GET","url":"/health","statusCode":200}
[2026-05-17T16:55:17.677Z] [INFO] HTTP GET /health | {"method":"GET","url":"/health","statusCode":200}
[2026-05-17T16:55:57.863Z] [INFO] HTTP GET /health | {"method":"GET","url":"/health"}
[2026-05-17T16:55:57.863Z] [INFO] HTTP GET /health | {"method":"GET","url":"/health","statusCode":200}
[2026-05-17T16:56:01.071Z] [INFO] HTTP GET /health | {"method":"GET","url":"/health"}
[2026-05-17T16:56:01.071Z] [INFO] HTTP GET /health | {"method":"GET","url":"/health"}
[2026-05-17T16:56:01.071Z] [INFO] HTTP GET /health | {"method":"GET","url":"/health","statusCode":200}
[2026-05-17T16:56:01.071Z] [INFO] HTTP GET /health | {"method":"GET","url":"/health","statusCode":200}
[2026-05-17T16:57:24.608Z] [INFO] HTTP GET /health | {"method":"GET","url":"/health"}
[2026-05-17T16:57:24.608Z] [INFO] HTTP GET /health | {"method":"GET","url":"/health","statusCode":200}
[2026-05-17T16:57:27.802Z] [INFO] HTTP GET /health | {"method":"GET","url":"/health"}
[2026-05-17T16:57:27.802Z] [INFO] HTTP GET /health | {"method":"GET","url":"/health"}
[2026-05-17T16:57:27.802Z] [INFO] HTTP GET /health | {"method":"GET","url":"/health","statusCode":200}
[2026-05-17T16:57:27.802Z] [INFO] HTTP GET /health | {"method":"GET","url":"/health","statusCode":200}
[2026-05-17T16:59:13.172Z] [INFO] HTTP GET /health | {"method":"GET","url":"/health"}
[2026-05-17T16:59:13.173Z] [INFO] HTTP GET /health | {"method":"GET","url":"/health","statusCode":200,"duration":"1ms"}
[2026-05-17T16:59:16.365Z] [INFO] HTTP GET /health | {"method":"GET","url":"/health"}
[2026-05-17T16:59:16.365Z] [INFO] HTTP GET /health | {"method":"GET","url":"/health"}
[2026-05-17T16:59:16.365Z] [INFO] HTTP GET /health | {"method":"GET","url":"/health","statusCode":200}
[2026-05-17T16:59:16.365Z] [INFO] HTTP GET /health | {"method":"GET","url":"/health","statusCode":200}
[2026-05-17T17:00:52.831Z] [INFO] HTTP GET /health | {"method":"GET","url":"/health"}
[2026-05-17T17:00:52.831Z] [INFO] HTTP GET /health | {"method":"GET","url":"/health","statusCode":200,"duration":"1ms"}
[2026-05-17T17:00:56.023Z] [INFO] HTTP GET /health | {"method":"GET","url":"/health"}
[2026-05-17T17:00:56.023Z] [INFO] HTTP GET /health | {"method":"GET","url":"/health"}
[2026-05-17T17:00:56.023Z] [INFO] HTTP GET /health | {"method":"GET","url":"/health","statusCode":200}
[2026-05-17T17:00:56.023Z] [INFO] HTTP GET /health | {"method":"GET","url":"/health","statusCode":200}
[2026-05-17T17:03:17.202Z] [INFO] HTTP GET /health | {"method":"GET","url":"/health"}
[2026-05-17T17:03:17.202Z] [INFO] HTTP GET /health | {"method":"GET","url":"/health","statusCode":200}
[2026-05-17T17:03:20.384Z] [INFO] HTTP GET /health | {"method":"GET","url":"/health"}
[2026-05-17T17:03:20.384Z] [INFO] HTTP GET /health | {"method":"GET","url":"/health"}
[2026-05-17T17:03:20.385Z] [INFO] HTTP GET /health | {"method":"GET","url":"/health","statusCode":200,"duration":"1ms"}
[2026-05-17T17:03:20.385Z] [INFO] HTTP GET /health | {"method":"GET","url":"/health","statusCode":200,"duration":"1ms"}
[2026-05-17T17:04:22.072Z] [INFO] HTTP GET /health | {"method":"GET","url":"/health"}
[2026-05-17T17:04:22.072Z] [INFO] HTTP GET /health | {"method":"GET","url":"/health","statusCode":200}
[2026-05-17T17:04:25.259Z] [INFO] HTTP GET /health | {"method":"GET","url":"/health"}
[2026-05-17T17:04:25.259Z] [INFO] HTTP GET /health | {"method":"GET","url":"/health"}
[2026-05-17T17:04:25.259Z] [INFO] HTTP GET /health | {"method":"GET","url":"/health","statusCode":200}
[2026-05-17T17:04:25.260Z] [INFO] HTTP GET /health | {"method":"GET","url":"/health","statusCode":200}
[2026-05-17T17:05:26.884Z] [INFO] HTTP GET /health | {"method":"GET","url":"/health"}
[2026-05-17T17:05:26.884Z] [INFO] HTTP GET /health | {"method":"GET","url":"/health","statusCode":200}
[2026-05-17T17:05:30.058Z] [INFO] HTTP GET /health | {"method":"GET","url":"/health"}
[2026-05-17T17:05:30.058Z] [INFO] HTTP GET /health | {"method":"GET","url":"/health"}
[2026-05-17T17:05:30.058Z] [INFO] HTTP GET /health | {"method":"GET","url":"/health","statusCode":200}
[2026-05-17T17:05:30.058Z] [INFO] HTTP GET /health | {"method":"GET","url":"/health","statusCode":200}
[2026-05-17T17:07:17.989Z] [INFO] HTTP GET /health | {"method":"GET","url":"/health"}
[2026-05-17T17:07:17.990Z] [INFO] HTTP GET /health | {"method":"GET","url":"/health","statusCode":200}
[2026-05-17T17:07:21.165Z] [INFO] HTTP GET /health | {"method":"GET","url":"/health"}
[2026-05-17T17:07:21.166Z] [INFO] HTTP GET /health | {"method":"GET","url":"/health","statusCode":200,"duration":"1ms"}
[2026-05-17T17:07:21.166Z] [INFO] HTTP GET /health | {"method":"GET","url":"/health"}
[2026-05-17T17:07:21.166Z] [INFO] HTTP GET /health | {"method":"GET","url":"/health","statusCode":200}
[2026-05-17T17:08:37.777Z] [INFO] HTTP GET /health | {"method":"GET","url":"/health"}
[2026-05-17T17:08:37.777Z] [INFO] HTTP GET /health | {"method":"GET","url":"/health","statusCode":200}
[2026-05-17T17:08:40.956Z] [INFO] HTTP GET /health | {"method":"GET","url":"/health"}
[2026-05-17T17:08:40.956Z] [INFO] HTTP GET /health | {"method":"GET","url":"/health"}
[2026-05-17T17:08:40.956Z] [INFO] HTTP GET /health | {"method":"GET","url":"/health","statusCode":200}
[2026-05-17T17:08:40.957Z] [INFO] HTTP GET /health | {"method":"GET","url":"/health","statusCode":200,"duration":"1ms"}
[2026-05-17T17:12:58.665Z] [INFO] HTTP GET /health | {"method":"GET","url":"/health"}
[2026-05-17T17:12:58.665Z] [INFO] HTTP GET /health | {"method":"GET","url":"/health","statusCode":200}
[2026-05-17T17:13:01.841Z] [INFO] HTTP GET /health | {"method":"GET","url":"/health"}
[2026-05-17T17:13:01.841Z] [INFO] HTTP GET /health | {"method":"GET","url":"/health"}
[2026-05-17T17:13:01.841Z] [INFO] HTTP GET /health | {"method":"GET","url":"/health","statusCode":200}
[2026-05-17T17:13:01.841Z] [INFO] HTTP GET /health | {"method":"GET","url":"/health","statusCode":200}
[2026-05-17T17:13:51.954Z] [INFO] HTTP GET /health | {"method":"GET","url":"/health"}
[2026-05-17T17:13:51.954Z] [INFO] HTTP GET /health | {"method":"GET","url":"/health","statusCode":200}
[2026-05-17T17:13:55.138Z] [INFO] HTTP GET /health | {"method":"GET","url":"/health"}
[2026-05-17T17:13:55.139Z] [INFO] HTTP GET /health | {"method":"GET","url":"/health"}
[2026-05-17T17:13:55.139Z] [INFO] HTTP GET /health | {"method":"GET","url":"/health","statusCode":200,"duration":"1ms"}
[2026-05-17T17:13:55.139Z] [INFO] HTTP GET /health | {"method":"GET","url":"/health","statusCode":200,"duration":"1ms"}
[2026-05-17T17:14:22.067Z] [INFO] HTTP GET /health | {"method":"GET","url":"/health"}
[2026-05-17T17:14:22.067Z] [INFO] HTTP GET /health | {"method":"GET","url":"/health","statusCode":200}
[2026-05-17T17:14:25.261Z] [INFO] HTTP GET /health | {"method":"GET","url":"/health"}
[2026-05-17T17:14:25.261Z] [INFO] HTTP GET /health | {"method":"GET","url":"/health"}
[2026-05-17T17:14:25.262Z] [INFO] HTTP GET /health | {"method":"GET","url":"/health","statusCode":200,"duration":"1ms"}
[2026-05-17T17:14:25.261Z] [INFO] HTTP GET /health | {"method":"GET","url":"/health","statusCode":200}
[2026-05-17T17:16:22.337Z] [INFO] HTTP GET /health | {"method":"GET","url":"/health"}
[2026-05-17T17:16:22.337Z] [INFO] HTTP GET /health | {"method":"GET","url":"/health","statusCode":200}
[2026-05-17T17:16:25.518Z] [INFO] HTTP GET /health | {"method":"GET","url":"/health"}
[2026-05-17T17:16:25.518Z] [INFO] HTTP GET /health | {"method":"GET","url":"/health"}
[2026-05-17T17:16:25.518Z] [INFO] HTTP GET /health | {"method":"GET","url":"/health","statusCode":200}
[2026-05-17T17:16:25.518Z] [INFO] HTTP GET /health | {"method":"GET","url":"/health","statusCode":200}
[2026-05-17T17:16:52.394Z] [INFO] HTTP GET /health | {"method":"GET","url":"/health"}
[2026-05-17T17:16:52.395Z] [INFO] HTTP GET /health | {"method":"GET","url":"/health","statusCode":200,"duration":"1ms"}
[2026-05-17T17:16:55.549Z] [INFO] HTTP GET /health | {"method":"GET","url":"/health"}
[2026-05-17T17:16:55.549Z] [INFO] HTTP GET /health | {"method":"GET","url":"/health"}
[2026-05-17T17:16:55.549Z] [INFO] HTTP GET /health | {"method":"GET","url":"/health","statusCode":200}
[2026-05-17T17:16:55.549Z] [INFO] HTTP GET /health | {"method":"GET","url":"/health","statusCode":200,"duration":"1ms"}
[2026-05-17T17:26:08.058Z] [INFO] HTTP GET /health | {"method":"GET","url":"/health"}
[2026-05-17T17:26:08.058Z] [INFO] HTTP GET /health | {"method":"GET","url":"/health","statusCode":200,"duration":"1ms"}
[2026-05-17T17:26:11.204Z] [INFO] HTTP GET /health | {"method":"GET","url":"/health"}
[2026-05-17T17:26:11.204Z] [INFO] HTTP GET /health | {"method":"GET","url":"/health"}
[2026-05-17T17:26:11.204Z] [INFO] HTTP GET /health | {"method":"GET","url":"/health","statusCode":200}
[2026-05-17T17:26:11.204Z] [INFO] HTTP GET /health | {"method":"GET","url":"/health","statusCode":200}
[2026-05-17T17:27:09.853Z] [INFO] HTTP GET /health | {"method":"GET","url":"/health"}
[2026-05-17T17:27:09.853Z] [INFO] HTTP GET /health | {"method":"GET","url":"/health","statusCode":200}
[2026-05-17T17:27:12.980Z] [INFO] HTTP GET /health | {"method":"GET","url":"/health"}
[2026-05-17T17:27:12.980Z] [INFO] HTTP GET /health | {"method":"GET","url":"/health"}
[2026-05-17T17:27:12.980Z] [INFO] HTTP GET /health | {"method":"GET","url":"/health","statusCode":200}
[2026-05-17T17:27:12.981Z] [INFO] HTTP GET /health | {"method":"GET","url":"/health","statusCode":200,"duration":"1ms"}
[2026-05-17T17:28:34.125Z] [INFO] HTTP GET /health | {"method":"GET","url":"/health"}
[2026-05-17T17:28:34.125Z] [INFO] HTTP GET /health | {"method":"GET","url":"/health","statusCode":200}
[2026-05-17T17:28:37.254Z] [INFO] HTTP GET /health | {"method":"GET","url":"/health"}
[2026-05-17T17:28:37.254Z] [INFO] HTTP GET /health | {"method":"GET","url":"/health"}
[2026-05-17T17:28:37.254Z] [INFO] HTTP GET /health | {"method":"GET","url":"/health","statusCode":200}
[2026-05-17T17:28:37.254Z] [INFO] HTTP GET /health | {"method":"GET","url":"/health","statusCode":200}
[2026-05-17T17:31:10.256Z] [INFO] HTTP GET /health | {"method":"GET","url":"/health"}
[2026-05-17T17:31:10.256Z] [INFO] HTTP GET /health | {"method":"GET","url":"/health","statusCode":200}
[2026-05-17T17:31:13.375Z] [INFO] HTTP GET /health | {"method":"GET","url":"/health"}
[2026-05-17T17:31:13.375Z] [INFO] HTTP GET /health | {"method":"GET","url":"/health"}
[2026-05-17T17:31:13.375Z] [INFO] HTTP GET /health | {"method":"GET","url":"/health","statusCode":200}
[2026-05-17T17:31:13.375Z] [INFO] HTTP GET /health | {"method":"GET","url":"/health","statusCode":200}
[2026-05-17T17:32:22.510Z] [INFO] HTTP GET /health | {"method":"GET","url":"/health"}
[2026-05-17T17:32:22.511Z] [INFO] HTTP GET /health | {"method":"GET","url":"/health","statusCode":200,"duration":"1ms"}
[2026-05-17T17:32:25.620Z] [INFO] HTTP GET /health | {"method":"GET","url":"/health"}
[2026-05-17T17:32:25.621Z] [INFO] HTTP GET /health | {"method":"GET","url":"/health"}
[2026-05-17T17:32:25.621Z] [INFO] HTTP GET /health | {"method":"GET","url":"/health","statusCode":200,"duration":"1ms"}
[2026-05-17T17:32:25.621Z] [INFO] HTTP GET /health | {"method":"GET","url":"/health","statusCode":200,"duration":"1ms"}
[2026-05-17T17:34:22.266Z] [INFO] HTTP GET /health | {"method":"GET","url":"/health"}
[2026-05-17T17:34:22.266Z] [INFO] HTTP GET /health | {"method":"GET","url":"/health","statusCode":200,"duration":"1ms"}
[2026-05-17T17:34:25.363Z] [INFO] HTTP GET /health | {"method":"GET","url":"/health"}
[2026-05-17T17:34:25.364Z] [INFO] HTTP GET /health | {"method":"GET","url":"/health"}
[2026-05-17T17:34:25.363Z] [INFO] HTTP GET /health | {"method":"GET","url":"/health","statusCode":200}
[2026-05-17T17:34:25.364Z] [INFO] HTTP GET /health | {"method":"GET","url":"/health","statusCode":200,"duration":"1ms"}
[2026-05-17T17:35:34.376Z] [INFO] HTTP GET /health | {"method":"GET","url":"/health"}
[2026-05-17T17:35:34.376Z] [INFO] HTTP GET /health | {"method":"GET","url":"/health","statusCode":200}
[2026-05-17T17:35:37.467Z] [INFO] HTTP GET /health | {"method":"GET","url":"/health"}
[2026-05-17T17:35:37.467Z] [INFO] HTTP GET /health | {"method":"GET","url":"/health"}
[2026-05-17T17:35:37.467Z] [INFO] HTTP GET /health | {"method":"GET","url":"/health","statusCode":200}
[2026-05-17T17:35:37.467Z] [INFO] HTTP GET /health | {"method":"GET","url":"/health","statusCode":200}
[2026-05-17T17:38:01.618Z] [INFO] HTTP GET /health | {"method":"GET","url":"/health"}
[2026-05-17T17:38:01.618Z] [INFO] HTTP GET /health | {"method":"GET","url":"/health","statusCode":200}
[2026-05-17T17:38:04.711Z] [INFO] HTTP GET /health | {"method":"GET","url":"/health"}
[2026-05-17T17:38:04.711Z] [INFO] HTTP GET /health | {"method":"GET","url":"/health"}
[2026-05-17T17:38:04.711Z] [INFO] HTTP GET /health | {"method":"GET","url":"/health","statusCode":200}
[2026-05-17T17:38:04.712Z] [INFO] HTTP GET /health | {"method":"GET","url":"/health","statusCode":200,"duration":"1ms"}
[2026-05-17T17:38:33.899Z] [INFO] HTTP GET /health | {"method":"GET","url":"/health"}
[2026-05-17T17:38:33.899Z] [INFO] HTTP GET /health | {"method":"GET","url":"/health","statusCode":200}
[2026-05-17T17:38:36.987Z] [INFO] HTTP GET /health | {"method":"GET","url":"/health"}
[2026-05-17T17:38:36.987Z] [INFO] HTTP GET /health | {"method":"GET","url":"/health"}
[2026-05-17T17:38:36.987Z] [INFO] HTTP GET /health | {"method":"GET","url":"/health","statusCode":200}
[2026-05-17T17:38:36.987Z] [INFO] HTTP GET /health | {"method":"GET","url":"/health","statusCode":200}
[2026-05-17T17:43:39.567Z] [INFO] HTTP GET /health | {"method":"GET","url":"/health"}
[2026-05-17T17:43:39.568Z] [INFO] HTTP GET /health | {"method":"GET","url":"/health","statusCode":200,"duration":"1ms"}
[2026-05-17T17:43:42.642Z] [INFO] HTTP GET /health | {"method":"GET","url":"/health"}
[2026-05-17T17:43:42.642Z] [INFO] HTTP GET /health | {"method":"GET","url":"/health"}
[2026-05-17T17:43:42.642Z] [INFO] HTTP GET /health | {"method":"GET","url":"/health","statusCode":200}
[2026-05-17T17:43:42.643Z] [INFO] HTTP GET /health | {"method":"GET","url":"/health","statusCode":200}
[2026-05-17T17:44:10.204Z] [INFO] HTTP GET /health | {"method":"GET","url":"/health"}
[2026-05-17T17:44:10.204Z] [INFO] HTTP GET /health | {"method":"GET","url":"/health","statusCode":200}
[2026-05-17T17:44:13.285Z] [INFO] HTTP GET /health | {"method":"GET","url":"/health"}
[2026-05-17T17:44:13.285Z] [INFO] HTTP GET /health | {"method":"GET","url":"/health"}
[2026-05-17T17:44:13.285Z] [INFO] HTTP GET /health | {"method":"GET","url":"/health","statusCode":200}
[2026-05-17T17:44:13.285Z] [INFO] HTTP GET /health | {"method":"GET","url":"/health","statusCode":200}
[2026-05-17T17:44:40.500Z] [INFO] HTTP GET /health | {"method":"GET","url":"/health"}
[2026-05-17T17:44:40.500Z] [INFO] HTTP GET /health | {"method":"GET","url":"/health","statusCode":200}
[2026-05-17T17:44:43.585Z] [INFO] HTTP GET /health | {"method":"GET","url":"/health"}
[2026-05-17T17:44:43.585Z] [INFO] HTTP GET /health | {"method":"GET","url":"/health"}
[2026-05-17T17:44:43.585Z] [INFO] HTTP GET /health | {"method":"GET","url":"/health","statusCode":200}
[2026-05-17T17:44:43.585Z] [INFO] HTTP GET /health | {"method":"GET","url":"/health","statusCode":200}
[2026-05-17T17:45:10.734Z] [INFO] HTTP GET /health | {"method":"GET","url":"/health"}
[2026-05-17T17:45:10.734Z] [INFO] HTTP GET /health | {"method":"GET","url":"/health","statusCode":200}
[2026-05-17T17:45:13.827Z] [INFO] HTTP GET /health | {"method":"GET","url":"/health"}
[2026-05-17T17:45:13.827Z] [INFO] HTTP GET /health | {"method":"GET","url":"/health"}
[2026-05-17T17:45:13.827Z] [INFO] HTTP GET /health | {"method":"GET","url":"/health","statusCode":200}
[2026-05-17T17:45:13.827Z] [INFO] HTTP GET /health | {"method":"GET","url":"/health","statusCode":200}
[2026-05-17T17:45:41.126Z] [INFO] HTTP GET /health | {"method":"GET","url":"/health"}
[2026-05-17T17:45:41.126Z] [INFO] HTTP GET /health | {"method":"GET","url":"/health","statusCode":200}
[2026-05-17T17:45:44.212Z] [INFO] HTTP GET /health | {"method":"GET","url":"/health"}
[2026-05-17T17:45:44.212Z] [INFO] HTTP GET /health | {"method":"GET","url":"/health"}
[2026-05-17T17:45:44.212Z] [INFO] HTTP GET /health | {"method":"GET","url":"/health","statusCode":200}
[2026-05-17T17:45:44.213Z] [INFO] HTTP GET /health | {"method":"GET","url":"/health","statusCode":200,"duration":"1ms"}
[2026-05-17T17:46:11.393Z] [INFO] HTTP GET /health | {"method":"GET","url":"/health"}
[2026-05-17T17:46:11.393Z] [INFO] HTTP GET /health | {"method":"GET","url":"/health","statusCode":200}
[2026-05-17T17:46:14.477Z] [INFO] HTTP GET /health | {"method":"GET","url":"/health"}
[2026-05-17T17:46:14.477Z] [INFO] HTTP GET /health | {"method":"GET","url":"/health"}
[2026-05-17T17:46:14.477Z] [INFO] HTTP GET /health | {"method":"GET","url":"/health","statusCode":200}
[2026-05-17T17:46:14.477Z] [INFO] HTTP GET /health | {"method":"GET","url":"/health","statusCode":200}
[2026-05-17T17:46:41.673Z] [INFO] HTTP GET /health | {"method":"GET","url":"/health"}
[2026-05-17T17:46:41.673Z] [INFO] HTTP GET /health | {"method":"GET","url":"/health","statusCode":200}
[2026-05-17T17:46:44.738Z] [INFO] HTTP GET /health | {"method":"GET","url":"/health"}
[2026-05-17T17:46:44.739Z] [INFO] HTTP GET /health | {"method":"GET","url":"/health"}
[2026-05-17T17:46:44.738Z] [INFO] HTTP GET /health | {"method":"GET","url":"/health","statusCode":200}
[2026-05-17T17:46:44.739Z] [INFO] HTTP GET /health | {"method":"GET","url":"/health","statusCode":200}
[2026-05-17T17:47:11.938Z] [INFO] HTTP GET /health | {"method":"GET","url":"/health"}
[2026-05-17T17:47:11.939Z] [INFO] HTTP GET /health | {"method":"GET","url":"/health","statusCode":200,"duration":"1ms"}
[2026-05-17T17:47:14.990Z] [INFO] HTTP GET /health | {"method":"GET","url":"/health"}
[2026-05-17T17:47:14.991Z] [INFO] HTTP GET /health | {"method":"GET","url":"/health"}
[2026-05-17T17:47:14.990Z] [INFO] HTTP GET /health | {"method":"GET","url":"/health","statusCode":200}
[2026-05-17T17:47:14.991Z] [INFO] HTTP GET /health | {"method":"GET","url":"/health","statusCode":200,"duration":"1ms"}
[2026-05-17T17:47:43.589Z] [INFO] HTTP GET /health | {"method":"GET","url":"/health"}
[2026-05-17T17:47:43.590Z] [INFO] HTTP GET /health | {"method":"GET","url":"/health","statusCode":200}
[2026-05-17T17:47:46.633Z] [INFO] HTTP GET /health | {"method":"GET","url":"/health"}
[2026-05-17T17:47:46.633Z] [INFO] HTTP GET /health | {"method":"GET","url":"/health"}
[2026-05-17T17:47:46.633Z] [INFO] HTTP GET /health | {"method":"GET","url":"/health","statusCode":200}
[2026-05-17T17:47:46.633Z] [INFO] HTTP GET /health | {"method":"GET","url":"/health","statusCode":200}
[2026-05-17T17:48:13.938Z] [INFO] HTTP GET /health | {"method":"GET","url":"/health"}
[2026-05-17T17:48:13.939Z] [INFO] HTTP GET /health | {"method":"GET","url":"/health","statusCode":200}
[2026-05-17T17:48:16.966Z] [INFO] HTTP GET /health | {"method":"GET","url":"/health"}
[2026-05-17T17:48:16.967Z] [INFO] HTTP GET /health | {"method":"GET","url":"/health"}
[2026-05-17T17:48:16.967Z] [INFO] HTTP GET /health | {"method":"GET","url":"/health","statusCode":200}
[2026-05-17T17:48:16.967Z] [INFO] HTTP GET /health | {"method":"GET","url":"/health","statusCode":200}
[2026-05-17T17:48:44.214Z] [INFO] HTTP GET /health | {"method":"GET","url":"/health"}
[2026-05-17T17:48:44.214Z] [INFO] HTTP GET /health | {"method":"GET","url":"/health","statusCode":200}
[2026-05-17T17:48:47.240Z] [INFO] HTTP GET /health | {"method":"GET","url":"/health"}
[2026-05-17T17:48:47.240Z] [INFO] HTTP GET /health | {"method":"GET","url":"/health"}
[2026-05-17T17:48:47.240Z] [INFO] HTTP GET /health | {"method":"GET","url":"/health","statusCode":200}
[2026-05-17T17:48:47.240Z] [INFO] HTTP GET /health | {"method":"GET","url":"/health","statusCode":200}
[2026-05-17T17:49:14.536Z] [INFO] HTTP GET /health | {"method":"GET","url":"/health"}
[2026-05-17T17:49:14.536Z] [INFO] HTTP GET /health | {"method":"GET","url":"/health","statusCode":200}
[2026-05-17T17:49:17.614Z] [INFO] HTTP GET /health | {"method":"GET","url":"/health"}
[2026-05-17T17:49:17.614Z] [INFO] HTTP GET /health | {"method":"GET","url":"/health"}
[2026-05-17T17:49:17.614Z] [INFO] HTTP GET /health | {"method":"GET","url":"/health","statusCode":200,"duration":"1ms"}
[2026-05-17T17:49:17.614Z] [INFO] HTTP GET /health | {"method":"GET","url":"/health","statusCode":200}
[2026-05-17T17:49:44.805Z] [INFO] HTTP GET /health | {"method":"GET","url":"/health"}
[2026-05-17T17:49:44.805Z] [INFO] HTTP GET /health | {"method":"GET","url":"/health","statusCode":200}
[2026-05-17T17:49:47.876Z] [INFO] HTTP GET /health | {"method":"GET","url":"/health"}
[2026-05-17T17:49:47.876Z] [INFO] HTTP GET /health | {"method":"GET","url":"/health"}
[2026-05-17T17:49:47.876Z] [INFO] HTTP GET /health | {"method":"GET","url":"/health","statusCode":200}
[2026-05-17T17:49:47.876Z] [INFO] HTTP GET /health | {"method":"GET","url":"/health","statusCode":200}
[2026-05-17T17:50:15.044Z] [INFO] HTTP GET /health | {"method":"GET","url":"/health"}
[2026-05-17T17:50:15.044Z] [INFO] HTTP GET /health | {"method":"GET","url":"/health","statusCode":200}
[2026-05-17T17:50:18.113Z] [INFO] HTTP GET /health | {"method":"GET","url":"/health"}
[2026-05-17T17:50:18.113Z] [INFO] HTTP GET /health | {"method":"GET","url":"/health"}
[2026-05-17T17:50:18.113Z] [INFO] HTTP GET /health | {"method":"GET","url":"/health","statusCode":200}
[2026-05-17T17:50:18.113Z] [INFO] HTTP GET /health | {"method":"GET","url":"/health","statusCode":200}
[2026-05-17T17:50:45.413Z] [INFO] HTTP GET /health | {"method":"GET","url":"/health"}
[2026-05-17T17:50:45.413Z] [INFO] HTTP GET /health | {"method":"GET","url":"/health","statusCode":200}
[2026-05-17T17:50:48.465Z] [INFO] HTTP GET /health | {"method":"GET","url":"/health"}
[2026-05-17T17:50:48.465Z] [INFO] HTTP GET /health | {"method":"GET","url":"/health"}
[2026-05-17T17:50:48.465Z] [INFO] HTTP GET /health | {"method":"GET","url":"/health","statusCode":200}
[2026-05-17T17:50:48.466Z] [INFO] HTTP GET /health | {"method":"GET","url":"/health","statusCode":200,"duration":"1ms"}
[2026-05-17T17:51:40.382Z] [INFO] HTTP GET /health | {"method":"GET","url":"/health"}
[2026-05-17T17:51:40.382Z] [INFO] HTTP GET /health | {"method":"GET","url":"/health","statusCode":200}
[2026-05-17T17:51:43.451Z] [INFO] HTTP GET /health | {"method":"GET","url":"/health"}
[2026-05-17T17:51:43.451Z] [INFO] HTTP GET /health | {"method":"GET","url":"/health"}
[2026-05-17T17:51:43.451Z] [INFO] HTTP GET /health | {"method":"GET","url":"/health","statusCode":200}
[2026-05-17T17:51:43.451Z] [INFO] HTTP GET /health | {"method":"GET","url":"/health","statusCode":200}
[2026-05-17T17:52:32.142Z] [INFO] HTTP GET /health | {"method":"GET","url":"/health"}
[2026-05-17T17:52:32.142Z] [INFO] HTTP GET /health | {"method":"GET","url":"/health","statusCode":200}
[2026-05-17T17:52:35.222Z] [INFO] HTTP GET /health | {"method":"GET","url":"/health"}
[2026-05-17T17:52:35.222Z] [INFO] HTTP GET /health | {"method":"GET","url":"/health"}
[2026-05-17T17:52:35.223Z] [INFO] HTTP GET /health | {"method":"GET","url":"/health","statusCode":200,"duration":"1ms"}
[2026-05-17T17:52:35.223Z] [INFO] HTTP GET /health | {"method":"GET","url":"/health","statusCode":200,"duration":"1ms"}
[2026-05-17T17:56:31.418Z] [INFO] HTTP GET /health | {"method":"GET","url":"/health"}
[2026-05-17T17:56:31.418Z] [INFO] HTTP GET /health | {"method":"GET","url":"/health","statusCode":200,"duration":"1ms"}
[2026-05-17T17:56:34.489Z] [INFO] HTTP GET /health | {"method":"GET","url":"/health"}
[2026-05-17T17:56:34.489Z] [INFO] HTTP GET /health | {"method":"GET","url":"/health"}
[2026-05-17T17:56:34.489Z] [INFO] HTTP GET /health | {"method":"GET","url":"/health","statusCode":200,"duration":"1ms"}
[2026-05-17T17:56:34.489Z] [INFO] HTTP GET /health | {"method":"GET","url":"/health","statusCode":200,"duration":"1ms"}
[2026-05-17T17:57:20.287Z] [INFO] HTTP GET /health | {"method":"GET","url":"/health"}
[2026-05-17T17:57:20.288Z] [INFO] HTTP GET /health | {"method":"GET","url":"/health","statusCode":200,"duration":"1ms"}
[2026-05-17T17:57:23.349Z] [INFO] HTTP GET /health | {"method":"GET","url":"/health"}
[2026-05-17T17:57:23.349Z] [INFO] HTTP GET /health | {"method":"GET","url":"/health"}
[2026-05-17T17:57:23.350Z] [INFO] HTTP GET /health | {"method":"GET","url":"/health","statusCode":200,"duration":"1ms"}
[2026-05-17T17:57:23.350Z] [INFO] HTTP GET /health | {"method":"GET","url":"/health","statusCode":200}
[2026-05-17T17:57:50.687Z] [INFO] HTTP GET /health | {"method":"GET","url":"/health"}
[2026-05-17T17:57:50.687Z] [INFO] HTTP GET /health | {"method":"GET","url":"/health","statusCode":200}
[2026-05-17T17:57:53.743Z] [INFO] HTTP GET /health | {"method":"GET","url":"/health"}
[2026-05-17T17:57:53.744Z] [INFO] HTTP GET /health | {"method":"GET","url":"/health"}
[2026-05-17T17:57:53.744Z] [INFO] HTTP GET /health | {"method":"GET","url":"/health","statusCode":200,"duration":"1ms"}
[2026-05-17T17:57:53.744Z] [INFO] HTTP GET /health | {"method":"GET","url":"/health","statusCode":200,"duration":"1ms"}
[2026-05-17T17:58:21.179Z] [INFO] HTTP GET /health | {"method":"GET","url":"/health"}
[2026-05-17T17:58:21.179Z] [INFO] HTTP GET /health | {"method":"GET","url":"/health","statusCode":200}
[2026-05-17T17:58:24.243Z] [INFO] HTTP GET /health | {"method":"GET","url":"/health"}
[2026-05-17T17:58:24.243Z] [INFO] HTTP GET /health | {"method":"GET","url":"/health"}
[2026-05-17T17:58:24.243Z] [INFO] HTTP GET /health | {"method":"GET","url":"/health","statusCode":200}
[2026-05-17T17:58:24.243Z] [INFO] HTTP GET /health | {"method":"GET","url":"/health","statusCode":200}
[2026-05-17T17:58:51.751Z] [INFO] HTTP GET /health | {"method":"GET","url":"/health"}
[2026-05-17T17:58:51.751Z] [INFO] HTTP GET /health | {"method":"GET","url":"/health","statusCode":200}
[2026-05-17T17:58:54.807Z] [INFO] HTTP GET /health | {"method":"GET","url":"/health"}
[2026-05-17T17:58:54.807Z] [INFO] HTTP GET /health | {"method":"GET","url":"/health"}
[2026-05-17T17:58:54.807Z] [INFO] HTTP GET /health | {"method":"GET","url":"/health","statusCode":200}
[2026-05-17T17:58:54.807Z] [INFO] HTTP GET /health | {"method":"GET","url":"/health","statusCode":200}
[2026-05-17T17:59:22.023Z] [INFO] HTTP GET /health | {"method":"GET","url":"/health"}
[2026-05-17T17:59:22.023Z] [INFO] HTTP GET /health | {"method":"GET","url":"/health","statusCode":200}
[2026-05-17T17:59:25.096Z] [INFO] HTTP GET /health | {"method":"GET","url":"/health"}
[2026-05-17T17:59:25.096Z] [INFO] HTTP GET /health | {"method":"GET","url":"/health"}
[2026-05-17T17:59:25.096Z] [INFO] HTTP GET /health | {"method":"GET","url":"/health","statusCode":200}
[2026-05-17T17:59:25.096Z] [INFO] HTTP GET /health | {"method":"GET","url":"/health","statusCode":200}
[2026-05-17T17:59:52.253Z] [INFO] HTTP GET /health | {"method":"GET","url":"/health"}
[2026-05-17T17:59:52.253Z] [INFO] HTTP GET /health | {"method":"GET","url":"/health","statusCode":200,"duration":"1ms"}
[2026-05-17T17:59:55.339Z] [INFO] HTTP GET /health | {"method":"GET","url":"/health"}
[2026-05-17T17:59:55.340Z] [INFO] HTTP GET /health | {"method":"GET","url":"/health"}
[2026-05-17T17:59:55.340Z] [INFO] HTTP GET /health | {"method":"GET","url":"/health","statusCode":200}
[2026-05-17T17:59:55.340Z] [INFO] HTTP GET /health | {"method":"GET","url":"/health","statusCode":200}
[2026-05-17T18:00:22.770Z] [INFO] HTTP GET /health | {"method":"GET","url":"/health"}
[2026-05-17T18:00:22.770Z] [INFO] HTTP GET /health | {"method":"GET","url":"/health","statusCode":200}
[2026-05-17T18:00:25.858Z] [INFO] HTTP GET /health | {"method":"GET","url":"/health"}
[2026-05-17T18:00:25.858Z] [INFO] HTTP GET /health | {"method":"GET","url":"/health","statusCode":200}
[2026-05-17T18:00:25.859Z] [INFO] HTTP GET /health | {"method":"GET","url":"/health"}
[2026-05-17T18:00:25.859Z] [INFO] HTTP GET /health | {"method":"GET","url":"/health","statusCode":200}
[2026-05-17T18:00:53.060Z] [INFO] HTTP GET /health | {"method":"GET","url":"/health"}
[2026-05-17T18:00:53.060Z] [INFO] HTTP GET /health | {"method":"GET","url":"/health","statusCode":200,"duration":"1ms"}
[2026-05-17T18:00:56.139Z] [INFO] HTTP GET /health | {"method":"GET","url":"/health"}
[2026-05-17T18:00:56.139Z] [INFO] HTTP GET /health | {"method":"GET","url":"/health"}
[2026-05-17T18:00:56.139Z] [INFO] HTTP GET /health | {"method":"GET","url":"/health","statusCode":200}
[2026-05-17T18:00:56.139Z] [INFO] HTTP GET /health | {"method":"GET","url":"/health","statusCode":200}
[2026-05-17T18:01:50.800Z] [INFO] HTTP GET /health | {"method":"GET","url":"/health"}
[2026-05-17T18:01:50.800Z] [INFO] HTTP GET /health | {"method":"GET","url":"/health","statusCode":200,"duration":"1ms"}
[2026-05-17T18:01:53.871Z] [INFO] HTTP GET /health | {"method":"GET","url":"/health"}
[2026-05-17T18:01:53.871Z] [INFO] HTTP GET /health | {"method":"GET","url":"/health"}
[2026-05-17T18:01:53.871Z] [INFO] HTTP GET /health | {"method":"GET","url":"/health","statusCode":200}
[2026-05-17T18:01:53.871Z] [INFO] HTTP GET /health | {"method":"GET","url":"/health","statusCode":200}
[2026-05-17T18:02:21.027Z] [INFO] HTTP GET /health | {"method":"GET","url":"/health"}
[2026-05-17T18:02:21.027Z] [INFO] HTTP GET /health | {"method":"GET","url":"/health","statusCode":200}
[2026-05-17T18:02:24.094Z] [INFO] HTTP GET /health | {"method":"GET","url":"/health"}
[2026-05-17T18:02:24.094Z] [INFO] HTTP GET /health | {"method":"GET","url":"/health"}
[2026-05-17T18:02:24.094Z] [INFO] HTTP GET /health | {"method":"GET","url":"/health","statusCode":200}
[2026-05-17T18:02:24.094Z] [INFO] HTTP GET /health | {"method":"GET","url":"/health","statusCode":200}
[2026-05-17T18:02:51.281Z] [INFO] HTTP GET /health | {"method":"GET","url":"/health"}
[2026-05-17T18:02:51.282Z] [INFO] HTTP GET /health | {"method":"GET","url":"/health","statusCode":200,"duration":"1ms"}
[2026-05-17T18:02:54.338Z] [INFO] HTTP GET /health | {"method":"GET","url":"/health"}
[2026-05-17T18:02:54.338Z] [INFO] HTTP GET /health | {"method":"GET","url":"/health"}
[2026-05-17T18:02:54.339Z] [INFO] HTTP GET /health | {"method":"GET","url":"/health","statusCode":200}
[2026-05-17T18:02:54.338Z] [INFO] HTTP GET /health | {"method":"GET","url":"/health","statusCode":200}
[2026-05-17T18:03:21.565Z] [INFO] HTTP GET /health | {"method":"GET","url":"/health"}
[2026-05-17T18:03:21.565Z] [INFO] HTTP GET /health | {"method":"GET","url":"/health","statusCode":200}
[2026-05-17T18:03:24.667Z] [INFO] HTTP GET /health | {"method":"GET","url":"/health"}
[2026-05-17T18:03:24.667Z] [INFO] HTTP GET /health | {"method":"GET","url":"/health"}
[2026-05-17T18:03:24.668Z] [INFO] HTTP GET /health | {"method":"GET","url":"/health","statusCode":200,"duration":"1ms"}
[2026-05-17T18:03:24.668Z] [INFO] HTTP GET /health | {"method":"GET","url":"/health","statusCode":200,"duration":"1ms"}
[2026-05-17T18:03:51.834Z] [INFO] HTTP GET /health | {"method":"GET","url":"/health"}
[2026-05-17T18:03:51.835Z] [INFO] HTTP GET /health | {"method":"GET","url":"/health","statusCode":200,"duration":"1ms"}
[2026-05-17T18:03:54.941Z] [INFO] HTTP GET /health | {"method":"GET","url":"/health"}
[2026-05-17T18:03:54.941Z] [INFO] HTTP GET /health | {"method":"GET","url":"/health","statusCode":200}
[2026-05-17T18:03:54.942Z] [INFO] HTTP GET /health | {"method":"GET","url":"/health"}
[2026-05-17T18:03:54.942Z] [INFO] HTTP GET /health | {"method":"GET","url":"/health","statusCode":200}
[2026-05-17T18:04:22.075Z] [INFO] HTTP GET /health | {"method":"GET","url":"/health"}
[2026-05-17T18:04:22.075Z] [INFO] HTTP GET /health | {"method":"GET","url":"/health","statusCode":200}
[2026-05-17T18:04:25.188Z] [INFO] HTTP GET /health | {"method":"GET","url":"/health"}
[2026-05-17T18:04:25.189Z] [INFO] HTTP GET /health | {"method":"GET","url":"/health"}
[2026-05-17T18:04:25.189Z] [INFO] HTTP GET /health | {"method":"GET","url":"/health","statusCode":200}
[2026-05-17T18:04:25.189Z] [INFO] HTTP GET /health | {"method":"GET","url":"/health","statusCode":200,"duration":"1ms"}
[2026-05-17T18:04:52.353Z] [INFO] HTTP GET /health | {"method":"GET","url":"/health"}
[2026-05-17T18:04:52.353Z] [INFO] HTTP GET /health | {"method":"GET","url":"/health","statusCode":200}
[2026-05-17T18:04:55.467Z] [INFO] HTTP GET /health | {"method":"GET","url":"/health"}
[2026-05-17T18:04:55.468Z] [INFO] HTTP GET /health | {"method":"GET","url":"/health"}
[2026-05-17T18:04:55.468Z] [INFO] HTTP GET /health | {"method":"GET","url":"/health","statusCode":200,"duration":"1ms"}
[2026-05-17T18:04:55.468Z] [INFO] HTTP GET /health | {"method":"GET","url":"/health","statusCode":200}
[2026-05-17T18:05:22.685Z] [INFO] HTTP GET /health | {"method":"GET","url":"/health"}
[2026-05-17T18:05:22.685Z] [INFO] HTTP GET /health | {"method":"GET","url":"/health","statusCode":200}
[2026-05-17T18:05:25.780Z] [INFO] HTTP GET /health | {"method":"GET","url":"/health"}
[2026-05-17T18:05:25.780Z] [INFO] HTTP GET /health | {"method":"GET","url":"/health"}
[2026-05-17T18:05:25.780Z] [INFO] HTTP GET /health | {"method":"GET","url":"/health","statusCode":200}
[2026-05-17T18:05:25.781Z] [INFO] HTTP GET /health | {"method":"GET","url":"/health","statusCode":200,"duration":"1ms"}
[2026-05-17T18:05:52.946Z] [INFO] HTTP GET /health | {"method":"GET","url":"/health"}
[2026-05-17T18:05:52.946Z] [INFO] HTTP GET /health | {"method":"GET","url":"/health","statusCode":200}
[2026-05-17T18:05:56.044Z] [INFO] HTTP GET /health | {"method":"GET","url":"/health"}
[2026-05-17T18:05:56.044Z] [INFO] HTTP GET /health | {"method":"GET","url":"/health"}
[2026-05-17T18:05:56.044Z] [INFO] HTTP GET /health | {"method":"GET","url":"/health","statusCode":200}
[2026-05-17T18:05:56.044Z] [INFO] HTTP GET /health | {"method":"GET","url":"/health","statusCode":200}
[2026-05-17T18:06:23.211Z] [INFO] HTTP GET /health | {"method":"GET","url":"/health"}
[2026-05-17T18:06:23.211Z] [INFO] HTTP GET /health | {"method":"GET","url":"/health","statusCode":200}
[2026-05-17T18:06:26.311Z] [INFO] HTTP GET /health | {"method":"GET","url":"/health"}
[2026-05-17T18:06:26.311Z] [INFO] HTTP GET /health | {"method":"GET","url":"/health"}
[2026-05-17T18:06:26.311Z] [INFO] HTTP GET /health | {"method":"GET","url":"/health","statusCode":200}
[2026-05-17T18:06:26.311Z] [INFO] HTTP GET /health | {"method":"GET","url":"/health","statusCode":200}
[2026-05-17T18:06:53.544Z] [INFO] HTTP GET /health | {"method":"GET","url":"/health"}
[2026-05-17T18:06:53.544Z] [INFO] HTTP GET /health | {"method":"GET","url":"/health","statusCode":200,"duration":"1ms"}
[2026-05-17T18:06:56.634Z] [INFO] HTTP GET /health | {"method":"GET","url":"/health"}
[2026-05-17T18:06:56.634Z] [INFO] HTTP GET /health | {"method":"GET","url":"/health"}
[2026-05-17T18:06:56.634Z] [INFO] HTTP GET /health | {"method":"GET","url":"/health","statusCode":200}
[2026-05-17T18:06:56.634Z] [INFO] HTTP GET /health | {"method":"GET","url":"/health","statusCode":200}
[2026-05-17T18:07:23.899Z] [INFO] HTTP GET /health | {"method":"GET","url":"/health"}
[2026-05-17T18:07:23.899Z] [INFO] HTTP GET /health | {"method":"GET","url":"/health","statusCode":200}
[2026-05-17T18:07:26.999Z] [INFO] HTTP GET /health | {"method":"GET","url":"/health"}
[2026-05-17T18:07:26.999Z] [INFO] HTTP GET /health | {"method":"GET","url":"/health"}
[2026-05-17T18:07:26.999Z] [INFO] HTTP GET /health | {"method":"GET","url":"/health","statusCode":200}
[2026-05-17T18:07:26.999Z] [INFO] HTTP GET /health | {"method":"GET","url":"/health","statusCode":200}
[2026-05-17T18:07:54.200Z] [INFO] HTTP GET /health | {"method":"GET","url":"/health"}
[2026-05-17T18:07:54.200Z] [INFO] HTTP GET /health | {"method":"GET","url":"/health","statusCode":200}
[2026-05-17T18:07:57.296Z] [INFO] HTTP GET /health | {"method":"GET","url":"/health"}
[2026-05-17T18:07:57.296Z] [INFO] HTTP GET /health | {"method":"GET","url":"/health"}
[2026-05-17T18:07:57.296Z] [INFO] HTTP GET /health | {"method":"GET","url":"/health","statusCode":200,"duration":"1ms"}
[2026-05-17T18:07:57.296Z] [INFO] HTTP GET /health | {"method":"GET","url":"/health","statusCode":200}
[2026-05-17T18:08:24.454Z] [INFO] HTTP GET /health | {"method":"GET","url":"/health"}
[2026-05-17T18:08:24.454Z] [INFO] HTTP GET /health | {"method":"GET","url":"/health","statusCode":200}
[2026-05-17T18:08:27.548Z] [INFO] HTTP GET /health | {"method":"GET","url":"/health"}
[2026-05-17T18:08:27.548Z] [INFO] HTTP GET /health | {"method":"GET","url":"/health"}
[2026-05-17T18:08:27.548Z] [INFO] HTTP GET /health | {"method":"GET","url":"/health","statusCode":200}
[2026-05-17T18:08:27.548Z] [INFO] HTTP GET /health | {"method":"GET","url":"/health","statusCode":200}
[2026-05-17T18:08:54.894Z] [INFO] HTTP GET /health | {"method":"GET","url":"/health"}
[2026-05-17T18:08:54.894Z] [INFO] HTTP GET /health | {"method":"GET","url":"/health","statusCode":200}
[2026-05-17T18:08:57.983Z] [INFO] HTTP GET /health | {"method":"GET","url":"/health"}
[2026-05-17T18:08:57.984Z] [INFO] HTTP GET /health | {"method":"GET","url":"/health","statusCode":200,"duration":"1ms"}
[2026-05-17T18:08:57.984Z] [INFO] HTTP GET /health | {"method":"GET","url":"/health"}
[2026-05-17T18:08:57.984Z] [INFO] HTTP GET /health | {"method":"GET","url":"/health","statusCode":200}
[2026-05-17T18:09:25.128Z] [INFO] HTTP GET /health | {"method":"GET","url":"/health"}
[2026-05-17T18:09:25.128Z] [INFO] HTTP GET /health | {"method":"GET","url":"/health","statusCode":200,"duration":"1ms"}
[2026-05-17T18:09:28.310Z] [INFO] HTTP GET /health | {"method":"GET","url":"/health"}
[2026-05-17T18:09:28.311Z] [INFO] HTTP GET /health | {"method":"GET","url":"/health"}
[2026-05-17T18:09:28.311Z] [INFO] HTTP GET /health | {"method":"GET","url":"/health","statusCode":200}
[2026-05-17T18:09:28.311Z] [INFO] HTTP GET /health | {"method":"GET","url":"/health","statusCode":200}
[2026-05-17T18:09:55.405Z] [INFO] HTTP GET /health | {"method":"GET","url":"/health"}
[2026-05-17T18:09:55.405Z] [INFO] HTTP GET /health | {"method":"GET","url":"/health","statusCode":200}
[2026-05-17T18:09:58.601Z] [INFO] HTTP GET /health | {"method":"GET","url":"/health"}
[2026-05-17T18:09:58.601Z] [INFO] HTTP GET /health | {"method":"GET","url":"/health"}
[2026-05-17T18:09:58.601Z] [INFO] HTTP GET /health | {"method":"GET","url":"/health","statusCode":200,"duration":"1ms"}
[2026-05-17T18:09:58.601Z] [INFO] HTTP GET /health | {"method":"GET","url":"/health","statusCode":200}
[2026-05-17T18:10:25.767Z] [INFO] HTTP GET /health | {"method":"GET","url":"/health"}
[2026-05-17T18:10:25.767Z] [INFO] HTTP GET /health | {"method":"GET","url":"/health","statusCode":200}
[2026-05-17T18:10:28.978Z] [INFO] HTTP GET /health | {"method":"GET","url":"/health"}
[2026-05-17T18:10:28.978Z] [INFO] HTTP GET /health | {"method":"GET","url":"/health"}
[2026-05-17T18:10:28.978Z] [INFO] HTTP GET /health | {"method":"GET","url":"/health","statusCode":200,"duration":"1ms"}
[2026-05-17T18:10:28.978Z] [INFO] HTTP GET /health | {"method":"GET","url":"/health","statusCode":200}
[2026-05-17T18:10:56.024Z] [INFO] HTTP GET /health | {"method":"GET","url":"/health"}
[2026-05-17T18:10:56.024Z] [INFO] HTTP GET /health | {"method":"GET","url":"/health","statusCode":200}
[2026-05-17T18:10:59.222Z] [INFO] HTTP GET /health | {"method":"GET","url":"/health"}
[2026-05-17T18:10:59.222Z] [INFO] HTTP GET /health | {"method":"GET","url":"/health"}
[2026-05-17T18:10:59.222Z] [INFO] HTTP GET /health | {"method":"GET","url":"/health","statusCode":200}
[2026-05-17T18:10:59.222Z] [INFO] HTTP GET /health | {"method":"GET","url":"/health","statusCode":200}
[2026-05-17T18:11:26.256Z] [INFO] HTTP GET /health | {"method":"GET","url":"/health"}
[2026-05-17T18:11:26.256Z] [INFO] HTTP GET /health | {"method":"GET","url":"/health","statusCode":200}
[2026-05-17T18:11:29.463Z] [INFO] HTTP GET /health | {"method":"GET","url":"/health"}
[2026-05-17T18:11:29.463Z] [INFO] HTTP GET /health | {"method":"GET","url":"/health"}
[2026-05-17T18:11:29.464Z] [INFO] HTTP GET /health | {"method":"GET","url":"/health","statusCode":200,"duration":"1ms"}
[2026-05-17T18:11:29.464Z] [INFO] HTTP GET /health | {"method":"GET","url":"/health","statusCode":200}
[2026-05-17T18:11:56.600Z] [INFO] HTTP GET /health | {"method":"GET","url":"/health"}
[2026-05-17T18:11:56.600Z] [INFO] HTTP GET /health | {"method":"GET","url":"/health","statusCode":200}
[2026-05-17T18:11:59.803Z] [INFO] HTTP GET /health | {"method":"GET","url":"/health"}
[2026-05-17T18:11:59.803Z] [INFO] HTTP GET /health | {"method":"GET","url":"/health"}
[2026-05-17T18:11:59.803Z] [INFO] HTTP GET /health | {"method":"GET","url":"/health","statusCode":200}
[2026-05-17T18:11:59.803Z] [INFO] HTTP GET /health | {"method":"GET","url":"/health","statusCode":200}
[2026-05-17T18:12:26.778Z] [INFO] HTTP GET /health | {"method":"GET","url":"/health"}
[2026-05-17T18:12:26.779Z] [INFO] HTTP GET /health | {"method":"GET","url":"/health","statusCode":200,"duration":"1ms"}
[2026-05-17T18:12:29.959Z] [INFO] HTTP GET /health | {"method":"GET","url":"/health"}
[2026-05-17T18:12:29.959Z] [INFO] HTTP GET /health | {"method":"GET","url":"/health"}
[2026-05-17T18:12:29.959Z] [INFO] HTTP GET /health | {"method":"GET","url":"/health","statusCode":200}
[2026-05-17T18:12:29.959Z] [INFO] HTTP GET /health | {"method":"GET","url":"/health","statusCode":200}
[2026-05-17T18:12:56.946Z] [INFO] HTTP GET /health | {"method":"GET","url":"/health"}
[2026-05-17T18:12:56.946Z] [INFO] HTTP GET /health | {"method":"GET","url":"/health","statusCode":200}
[2026-05-17T18:13:00.134Z] [INFO] HTTP GET /health | {"method":"GET","url":"/health"}
[2026-05-17T18:13:00.134Z] [INFO] HTTP GET /health | {"method":"GET","url":"/health"}
[2026-05-17T18:13:00.134Z] [INFO] HTTP GET /health | {"method":"GET","url":"/health","statusCode":200}
[2026-05-17T18:13:00.134Z] [INFO] HTTP GET /health | {"method":"GET","url":"/health","statusCode":200}
[2026-05-17T18:13:27.095Z] [INFO] HTTP GET /health | {"method":"GET","url":"/health"}
[2026-05-17T18:13:27.095Z] [INFO] HTTP GET /health | {"method":"GET","url":"/health","statusCode":200}
[2026-05-17T18:13:30.281Z] [INFO] HTTP GET /health | {"method":"GET","url":"/health"}
[2026-05-17T18:13:30.281Z] [INFO] HTTP GET /health | {"method":"GET","url":"/health"}
[2026-05-17T18:13:30.281Z] [INFO] HTTP GET /health | {"method":"GET","url":"/health","statusCode":200}
[2026-05-17T18:13:30.281Z] [INFO] HTTP GET /health | {"method":"GET","url":"/health","statusCode":200}
[2026-05-17T18:13:57.341Z] [INFO] HTTP GET /health | {"method":"GET","url":"/health"}
[2026-05-17T18:13:57.341Z] [INFO] HTTP GET /health | {"method":"GET","url":"/health","statusCode":200}
[2026-05-17T18:14:00.531Z] [INFO] HTTP GET /health | {"method":"GET","url":"/health"}
[2026-05-17T18:14:00.531Z] [INFO] HTTP GET /health | {"method":"GET","url":"/health"}
[2026-05-17T18:14:00.532Z] [INFO] HTTP GET /health | {"method":"GET","url":"/health","statusCode":200,"duration":"1ms"}
[2026-05-17T18:14:00.532Z] [INFO] HTTP GET /health | {"method":"GET","url":"/health","statusCode":200,"duration":"1ms"}
[2026-05-17T18:14:27.551Z] [INFO] HTTP GET /health | {"method":"GET","url":"/health"}
[2026-05-17T18:14:27.551Z] [INFO] HTTP GET /health | {"method":"GET","url":"/health","statusCode":200}
[2026-05-17T18:14:30.757Z] [INFO] HTTP GET /health | {"method":"GET","url":"/health"}
[2026-05-17T18:14:30.757Z] [INFO] HTTP GET /health | {"method":"GET","url":"/health"}
[2026-05-17T18:14:30.757Z] [INFO] HTTP GET /health | {"method":"GET","url":"/health","statusCode":200}
[2026-05-17T18:14:30.758Z] [INFO] HTTP GET /health | {"method":"GET","url":"/health","statusCode":200,"duration":"1ms"}
[2026-05-17T18:14:57.952Z] [INFO] HTTP GET /health | {"method":"GET","url":"/health"}
[2026-05-17T18:14:57.952Z] [INFO] HTTP GET /health | {"method":"GET","url":"/health","statusCode":200}
[2026-05-17T18:15:01.149Z] [INFO] HTTP GET /health | {"method":"GET","url":"/health"}
[2026-05-17T18:15:01.149Z] [INFO] HTTP GET /health | {"method":"GET","url":"/health"}
[2026-05-17T18:15:01.149Z] [INFO] HTTP GET /health | {"method":"GET","url":"/health","statusCode":200}
[2026-05-17T18:15:01.149Z] [INFO] HTTP GET /health | {"method":"GET","url":"/health","statusCode":200}
[2026-05-17T18:15:28.219Z] [INFO] HTTP GET /health | {"method":"GET","url":"/health"}
[2026-05-17T18:15:28.219Z] [INFO] HTTP GET /health | {"method":"GET","url":"/health","statusCode":200}
[2026-05-17T18:15:31.414Z] [INFO] HTTP GET /health | {"method":"GET","url":"/health"}
[2026-05-17T18:15:31.414Z] [INFO] HTTP GET /health | {"method":"GET","url":"/health"}
[2026-05-17T18:15:31.414Z] [INFO] HTTP GET /health | {"method":"GET","url":"/health","statusCode":200}
[2026-05-17T18:15:31.414Z] [INFO] HTTP GET /health | {"method":"GET","url":"/health","statusCode":200}
[2026-05-17T18:15:58.907Z] [INFO] HTTP GET /health | {"method":"GET","url":"/health"}
[2026-05-17T18:15:58.907Z] [INFO] HTTP GET /health | {"method":"GET","url":"/health","statusCode":200}
[2026-05-17T18:16:02.101Z] [INFO] HTTP GET /health | {"method":"GET","url":"/health"}
[2026-05-17T18:16:02.101Z] [INFO] HTTP GET /health | {"method":"GET","url":"/health"}
[2026-05-17T18:16:02.101Z] [INFO] HTTP GET /health | {"method":"GET","url":"/health","statusCode":200}
[2026-05-17T18:16:02.101Z] [INFO] HTTP GET /health | {"method":"GET","url":"/health","statusCode":200}
[2026-05-17T18:16:29.177Z] [INFO] HTTP GET /health | {"method":"GET","url":"/health"}
[2026-05-17T18:16:29.178Z] [INFO] HTTP GET /health | {"method":"GET","url":"/health","statusCode":200,"duration":"1ms"}
[2026-05-17T18:16:32.389Z] [INFO] HTTP GET /health | {"method":"GET","url":"/health"}
[2026-05-17T18:16:32.389Z] [INFO] HTTP GET /health | {"method":"GET","url":"/health"}
[2026-05-17T18:16:32.389Z] [INFO] HTTP GET /health | {"method":"GET","url":"/health","statusCode":200}
[2026-05-17T18:16:32.389Z] [INFO] HTTP GET /health | {"method":"GET","url":"/health","statusCode":200}
[2026-05-17T18:16:59.434Z] [INFO] HTTP GET /health | {"method":"GET","url":"/health"}
[2026-05-17T18:16:59.434Z] [INFO] HTTP GET /health | {"method":"GET","url":"/health","statusCode":200}
[2026-05-17T18:17:02.657Z] [INFO] HTTP GET /health | {"method":"GET","url":"/health"}
[2026-05-17T18:17:02.657Z] [INFO] HTTP GET /health | {"method":"GET","url":"/health"}
[2026-05-17T18:17:02.657Z] [INFO] HTTP GET /health | {"method":"GET","url":"/health","statusCode":200}
[2026-05-17T18:17:02.657Z] [INFO] HTTP GET /health | {"method":"GET","url":"/health","statusCode":200}
[2026-05-17T18:17:03.336Z] [WARN] Critical project detected | {"projectId":"69f726d86dac1655e72089b2","projectName":"DC3 Migration","status":"critical","issues":["2 milestones are overdue"],"overdueMilestones":2,"totalMilestones":10,"completionRate":20}
[2026-05-17T18:17:03.336Z] [INFO] Monitoring report generated | {"totalProjects":1,"critical":1,"warning":0,"healthy":0}
[2026-05-17T18:17:03.336Z] [ERROR] Critical projects detected! | {"count":1,"projects":[{"name":"DC3 Migration","issues":["2 milestones are overdue"]}]}
[2026-05-17T18:17:30.647Z] [INFO] HTTP GET /health | {"method":"GET","url":"/health"}
[2026-05-17T18:17:30.647Z] [INFO] HTTP GET /health | {"method":"GET","url":"/health","statusCode":200}
[2026-05-17T18:17:33.873Z] [INFO] HTTP GET /health | {"method":"GET","url":"/health"}
[2026-05-17T18:17:33.873Z] [INFO] HTTP GET /health | {"method":"GET","url":"/health","statusCode":200}
[2026-05-17T18:17:33.874Z] [INFO] HTTP GET /health | {"method":"GET","url":"/health"}
[2026-05-17T18:17:33.874Z] [INFO] HTTP GET /health | {"method":"GET","url":"/health","statusCode":200}
[2026-05-17T18:18:01.357Z] [INFO] HTTP GET /health | {"method":"GET","url":"/health"}
[2026-05-17T18:18:01.358Z] [INFO] HTTP GET /health | {"method":"GET","url":"/health","statusCode":200}
[2026-05-17T18:18:04.579Z] [INFO] HTTP GET /health | {"method":"GET","url":"/health"}
[2026-05-17T18:18:04.580Z] [INFO] HTTP GET /health | {"method":"GET","url":"/health"}
[2026-05-17T18:18:04.580Z] [INFO] HTTP GET /health | {"method":"GET","url":"/health","statusCode":200,"duration":"1ms"}
[2026-05-17T18:18:04.580Z] [INFO] HTTP GET /health | {"method":"GET","url":"/health","statusCode":200}
[2026-05-17T18:18:31.733Z] [INFO] HTTP GET /health | {"method":"GET","url":"/health"}
[2026-05-17T18:18:31.733Z] [INFO] HTTP GET /health | {"method":"GET","url":"/health","statusCode":200}
[2026-05-17T18:18:34.963Z] [INFO] HTTP GET /health | {"method":"GET","url":"/health"}
[2026-05-17T18:18:34.963Z] [INFO] HTTP GET /health | {"method":"GET","url":"/health"}
[2026-05-17T18:18:34.963Z] [INFO] HTTP GET /health | {"method":"GET","url":"/health","statusCode":200,"duration":"1ms"}
[2026-05-17T18:18:34.963Z] [INFO] HTTP GET /health | {"method":"GET","url":"/health","statusCode":200}
[2026-05-17T18:19:02.043Z] [INFO] HTTP GET /health | {"method":"GET","url":"/health"}
[2026-05-17T18:19:02.043Z] [INFO] HTTP GET /health | {"method":"GET","url":"/health","statusCode":200,"duration":"1ms"}
[2026-05-17T18:19:05.258Z] [INFO] HTTP GET /health | {"method":"GET","url":"/health"}
[2026-05-17T18:19:05.258Z] [INFO] HTTP GET /health | {"method":"GET","url":"/health"}
[2026-05-17T18:19:05.258Z] [INFO] HTTP GET /health | {"method":"GET","url":"/health","statusCode":200}
[2026-05-17T18:19:05.258Z] [INFO] HTTP GET /health | {"method":"GET","url":"/health","statusCode":200}
[2026-05-17T18:19:32.300Z] [INFO] HTTP GET /health | {"method":"GET","url":"/health"}
[2026-05-17T18:19:32.300Z] [INFO] HTTP GET /health | {"method":"GET","url":"/health","statusCode":200}
[2026-05-17T18:19:35.506Z] [INFO] HTTP GET /health | {"method":"GET","url":"/health"}
[2026-05-17T18:19:35.506Z] [INFO] HTTP GET /health | {"method":"GET","url":"/health"}
[2026-05-17T18:19:35.506Z] [INFO] HTTP GET /health | {"method":"GET","url":"/health","statusCode":200}
[2026-05-17T18:19:35.506Z] [INFO] HTTP GET /health | {"method":"GET","url":"/health","statusCode":200}
[2026-05-17T18:20:02.591Z] [INFO] HTTP GET /health | {"method":"GET","url":"/health"}
[2026-05-17T18:20:02.591Z] [INFO] HTTP GET /health | {"method":"GET","url":"/health","statusCode":200,"duration":"1ms"}
[2026-05-17T18:20:05.788Z] [INFO] HTTP GET /health | {"method":"GET","url":"/health"}
[2026-05-17T18:20:05.788Z] [INFO] HTTP GET /health | {"method":"GET","url":"/health"}
[2026-05-17T18:20:05.788Z] [INFO] HTTP GET /health | {"method":"GET","url":"/health","statusCode":200}
[2026-05-17T18:20:05.788Z] [INFO] HTTP GET /health | {"method":"GET","url":"/health","statusCode":200}
[2026-05-17T18:20:32.920Z] [INFO] HTTP GET /health | {"method":"GET","url":"/health"}
[2026-05-17T18:20:32.920Z] [INFO] HTTP GET /health | {"method":"GET","url":"/health","statusCode":200}
[2026-05-17T18:20:36.106Z] [INFO] HTTP GET /health | {"method":"GET","url":"/health"}
[2026-05-17T18:20:36.106Z] [INFO] HTTP GET /health | {"method":"GET","url":"/health","statusCode":200}
[2026-05-17T18:20:36.107Z] [INFO] HTTP GET /health | {"method":"GET","url":"/health"}
[2026-05-17T18:20:36.107Z] [INFO] HTTP GET /health | {"method":"GET","url":"/health","statusCode":200,"duration":"1ms"}
[2026-05-17T18:21:03.222Z] [INFO] HTTP GET /health | {"method":"GET","url":"/health"}
[2026-05-17T18:21:03.222Z] [INFO] HTTP GET /health | {"method":"GET","url":"/health","statusCode":200}
[2026-05-17T18:21:06.409Z] [INFO] HTTP GET /health | {"method":"GET","url":"/health"}
[2026-05-17T18:21:06.409Z] [INFO] HTTP GET /health | {"method":"GET","url":"/health"}
[2026-05-17T18:21:06.409Z] [INFO] HTTP GET /health | {"method":"GET","url":"/health","statusCode":200}
[2026-05-17T18:21:06.409Z] [INFO] HTTP GET /health | {"method":"GET","url":"/health","statusCode":200}
[2026-05-17T18:21:33.544Z] [INFO] HTTP GET /health | {"method":"GET","url":"/health"}
[2026-05-17T18:21:33.544Z] [INFO] HTTP GET /health | {"method":"GET","url":"/health","statusCode":200}
[2026-05-17T18:21:36.726Z] [INFO] HTTP GET /health | {"method":"GET","url":"/health"}
[2026-05-17T18:21:36.726Z] [INFO] HTTP GET /health | {"method":"GET","url":"/health"}
[2026-05-17T18:21:36.726Z] [INFO] HTTP GET /health | {"method":"GET","url":"/health","statusCode":200}
[2026-05-17T18:21:36.726Z] [INFO] HTTP GET /health | {"method":"GET","url":"/health","statusCode":200}
[2026-05-17T18:22:03.829Z] [INFO] HTTP GET /health | {"method":"GET","url":"/health"}
[2026-05-17T18:22:03.829Z] [INFO] HTTP GET /health | {"method":"GET","url":"/health","statusCode":200}
[2026-05-17T18:22:07.019Z] [INFO] HTTP GET /health | {"method":"GET","url":"/health"}
[2026-05-17T18:22:07.019Z] [INFO] HTTP GET /health | {"method":"GET","url":"/health"}
[2026-05-17T18:22:07.019Z] [INFO] HTTP GET /health | {"method":"GET","url":"/health","statusCode":200}
[2026-05-17T18:22:07.019Z] [INFO] HTTP GET /health | {"method":"GET","url":"/health","statusCode":200}
[2026-05-17T18:22:34.136Z] [INFO] HTTP GET /health | {"method":"GET","url":"/health"}
[2026-05-17T18:22:34.136Z] [INFO] HTTP GET /health | {"method":"GET","url":"/health","statusCode":200}
[2026-05-17T18:22:37.319Z] [INFO] HTTP GET /health | {"method":"GET","url":"/health"}
[2026-05-17T18:22:37.320Z] [INFO] HTTP GET /health | {"method":"GET","url":"/health"}
[2026-05-17T18:22:37.320Z] [INFO] HTTP GET /health | {"method":"GET","url":"/health","statusCode":200,"duration":"1ms"}
[2026-05-17T18:22:37.320Z] [INFO] HTTP GET /health | {"method":"GET","url":"/health","statusCode":200}
[2026-05-17T18:23:04.377Z] [INFO] HTTP GET /health | {"method":"GET","url":"/health"}
[2026-05-17T18:23:04.377Z] [INFO] HTTP GET /health | {"method":"GET","url":"/health","statusCode":200}
[2026-05-17T18:23:07.564Z] [INFO] HTTP GET /health | {"method":"GET","url":"/health"}
[2026-05-17T18:23:07.564Z] [INFO] HTTP GET /health | {"method":"GET","url":"/health"}
[2026-05-17T18:23:07.564Z] [INFO] HTTP GET /health | {"method":"GET","url":"/health","statusCode":200}
[2026-05-17T18:23:07.564Z] [INFO] HTTP GET /health | {"method":"GET","url":"/health","statusCode":200}
[2026-05-17T18:23:34.667Z] [INFO] HTTP GET /health | {"method":"GET","url":"/health"}
[2026-05-17T18:23:34.667Z] [INFO] HTTP GET /health | {"method":"GET","url":"/health","statusCode":200}
[2026-05-17T18:23:37.855Z] [INFO] HTTP GET /health | {"method":"GET","url":"/health"}
[2026-05-17T18:23:37.855Z] [INFO] HTTP GET /health | {"method":"GET","url":"/health"}
[2026-05-17T18:23:37.855Z] [INFO] HTTP GET /health | {"method":"GET","url":"/health","statusCode":200}
[2026-05-17T18:23:37.855Z] [INFO] HTTP GET /health | {"method":"GET","url":"/health","statusCode":200}
[2026-05-17T18:24:04.969Z] [INFO] HTTP GET /health | {"method":"GET","url":"/health"}
[2026-05-17T18:24:04.969Z] [INFO] HTTP GET /health | {"method":"GET","url":"/health","statusCode":200}
[2026-05-17T18:24:08.171Z] [INFO] HTTP GET /health | {"method":"GET","url":"/health"}
[2026-05-17T18:24:08.171Z] [INFO] HTTP GET /health | {"method":"GET","url":"/health"}
[2026-05-17T18:24:08.171Z] [INFO] HTTP GET /health | {"method":"GET","url":"/health","statusCode":200}
[2026-05-17T18:24:08.171Z] [INFO] HTTP GET /health | {"method":"GET","url":"/health","statusCode":200}
[2026-05-17T18:24:35.200Z] [INFO] HTTP GET /health | {"method":"GET","url":"/health"}
[2026-05-17T18:24:35.200Z] [INFO] HTTP GET /health | {"method":"GET","url":"/health","statusCode":200}
[2026-05-17T18:24:38.383Z] [INFO] HTTP GET /health | {"method":"GET","url":"/health"}
[2026-05-17T18:24:38.383Z] [INFO] HTTP GET /health | {"method":"GET","url":"/health"}
[2026-05-17T18:24:38.383Z] [INFO] HTTP GET /health | {"method":"GET","url":"/health","statusCode":200}
[2026-05-17T18:24:38.383Z] [INFO] HTTP GET /health | {"method":"GET","url":"/health","statusCode":200,"duration":"1ms"}
[2026-05-17T18:25:05.435Z] [INFO] HTTP GET /health | {"method":"GET","url":"/health"}
[2026-05-17T18:25:05.435Z] [INFO] HTTP GET /health | {"method":"GET","url":"/health","statusCode":200}
[2026-05-17T18:25:08.613Z] [INFO] HTTP GET /health | {"method":"GET","url":"/health"}
[2026-05-17T18:25:08.613Z] [INFO] HTTP GET /health | {"method":"GET","url":"/health"}
[2026-05-17T18:25:08.613Z] [INFO] HTTP GET /health | {"method":"GET","url":"/health","statusCode":200}
[2026-05-17T18:25:08.613Z] [INFO] HTTP GET /health | {"method":"GET","url":"/health","statusCode":200}
[2026-05-17T18:25:35.702Z] [INFO] HTTP GET /health | {"method":"GET","url":"/health"}
[2026-05-17T18:25:35.702Z] [INFO] HTTP GET /health | {"method":"GET","url":"/health","statusCode":200}
[2026-05-17T18:25:38.850Z] [INFO] HTTP GET /health | {"method":"GET","url":"/health"}
[2026-05-17T18:25:38.850Z] [INFO] HTTP GET /health | {"method":"GET","url":"/health"}
[2026-05-17T18:25:38.850Z] [INFO] HTTP GET /health | {"method":"GET","url":"/health","statusCode":200,"duration":"1ms"}
[2026-05-17T18:25:38.850Z] [INFO] HTTP GET /health | {"method":"GET","url":"/health","statusCode":200,"duration":"1ms"}
[2026-05-17T18:26:06.093Z] [INFO] HTTP GET /health | {"method":"GET","url":"/health"}
[2026-05-17T18:26:06.094Z] [INFO] HTTP GET /health | {"method":"GET","url":"/health","statusCode":200,"duration":"1ms"}
[2026-05-17T18:26:09.231Z] [INFO] HTTP GET /health | {"method":"GET","url":"/health"}
[2026-05-17T18:26:09.231Z] [INFO] HTTP GET /health | {"method":"GET","url":"/health"}
[2026-05-17T18:26:09.231Z] [INFO] HTTP GET /health | {"method":"GET","url":"/health","statusCode":200}
[2026-05-17T18:26:09.232Z] [INFO] HTTP GET /health | {"method":"GET","url":"/health","statusCode":200,"duration":"1ms"}
[2026-05-17T18:26:36.283Z] [INFO] HTTP GET /health | {"method":"GET","url":"/health"}
[2026-05-17T18:26:36.283Z] [INFO] HTTP GET /health | {"method":"GET","url":"/health","statusCode":200}
[2026-05-17T18:26:39.402Z] [INFO] HTTP GET /health | {"method":"GET","url":"/health"}
[2026-05-17T18:26:39.402Z] [INFO] HTTP GET /health | {"method":"GET","url":"/health"}
[2026-05-17T18:26:39.402Z] [INFO] HTTP GET /health | {"method":"GET","url":"/health","statusCode":200}
[2026-05-17T18:26:39.402Z] [INFO] HTTP GET /health | {"method":"GET","url":"/health","statusCode":200}
[2026-05-17T18:27:06.337Z] [INFO] HTTP GET /health | {"method":"GET","url":"/health"}
[2026-05-17T18:27:06.337Z] [INFO] HTTP GET /health | {"method":"GET","url":"/health","statusCode":200}
[2026-05-17T18:27:09.456Z] [INFO] HTTP GET /health | {"method":"GET","url":"/health"}
[2026-05-17T18:27:09.456Z] [INFO] HTTP GET /health | {"method":"GET","url":"/health"}
[2026-05-17T18:27:09.456Z] [INFO] HTTP GET /health | {"method":"GET","url":"/health","statusCode":200}
[2026-05-17T18:27:09.456Z] [INFO] HTTP GET /health | {"method":"GET","url":"/health","statusCode":200}
[2026-05-17T18:27:38.101Z] [INFO] HTTP GET /health | {"method":"GET","url":"/health"}
[2026-05-17T18:27:38.101Z] [INFO] HTTP GET /health | {"method":"GET","url":"/health","statusCode":200}
[2026-05-17T18:27:41.210Z] [INFO] HTTP GET /health | {"method":"GET","url":"/health"}
[2026-05-17T18:27:41.210Z] [INFO] HTTP GET /health | {"method":"GET","url":"/health"}
[2026-05-17T18:27:41.210Z] [INFO] HTTP GET /health | {"method":"GET","url":"/health","statusCode":200}
[2026-05-17T18:27:41.211Z] [INFO] HTTP GET /health | {"method":"GET","url":"/health","statusCode":200}
[2026-05-17T18:28:08.320Z] [INFO] HTTP GET /health | {"method":"GET","url":"/health"}
[2026-05-17T18:28:08.320Z] [INFO] HTTP GET /health | {"method":"GET","url":"/health","statusCode":200}
[2026-05-17T18:28:11.426Z] [INFO] HTTP GET /health | {"method":"GET","url":"/health"}
[2026-05-17T18:28:11.426Z] [INFO] HTTP GET /health | {"method":"GET","url":"/health"}
[2026-05-17T18:28:11.426Z] [INFO] HTTP GET /health | {"method":"GET","url":"/health","statusCode":200}
[2026-05-17T18:28:11.426Z] [INFO] HTTP GET /health | {"method":"GET","url":"/health","statusCode":200}
[2026-05-17T18:28:45.618Z] [INFO] HTTP GET /health | {"method":"GET","url":"/health"}
[2026-05-17T18:28:45.619Z] [INFO] HTTP GET /health | {"method":"GET","url":"/health","statusCode":200,"duration":"1ms"}
[2026-05-17T18:28:48.729Z] [INFO] HTTP GET /health | {"method":"GET","url":"/health"}
[2026-05-17T18:28:48.729Z] [INFO] HTTP GET /health | {"method":"GET","url":"/health"}
[2026-05-17T18:28:48.730Z] [INFO] HTTP GET /health | {"method":"GET","url":"/health","statusCode":200,"duration":"1ms"}
[2026-05-17T18:28:48.730Z] [INFO] HTTP GET /health | {"method":"GET","url":"/health","statusCode":200,"duration":"1ms"}
[2026-05-17T18:29:20.736Z] [INFO] HTTP GET /health | {"method":"GET","url":"/health"}
[2026-05-17T18:29:20.736Z] [INFO] HTTP GET /health | {"method":"GET","url":"/health","statusCode":200}
[2026-05-17T18:29:23.850Z] [INFO] HTTP GET /health | {"method":"GET","url":"/health"}
[2026-05-17T18:29:23.851Z] [INFO] HTTP GET /health | {"method":"GET","url":"/health","statusCode":200}
[2026-05-17T18:29:23.851Z] [INFO] HTTP GET /health | {"method":"GET","url":"/health"}
[2026-05-17T18:29:23.851Z] [INFO] HTTP GET /health | {"method":"GET","url":"/health","statusCode":200,"duration":"1ms"}
[2026-05-17T18:30:33.280Z] [INFO] HTTP GET /health | {"method":"GET","url":"/health"}
[2026-05-17T18:30:33.280Z] [INFO] HTTP GET /health | {"method":"GET","url":"/health","statusCode":200}
[2026-05-17T18:30:36.409Z] [INFO] HTTP GET /health | {"method":"GET","url":"/health"}
[2026-05-17T18:30:36.409Z] [INFO] HTTP GET /health | {"method":"GET","url":"/health","statusCode":200}
[2026-05-17T18:30:36.410Z] [INFO] HTTP GET /health | {"method":"GET","url":"/health"}
[2026-05-17T18:30:36.410Z] [INFO] HTTP GET /health | {"method":"GET","url":"/health","statusCode":200}
[2026-05-17T18:35:16.911Z] [INFO] HTTP GET /health | {"method":"GET","url":"/health"}
[2026-05-17T18:35:16.911Z] [INFO] HTTP GET /health | {"method":"GET","url":"/health","statusCode":200}
[2026-05-17T18:35:20.042Z] [INFO] HTTP GET /health | {"method":"GET","url":"/health"}
[2026-05-17T18:35:20.042Z] [INFO] HTTP GET /health | {"method":"GET","url":"/health"}
[2026-05-17T18:35:20.042Z] [INFO] HTTP GET /health | {"method":"GET","url":"/health","statusCode":200}
[2026-05-17T18:35:20.043Z] [INFO] HTTP GET /health | {"method":"GET","url":"/health","statusCode":200,"duration":"1ms"}
[2026-05-17T19:33:55.118Z] [INFO] HTTP GET /health | {"method":"GET","url":"/health"}
[2026-05-17T19:33:55.118Z] [INFO] HTTP GET /health | {"method":"GET","url":"/health","statusCode":200,"duration":"1ms"}
[2026-05-17T19:33:58.273Z] [INFO] HTTP GET /health | {"method":"GET","url":"/health"}
[2026-05-17T19:33:58.273Z] [INFO] HTTP GET /health | {"method":"GET","url":"/health"}
[2026-05-17T19:33:58.274Z] [INFO] HTTP GET /health | {"method":"GET","url":"/health","statusCode":200,"duration":"1ms"}
[2026-05-17T19:33:58.274Z] [INFO] HTTP GET /health | {"method":"GET","url":"/health","statusCode":200,"duration":"1ms"}
[2026-05-17T20:24:51.822Z] [INFO] HTTP GET /health | {"method":"GET","url":"/health"}
[2026-05-17T20:24:51.822Z] [INFO] HTTP GET /health | {"method":"GET","url":"/health","statusCode":200}
[2026-05-17T20:24:54.962Z] [INFO] HTTP GET /health | {"method":"GET","url":"/health"}
[2026-05-17T20:24:54.962Z] [INFO] HTTP GET /health | {"method":"GET","url":"/health","statusCode":200}
[2026-05-17T20:24:54.963Z] [INFO] HTTP GET /health | {"method":"GET","url":"/health"}
[2026-05-17T20:24:54.963Z] [INFO] HTTP GET /health | {"method":"GET","url":"/health","statusCode":200}
[2026-05-17T20:50:58.008Z] [INFO] HTTP GET /health | {"method":"GET","url":"/health"}
[2026-05-17T20:50:58.009Z] [INFO] HTTP GET /health | {"method":"GET","url":"/health","statusCode":200,"duration":"1ms"}
[2026-05-17T20:51:01.152Z] [INFO] HTTP GET /health | {"method":"GET","url":"/health"}
[2026-05-17T20:51:01.152Z] [INFO] HTTP GET /health | {"method":"GET","url":"/health"}
[2026-05-17T20:51:01.152Z] [INFO] HTTP GET /health | {"method":"GET","url":"/health","statusCode":200}
[2026-05-17T20:51:01.152Z] [INFO] HTTP GET /health | {"method":"GET","url":"/health","statusCode":200}
[2026-05-17T21:17:10.687Z] [INFO] HTTP GET /health | {"method":"GET","url":"/health"}
[2026-05-17T21:17:10.687Z] [INFO] HTTP GET /health | {"method":"GET","url":"/health","statusCode":200}
[2026-05-17T21:17:13.844Z] [INFO] HTTP GET /health | {"method":"GET","url":"/health"}
[2026-05-17T21:17:13.844Z] [INFO] HTTP GET /health | {"method":"GET","url":"/health"}
[2026-05-17T21:17:13.844Z] [INFO] HTTP GET /health | {"method":"GET","url":"/health","statusCode":200}
[2026-05-17T21:17:13.844Z] [INFO] HTTP GET /health | {"method":"GET","url":"/health","statusCode":200}
[2026-05-17T22:25:58.369Z] [INFO] HTTP GET /health | {"method":"GET","url":"/health"}
[2026-05-17T22:25:58.370Z] [INFO] HTTP GET /health | {"method":"GET","url":"/health","statusCode":200}
[2026-05-17T22:26:01.527Z] [INFO] HTTP GET /health | {"method":"GET","url":"/health"}
[2026-05-17T22:26:01.528Z] [INFO] HTTP GET /health | {"method":"GET","url":"/health"}
[2026-05-17T22:26:01.528Z] [INFO] HTTP GET /health | {"method":"GET","url":"/health","statusCode":200}
[2026-05-17T22:26:01.527Z] [INFO] HTTP GET /health | {"method":"GET","url":"/health","statusCode":200,"duration":"1ms"}
[2026-05-17T23:49:52.360Z] [INFO] HTTP GET /health | {"method":"GET","url":"/health"}
[2026-05-17T23:49:52.360Z] [INFO] HTTP GET /health | {"method":"GET","url":"/health","statusCode":200}
[2026-05-17T23:49:55.521Z] [INFO] HTTP GET /health | {"method":"GET","url":"/health"}
[2026-05-17T23:49:55.521Z] [INFO] HTTP GET /health | {"method":"GET","url":"/health","statusCode":200}
[2026-05-17T23:49:55.522Z] [INFO] HTTP GET /health | {"method":"GET","url":"/health"}
[2026-05-17T23:49:55.522Z] [INFO] HTTP GET /health | {"method":"GET","url":"/health","statusCode":200,"duration":"1ms"}
